ADDRESS,DATE_OF_OFFENSE,TIME_OF_OFFENSE,DATE_OFFENSE_RECORDED,REPORT_YEAR,MONTH,POLICE_DISTRICT,WARD,TYPE_OF_HATE_BIAS,TARGETED_GROUP,TOP_OFFENSE_TYPE,MAR_LATITUDE,MAR_LONGITUDE,YEAR,DAY_OF_WEEK,MONTH_NAME
3rd St NW and Q St NW,2013-01-13 05:00:00+00:00,1808-1809,2013/01/13 05:00:00+00,2013,1,5D,Ward 5,Sexual Orientation,,Simple Assault,38.91112116,-77.01518281,2013,Sunday,January
600 block of Tewkesbury Pl NW,2013-02-05 05:00:00+00:00,2200,2013/02/07 05:00:00+00,2013,2,4D,Ward 4,Religion,Jewish,Damage/Defacing/Destruction of Property,38.96793325,-77.02180525,2013,Tuesday,February
800 block of Mt Vernon Pl NW,2013-02-09 05:00:00+00:00,1400-1405,2013/02/09 05:00:00+00,2013,2,3D,Ward 2,Sexual Orientation,,Simple Assault,38.90294301,-77.02298125,2013,Saturday,February
3800 block of South Capitol St SE,2013-02-22 05:00:00+00:00,1440-1448,2013/02/22 05:00:00+00,2013,2,7D,Ward 8,Gender Identity/Expression,,ADW,38.83466991,-77.00809011,2013,Friday,February
1400 block of U St NW,2013-03-03 05:00:00+00:00,0159-0200,2013/03/03 05:00:00+00,2013,3,3D,Ward 1/Ward 2,Sexual Orientation,,Simple Assault,38.9169968,-77.03324151,2013,Sunday,March
1700 block of Columbia Rd NW,2013-03-11 04:00:00+00:00,2034,2013/03/11 04:00:00+00,2013,3,3D,Ward 1,Sexual Orientation,,Threats,38.92465629,-77.03965317,2013,Monday,March
2800 block of Texas Ave SE Apt B5,2013-03-12 04:00:00+00:00,1400,2013/03/12 04:00:00+00,2013,3,6D,Ward 7,Sexual Orientation,,Threats,38.86765032,-76.9672332,2013,Tuesday,March
1900 block of 3rd St NW,2013-03-14 04:00:00+00:00,2249-2250,2013/03/14 04:00:00+00,2013,3,3D,Ward 1,Sexual Orientation,,Simple Assault,38.91650365,-77.01581803,2013,Thursday,March
800 block of H St NE,2013-03-20 04:00:00+00:00,1737,2013/03/20 04:00:00+00,2013,3,1D,Ward 6,Gender Identity/Expression,,Simple Assault,38.90020218,-76.99435924,2013,Wednesday,March
9th St NW and U St NW,2013-03-23 04:00:00+00:00,0210-0215,2013/03/23 04:00:00+00,2013,3,3D,Ward 1,Sexual Orientation,,Simple Assault,38.91699015,-77.0239553,2013,Saturday,March
1700 block of Columbia Rd NW,2013-04-06 04:00:00+00:00,0124,2013/04/06 04:00:00+00,2013,4,3D,Ward 1,Race,Asian,Simple Assault,38.92465629,-77.03965317,2013,Saturday,April
4400 block of Texas Ave SE,2013-04-10 04:00:00+00:00,1904,2013/04/10 04:00:00+00,2013,4,6D,Ward 7,Ethnicity/National Origin,Latino/Hispanic,ADW,38.88413816,-76.94114016,2013,Wednesday,April
Howard Rd SE and Martin Luther King Jr Ave SE,2013-04-10 04:00:00+00:00,1044,2013/04/10 04:00:00+00,2013,4,7D,Ward 8,Sexual Orientation,,Simple Assault,38.86150221,-76.99379601,2013,Wednesday,April
1300 block of 14th St NW,2013-04-25 04:00:00+00:00,5300,2013/04/25 04:00:00+00,2013,4,3D,Ward 2,Sexual Orientation,,Robbery,38.90803854,-77.03195018,2013,Thursday,April
11th St NW and Rhode Island Ave NW,2013-05-03 04:00:00+00:00,1800,2013/05/05 04:00:00+00,2013,5,3D,Ward 2,Sexual Orientation,,Damage/Defacing/Destruction of Property,38.9105479,-77.02703942,2013,Friday,May
1600 block of Maryland Ave NE,2013-05-12 04:00:00+00:00,1800-1900,2013/05/14 04:00:00+00,2013,5,5D,Ward 5,Sexual Orientation,,Simple Assault,38.9015468,-76.97993763,2013,Sunday,May
500 block of 17th St NE,2013-05-21 04:00:00+00:00,0115-0118,2013/05/21 04:00:00+00,2013,5,5D,Ward 7,Race,White,Simple Assault,38.89643022,-76.98040974,2013,Tuesday,May
1800 block of New Hampshire Ave NW,2013-06-01 04:00:00+00:00,0215,2013/06/01 04:00:00+00,2013,6,3D,Ward 2,Sexual Orientation,,Robbery,38.91431655,-77.0390619,2013,Saturday,June
1300 block of 49th St NE,2013-06-04 04:00:00+00:00,1800,2013/06/04 04:00:00+00,2013,6,6D,Ward 7,Sexual Orientation,,Simple Assault,38.90786564,-76.93166221,2013,Tuesday,June
5200 block of Cloud Pl NE,2013-06-07 04:00:00+00:00,1957,2013/06/07 04:00:00+00,2013,6,6D,Ward 7,Race,White,Threats,38.89435783,-76.92601445,2013,Friday,June
3800 block of 1st St SE,2013-06-13 04:00:00+00:00,1825-1830,2013/06/13 04:00:00+00,2013,6,7D,Ward 8,Sexual Orientation,,Simple Assault,38.83374686,-77.00588449,2013,Thursday,June
500 block of Massachusetts Ave NW,2013-06-14 04:00:00+00:00,2123-2124,2013/06/14 04:00:00+00,2013,6,1D,Ward 2,Sexual Orientation,,Simple Assault,38.90122147,-77.0192033,2013,Friday,June
16th St SE and Good Hope Rd SE,2013-06-15 04:00:00+00:00,1248,2013/06/15 04:00:00+00,2013,6,7D,Ward 8,Sexual Orientation,,Simple Assault,38.86624683,-76.98222709,2013,Saturday,June
1500 block of Tinidad Ave NE,2013-06-20 04:00:00+00:00,1841-1855,2013/06/20 04:00:00+00,2013,6,5D,Ward 5,Race,White,Threats,38.90548246,-76.98467197,2013,Thursday,June
1800 block of 14th St NW,2013-06-24 04:00:00+00:00,2100,2013/06/24 04:00:00+00,2013,6,3D,Ward 2,Gender Identity/Expression,,Simple Assault,38.91446221,-77.03195329,2013,Monday,June
500 block of Eastern Ave NE,2013-06-27 04:00:00+00:00,0535-0536,2013/06/27 04:00:00+00,2013,6,6D,Ward 7,Gender Identity/Expression,,ADW,38.89629157,-76.91376529,2013,Thursday,June
2300 block of Good Hope Rd SE,2013-07-03 04:00:00+00:00,2030-2040,2013/07/03 04:00:00+00,2013,7,7D,Ward 8,Sexual Orientation,,ADW,38.86353456,-76.97397204,2013,Wednesday,July
400 block of K St NW,2013-07-07 04:00:00+00:00,1810-1200,2013/07/08 04:00:00+00,2013,7,1D,Ward 6,Race,Black,Threats,38.90252002,-77.01691684,2013,Sunday,July
1300 block of H St NW,2013-07-09 04:00:00+00:00,1345,2013/07/09 04:00:00+00,2013,7,2D,Ward 2,Race,Multiple,Threats,38.89982776,-77.03001819,2013,Tuesday,July
14th St NW and W St NW,2013-07-11 04:00:00+00:00,2155-2215,2013/07/11 04:00:00+00,2013,7,3D,Ward 1,Sexual Orientation,,ADW,38.91918483,-77.03195149,2013,Thursday,July
1300 block of U Street NW,2013-07-14 04:00:00+00:00,0219,2013/07/14 04:00:00+00,2013,7,3D,Ward 1,Race,White,Simple Assault,38.91700008,-77.03078611,2013,Sunday,July
2300 block of Champlain St NW,2013-07-14 04:00:00+00:00,0248,2013/07/14 04:00:00+00,2013,7,3D,Ward 1,Race,Black,Simple Assault,38.92161694,-77.04129843,2013,Sunday,July
2100 block of 18th St NW,2013-07-21 04:00:00+00:00,0418,2013/07/21 04:00:00+00,2013,7,3D,Ward 1,Race,White,ADW,38.9182812,-77.04168083,2013,Sunday,July
600 block of H St NW,2013-07-26 04:00:00+00:00,2340-2349,2013/07/26 04:00:00+00,2013,7,1D,Ward 2,Gender Identity/Expression,,Simple Assault,38.89981191,-77.0209122,2013,Friday,July
1700 block of Euclid St NW,2013-07-27 04:00:00+00:00,0126,2013/07/27 04:00:00+00,2013,7,3D,Ward 1,Race,White,Robbery,38.92313777,-77.03961023,2013,Saturday,July
1st ST NE and Pierce St NE,2013-08-01 04:00:00+00:00,2100-2105,2013/08/02 04:00:00+00,2013,8,1D,Ward 6,Sexual Orientation,,Damage/Defacing/Destruction of Property,38.90468689,-77.00588564,2013,Thursday,August
Georgia Ave NW and Upshur St NW,2013-08-04 04:00:00+00:00,1100-1101,2013/08/04 04:00:00+00,2013,8,4D,Ward 4,Gender Identity/Expression,,ADW,38.94187258,-77.0255143,2013,Sunday,August
1400 block of V St NW,2013-08-24 04:00:00+00:00,0051,2013/08/24 04:00:00+00,2013,8,3D,Ward 1,Gender Identity/Expression,,ADW,38.91811437,-77.03324134,2013,Saturday,August
4500 block of Benning Rd SE,2013-09-03 04:00:00+00:00,2133,2013/09/03 04:00:00+00,2013,9,6D,Ward 7,Ethnicity/National Origin,Asian,Simple Assault,38.88909391,-76.93725137,2013,Tuesday,September
600 block of H St NW,2013-09-08 04:00:00+00:00,1555-1559,2013/09/08 04:00:00+00,2013,9,1D,Ward 2,Race,Asian,Simple Assault,38.89981191,-77.0209122,2013,Sunday,September
2000 block of 2nd St NE,2013-09-14 04:00:00+00:00,0150,2013/09/14 04:00:00+00,2013,9,5D,Ward 5,Sexual Orientation,,Simple Assault,38.91727614,-77.00351095,2013,Saturday,September
2600 block of Connecticut Ave NW,2013-09-17 04:00:00+00:00,13-133719,2013/09/17 04:00:00+00,2013,9,2D,Ward 3,Religion,Jewish,Damage/Defacing/Destruction of Property,38.92419981,-77.05190312,2013,Tuesday,September
2600 block of Stanton Rd SE,2013-10-08 04:00:00+00:00,2230-2238,2013/10/08 04:00:00+00,2013,10,7D,Ward 8,Sexual Orientation,,Robbery,38.85842305,-76.99254238,2013,Tuesday,October
5300 block of E St SE,2013-10-17 04:00:00+00:00,1643,2013/10/17 04:00:00+00,2013,10,6D,Ward 7,Sexual Orientation,,Damage/Defacing/Destruction of Property,38.88184753,-76.92561776,2013,Thursday,October
Harvard St NW and Sherman Ave NW,2013-10-19 04:00:00+00:00,0030,2013/10/19 04:00:00+00,2013,10,3D,Ward 1,Sexual Orientation,,ADW,38.92685376,-77.0259392,2013,Saturday,October
1100 block of Pennsylvania Ave SE,2013-10-26 04:00:00+00:00,1500,2013/10/26 04:00:00+00,2013,10,1D,Ward 6,Gender Identity/Expression,,Simple Assault,38.88251996,-76.99088681,2013,Saturday,October
7th St NW and Mount Vernon Pl NW,2013-10-26 04:00:00+00:00,0228,2013/10/26 04:00:00+00,2013,10,3D,Ward 6,Gender Identity/Expression,,Simple Assault,38.90293884,-77.02191907,2013,Saturday,October
2100 block of 16th St NW,2013-12-18 05:00:00+00:00,1951,2013/12/18 05:00:00+00,2013,12,3D,Ward 1,Race,Black,Simple Assault,38.91862967,-77.03649845,2013,Wednesday,December
400 block of Xenia St SE,2013-12-19 05:00:00+00:00,0815-0820,2013/12/19 05:00:00+00,2013,12,7D,Ward 8,Race,Unspecified,ADW,38.8330166,-76.99971667,2013,Thursday,December
2400 block of Alabama Ave SE,2014-01-03 05:00:00+00:00,0242,2014/01/01 05:00:00+00,2014,1,7D,Ward 8,Sexual Orientation,,Robbery,38.85165875,-76.97135406,2014,Friday,January
5300 block of RockCreek Church Rd NE,2014-01-26 05:00:00+00:00,0129-0140,2014/01/26 05:00:00+00,2014,1,4D,Ward 5,Sexual Orientation,,Simple Assault,38.95428241,-77.0073494,2014,Sunday,January
Unit block of 7th St NE,2014-02-03 05:00:00+00:00,1525-1558,2014/02/03 05:00:00+00,2014,2,1D,Ward 6,Political Affiliation,,Threats,38.89037007,-76.99617131,2014,Monday,February
3600 block of Calvert St NW,2014-02-04 05:00:00+00:00,0900-1200,2014/02/04 05:00:00+00,2014,2,2D,Ward 3,Sexual Orientation,,Damage/Defacing/Destruction of Property,38.92254601,-77.07189583,2014,Tuesday,February
400 block of 2nd St NW,2014-02-07 05:00:00+00:00,0650-0653,2014/02/07 05:00:00+00,2014,2,1D,Ward 6,Gender Identity/Expression,,Simple Assault,38.89543686,-77.01478638,2014,Friday,February
1100 block of Connecticut Ave NW,2014-02-12 05:00:00+00:00,1000-1005,2014/02/12 05:00:00+00,2014,2,2D,Ward 2,Sexual Orientation,,Simple Assault,38.90423795,-77.0402985,2014,Wednesday,February
Unit block of Channing St NW,2014-02-18 05:00:00+00:00,2135-2140,2014/02/18 05:00:00+00,2014,2,3D,Ward 5,Sexual Orientation,,Threats,38.92237244,-77.01059508,2014,Tuesday,February
1300 block of Connecticut Ave NW,2014-02-20 05:00:00+00:00,2233,2014/02/20 05:00:00+00,2014,2,2D,Ward 2,Religion,Muslim,Damage/Defacing/Destruction of Property,38.90992743,-77.04360696,2014,Thursday,February
24th St NW and Pennsylvania Ave NW,2014-02-21 05:00:00+00:00,0150-0154,2014/02/21 05:00:00+00,2014,2,2D,Ward 2,Sexual Orientation,,Simple Assault,38.90297745,-77.05141648,2014,Friday,February
200 block of Upshur St NW,2014-02-23 05:00:00+00:00,1700-1711,2014/02/23 05:00:00+00,2014,2,4D,Ward 4,Disability,,Simple Assault,38.94218884,-77.01454612,2014,Sunday,February
1100 block of Summer Rd SE,2014-02-26 05:00:00+00:00,2019,2014/02/26 05:00:00+00,2014,2,7D,Ward 8,Sexual Orientation,,Simple Assault,38.86077206,-76.99756691,2014,Wednesday,February
4700 block of Blagden Terrace NW,2014-03-03 05:00:00+00:00,1700,2014/03/03 05:00:00+00,2014,3,4D,Ward 4,Sexual Orientation,,Sexual Abuse,38.94839812,-77.04015781,2014,Monday,March
5900 block of Georgia Ave NW,2014-03-16 04:00:00+00:00,1601-1615,2014/03/16 04:00:00+00,2014,3,4D,Ward 4,Sexual Orientation,,Simple Assault,38.96197956,-77.02794983,2014,Sunday,March
1400 block of Congress Pl SE,2014-03-18 04:00:00+00:00,1920-1929,2014/03/18 04:00:00+00,2014,3,7D,Ward 8,Gender Identity/Expression,,Threats,38.8468515,-76.9837878,2014,Tuesday,March
5200 block of F St SE,2014-04-14 04:00:00+00:00,1845-1850,2014/04/14 04:00:00+00,2014,4,6D,Ward 7,Gender Identity/Expression,,ADW,38.88147275,-76.92801227,2014,Monday,April
600 block of Michigan Ave NE,2014-04-15 04:00:00+00:00,1455-1500,2014/04/15 04:00:00+00,2014,4,5D,Ward 5,Gender Identity/Expression,,Robbery,38.93280757,-76.99703843,2014,Tuesday,April
1700 block of U St NW,2014-04-19 04:00:00+00:00,1900-1901,2014/04/19 04:00:00+00,2014,4,3D,Ward 1/Ward 2,Sexual Orientation,,Simple Assault,38.91700401,-77.03984817,2014,Saturday,April
2400 block of Virginia Ave NW,2014-04-22 04:00:00+00:00,1725,2014/04/22 04:00:00+00,2014,4,2D,Ward 2,Homelessness,,Simple Assault,38.89804837,-77.05179937,2014,Tuesday,April
1400 block of K St NW,2014-05-12 04:00:00+00:00,1700-1910,2014/05/13 04:00:00+00,2014,5,2D,Ward 2,Religion,Jewish,Damage/Defacing/Destruction of Property,38.90252277,-77.03279345,2014,Monday,May
3400 block of 14th St NW,2014-05-15 04:00:00+00:00,0150-0153,2014/05/15 04:00:00+00,2014,5,4D,Ward 1,Gender Identity/Expression,,ADW,38.93160663,-77.03273555,2014,Thursday,May
1200 block of 25th St NW,2014-05-23 04:00:00+00:00,0439,2014/05/23 04:00:00+00,2014,5,2D,Ward 2,Race,White,Damage/Defacing/Destruction of Property,38.90623386,-77.05329615,2014,Friday,May
Unit block of Forrester St SW,2014-05-24 04:00:00+00:00,1248,2014/05/24 04:00:00+00,2014,5,7D,Ward 8,Sexual Orientation,,Simple Assault,38.82515117,-77.00727323,2014,Saturday,May
1300 block of Corcoran St NW,2014-05-24 04:00:00+00:00,1520-1522,2014/05/24 04:00:00+00,2014,5,3D,Ward 2,Race,Black,Damage/Defacing/Destruction of Property,38.91186803,-77.0307854,2014,Saturday,May
1600 block of T St SE,2014-06-08 04:00:00+00:00,1500,2014/06/08 04:00:00+00,2014,6,6D,Ward 8,Sexual Orientation,,Threats,38.86726593,-76.98150102,2014,Sunday,June
400 block of New Jersey Ave SE,2014-06-10 04:00:00+00:00,1342-1722,2014/06/10 04:00:00+00,2014,6,1D,Ward 6,Religion,Muslim,Threats,38.88463789,-77.00710157,2014,Tuesday,June
5000 block of Georgia Ave NW,2014-06-18 04:00:00+00:00,2335-2338,2014/06/18 04:00:00+00,2014,6,4D,Ward 4,Race,Unspecified,ADW,38.95116997,-77.02733312,2014,Wednesday,June
3400 block of 14th St NW,2014-06-29 04:00:00+00:00,0226-0233,2014/06/29 04:00:00+00,2014,6,4D,Ward 1,Sexual Orientation,,Threats,38.93160663,-77.03273555,2014,Sunday,June
400 block of L St NW,2014-07-02 04:00:00+00:00,1500-1504,2014/07/02 04:00:00+00,2014,7,1D,Ward 6,Sexual Orientation,,Simple Assault,38.9037338,-77.01754994,2014,Wednesday,July
3700 block of Georgia Ave NW,2014-07-05 04:00:00+00:00,0305-0309,2014/07/05 04:00:00+00,2014,7,4D,Ward 4,Sexual Orientation,,ADW,38.93696915,-77.02439858,2014,Saturday,July
1300 block of New Hampshire Ave NW,2014-07-08 04:00:00+00:00,1155,2014/07/08 04:00:00+00,2014,7,2D,Ward 2,Religion,Jewish,Damage/Defacing/Destruction of Property,38.90765101,-77.04530051,2014,Tuesday,July
63rd St NE and Eastern Ave NE,2014-07-16 04:00:00+00:00,0509,2014/07/16 04:00:00+00,2014,7,6D,Ward 7,Gender Identity/Expression,,Threats,38.89400863,-76.91082174,2014,Wednesday,July
900 block of U St NW,2014-07-20 04:00:00+00:00,1844-1845,2014/07/20 04:00:00+00,2014,7,3D,Ward 1,Gender Identity/Expression,,Simple Assault,38.91699641,-77.02463447,2014,Sunday,July
2200 block of Savannah St SE,2014-07-25 04:00:00+00:00,0817,2014/07/25 04:00:00+00,2014,7,7D,Ward 8,Gender Identity/Expression,,ADW,38.84778199,-76.97190717,2014,Friday,July
100 block of 42nd St NE,2014-07-27 04:00:00+00:00,0333,2014/07/27 04:00:00+00,2014,7,6D,Ward 7,Gender Identity/Expression,,Threats,38.89241485,-76.94261136,2014,Sunday,July
1600 block of 17th St NW,2014-07-28 04:00:00+00:00,0255-0257,2014/07/28 04:00:00+00,2014,7,3D,Ward 2,Race,Black,Simple Assault,38.9114974,-77.03848454,2014,Monday,July
1300 block of Missouri Ave NW,2014-08-02 04:00:00+00:00,1541-1548,2014/08/02 04:00:00+00,2014,8,4D,Ward 4,Gender Identity/Expression,,Threats,38.96167228,-77.03084775,2014,Saturday,August
100 block of Longfellow St NW,2014-08-02 04:00:00+00:00,1311,2014/08/02 04:00:00+00,2014,8,4D,Ward 4,Race,Black,Simple Assault,38.95766092,-77.01211601,2014,Saturday,August
Mapleview Pl SE and Martin Luther King Jr Ave SE,2014-08-02 04:00:00+00:00,1620-1627,2014/08/02 04:00:00+00,2014,8,7D,Ward 8,Gender Identity/Expression,,Robbery,38.8638056,-76.99039693,2014,Saturday,August
1900 block of 14th St NW,2014-08-03 04:00:00+00:00,0420-0421,2014/08/03 04:00:00+00,2014,8,3D,Ward 1/Ward 2,Race,Black,Simple Assault,38.91592868,-77.0319536,2014,Sunday,August
600 block of 24th St NE,2014-08-11 04:00:00+00:00,1830-1839,2014/08/11 04:00:00+00,2014,8,5D,Ward 5,Sexual Orientation,,Simple Assault,38.8995544,-76.9723347,2014,Monday,August
1200 block of Queen St NE,2014-08-11 04:00:00+00:00,1000,2014/08/13 04:00:00+00,2014,8,5D,Ward 5,Ethnicity/National Origin,Asian,Damage/Defacing/Destruction of Property,38.90659976,-76.98608038,2014,Monday,August
100 block of Q St NW,2014-08-13 04:00:00+00:00,1935,2014/08/13 04:00:00+00,2014,8,3D,Ward 5,Gender Identity/Expression,,Simple Assault,38.9111208,-77.01367272,2014,Wednesday,August
1700 block of Euclid St NW,2014-08-15 04:00:00+00:00,0144-0200,2014/08/15 04:00:00+00,2014,8,3D,Ward 1,Sexual Orientation,,Simple Assault,38.92313777,-77.03961023,2014,Friday,August
5900 block of Georgia Ave NW,2014-09-05 04:00:00+00:00,0840-0845,2014/09/05 04:00:00+00,2014,9,4D,Ward 4,Sexual Orientation,,Simple Assault,38.96197956,-77.02794983,2014,Friday,September
33rd St NW and M St NW,2014-09-13 04:00:00+00:00,0034-0035,2014/09/13 04:00:00+00,2014,9,2D,Ward 2,Sexual Orientation,,ADW,38.90511008,-77.06604111,2014,Saturday,September
1200 block of Meigs Pl NE,2014-09-17 04:00:00+00:00,1300-1510,2014/09/17 04:00:00+00,2014,9,5D,Ward 5,Sexual Orientation,,Damage/Defacing/Destruction of Property,38.90773872,-76.98489505,2014,Wednesday,September
3600 block of 14th St NW,2014-09-20 04:00:00+00:00,0230-0317,2014/09/20 04:00:00+00,2014,9,4D,Ward 1,Gender Identity/Expression,,Simple Assault,38.93667092,-77.03273026,2014,Saturday,September
2300 block of Fairlawn Ave SE,2014-10-13 04:00:00+00:00,2255-2345,2014/10/13 04:00:00+00,2014,10,6D,Ward 7,Race,White,Damage/Defacing/Destruction of Property,38.87475089,-76.97186491,2014,Monday,October
5200 block of Loughboro Rd NW,2014-10-16 04:00:00+00:00,1906-1908,2014/10/16 04:00:00+00,2014,10,2D,Ward 3,Race,Black,Simple Assault,38.93573904,-77.10619468,2014,Thursday,October
7th St NW and G ST NW,2014-10-31 04:00:00+00:00,2350-2359,2014/11/01 04:00:00+00,2014,11,1D,Ward 2,Sexual Orientation,,Simple Assault,38.89844633,-77.02191439,2014,Friday,October
1600 block of Good Hope Rd SE,2014-11-02 04:00:00+00:00,1727-1945,2014/11/02 04:00:00+00,2014,11,7D,Ward 8,Sexual Orientation,,Simple Assault,38.86621888,-76.98207154,2014,Sunday,November
300 block of G St SW,2014-11-02 04:00:00+00:00,1000,2014/11/02 04:00:00+00,2014,11,1D,Ward 6,Race,White,Threats,38.88128935,-77.01637571,2014,Sunday,November
1100 block of 7th St NW,2014-11-02 04:00:00+00:00,2047,2014/11/03 05:00:00+00,2014,11,3D,Ward 2,Ethnicity/National Origin,Indian,Simple Assault,38.90490559,-77.02191568,2014,Sunday,November
1500 block of Park Rd NW,2014-11-13 05:00:00+00:00,1340-1509,2014/11/13 05:00:00+00,2014,11,3D,Ward 1,Race,Unspecified,ADW,38.93125048,-77.03540649,2014,Thursday,November
1600 block of K St NW,2014-11-15 05:00:00+00:00,0323-0330,2014/11/15 05:00:00+00,2014,11,2D,Ward 2,Sexual Orientation,,Simple Assault,38.90252504,-77.03752583,2014,Saturday,November
2300 block of Washington Pl NE,2015-01-11 05:00:00+00:00,1700-1710,2015/01/11 05:00:00+00,2015,1,5D,Ward 5,Sexual Orientation,,Damage/Defacing/Destruction of Property,38.92158471,-76.99375559,2015,Sunday,January
3900 block of Chesapeake St NW,2015-01-16 05:00:00+00:00,1622-1628,2015/01/16 05:00:00+00,2015,1,2D,Ward 3,Sexual Orientation,,Simple Assault,38.95072757,-77.07673285,2015,Friday,January
300 block of Indiana Ave NW,2015-01-18 05:00:00+00:00,1200-1220,2015/01/18 05:00:00+00,2015,1,1D,Ward 6,Sexual Orientation,,ADW,38.89481048,-77.01755282,2015,Sunday,January
3000 block of Van Ness St NW,2015-01-23 05:00:00+00:00,1730-0930,2015/01/24 05:00:00+00,2015,1,2D,Ward 3,Race,Black,Damage/Defacing/Destruction of Property,38.94315419,-77.06171259,2015,Friday,January
3100 block of 14th St NW,2015-02-05 05:00:00+00:00,1820-1821,2015/02/05 05:00:00+00,2015,2,3D,Ward 1,Gender Identity/Expression,,Simple Assault,38.92951689,-77.03272986,2015,Thursday,February
4800 block of Connecticut Ave NW,2015-02-13 05:00:00+00:00,2100-1445,2015/02/15 05:00:00+00,2015,2,2D,Ward 3,Race,Black,Damage/Defacing/Destruction of Property,38.952702,-77.06847388,2015,Friday,February
2600 block of Stanton Rd SE,2015-02-24 05:00:00+00:00,2025-2026,2015/02/24 05:00:00+00,2015,2,7D,Ward 8,Sexual Orientation,,Simple Assault,38.85842305,-76.99254238,2015,Tuesday,February
1200 block of Pleasant St SE,2015-03-13 04:00:00+00:00,1548,2015/03/14 04:00:00+00,2015,3,7D,Ward 8,Gender Identity/Expression,,Robbery,38.86384348,-76.98948395,2015,Friday,March
3100 block of K St NW,2015-03-19 04:00:00+00:00,1350-1400,2015/03/19 04:00:00+00,2015,3,2D,Ward 2,Sexual Orientation,,Threats,38.90259211,-77.06194485,2015,Thursday,March
1100 block of New Hampshire Ave NW,2015-03-22 04:00:00+00:00,1315-1318,2015/03/22 04:00:00+00,2015,3,2D,Ward 2,Sexual Orientation,,Simple Assault,38.90454908,-77.04821237,2015,Sunday,March
17th St NW and K St NW,2015-03-31 04:00:00+00:00,1230-1250,2015/04/01 04:00:00+00,2015,4,2D,Ward 2,Political Affiliation,,Theft,38.9025231,-77.03944583,2015,Tuesday,March
600 block of I St NW,2015-04-23 04:00:00+00:00,1530-1532,2015/04/23 04:00:00+00,2015,4,1D,Ward 2,Religion,Jewish,Threats,38.90086787,-77.02090986,2015,Thursday,April
1200 block of 20th St NW,2015-04-24 04:00:00+00:00,2120,2015/04/24 04:00:00+00,2015,4,2D,Ward 2,Political Affiliation,,Arson,38.90645035,-77.04489208,2015,Friday,April
20th ST NW and S St NW,2015-04-29 04:00:00+00:00,2335-2345,2015/05/02 04:00:00+00,2015,5,2D,Ward 2,Race,Black,Threats,38.91409081,-77.04487371,2015,Wednesday,April
900 block of G St NW,2015-05-12 04:00:00+00:00,0500-0505,2015/05/12 04:00:00+00,2015,5,2D,Ward 2,Gender Identity/Expression,,ADW,38.89831258,-77.02494803,2015,Tuesday,May
Florida Ave NE and Holbrook St NE,2015-05-13 04:00:00+00:00,0004-0015,2015/05/13 04:00:00+00,2015,5,5D,Ward 5/Ward 6,Sexual Orientation,,Simple Assault,38.90064819,-76.98517738,2015,Wednesday,May
4600 block of Wisconsin Ave NW,2015-05-23 04:00:00+00:00,1707-1708,2015/05/23 04:00:00+00,2015,5,2D,Ward 3,Race,Black,Simple Assault,38.9503734,-77.08055908,2015,Saturday,May
1800 block of New York Ave NE,2015-06-07 04:00:00+00:00,0243-0248,2015/06/07 04:00:00+00,2015,6,5D,Ward 5,Sexual Orientation,,Simple Assault,38.91728642,-76.97511255,2015,Sunday,June
3700 block of Hayes St NE,2015-06-12 04:00:00+00:00,1520-1525,2015/06/12 04:00:00+00,2015,6,6D,Ward 7,Sexual Orientation,,Simple Assault,38.9066616,-76.95281911,2015,Friday,June
1100 block of 18th St NW,2015-06-13 04:00:00+00:00,0430-0435,2015/06/13 04:00:00+00,2015,6,2D,Ward 2,Sexual Orientation,,Robbery,38.90469905,-77.04168558,2015,Saturday,June
1100 block of H St NE,2015-06-19 04:00:00+00:00,1525-1530,2015/06/19 04:00:00+00,2015,6,1D,Ward 6,Sexual Orientation,,Simple Assault,38.90020052,-76.99088302,2015,Friday,June
11th St SE and South Carolina Ave SE,2015-06-19 04:00:00+00:00,2010-2018,2015/06/19 04:00:00+00,2015,6,1D,Ward 6,Race,White,Simple Assault,38.88509785,-76.99152959,2015,Friday,June
1300 block of Columbia Rd NW,2015-07-12 04:00:00+00:00,2100-2105,2015/07/13 04:00:00+00,2015,7,3D,Ward 1,Sexual Orientation,,Threats,38.92758135,-77.03111187,2015,Sunday,July
2100 block of 12th St NW,2015-07-13 04:00:00+00:00,0650-0652,2015/07/13 04:00:00+00,2015,7,3D,Ward 1,Race,Black,Simple Assault,38.91864668,-77.02808299,2015,Monday,July
3900 block of Clay Pl NE,2015-07-16 04:00:00+00:00,1330-1347,2015/07/16 04:00:00+00,2015,7,6D,Ward 7,Sexual Orientation,,Robbery,38.89267711,-76.9489808,2015,Thursday,July
45th St NW and Massachusetts Ave NW,2015-07-26 04:00:00+00:00,1010-1028,2015/07/26 04:00:00+00,2015,7,2D,Ward 3,Race,Black,Damage/Defacing/Destruction of Property,38.94064487,-77.08964325,2015,Sunday,July
900 block of 3rd St NW,2015-08-15 04:00:00+00:00,1345-1355,2015/08/15 04:00:00+00,2015,8,1D,Ward 6,Gender Identity/Expression,,Simple Assault,38.90192355,-77.01517693,2015,Saturday,August
3200 block of Patterson St NW,2015-08-20 04:00:00+00:00,0846-1838,2015/08/31 04:00:00+00,2015,8,2D,Ward 4,Religion,Jewish,Damage/Defacing/Destruction of Property,38.96760969,-77.06512893,2015,Thursday,August
Unit block of M St SW,2015-09-01 04:00:00+00:00,0630-0730,2015/09/02 04:00:00+00,2015,9,6D,Ward 6,Sexual Orientation,,Sexual Abuse,38.87645954,-77.00949806,2015,Tuesday,September
4000 block of Minnesota Ave NE,2015-09-03 04:00:00+00:00,1135-1200,2015/09/03 04:00:00+00,2015,9,6D,Ward 7,Sexual Orientation,,Threats,38.89665588,-76.94764751,2015,Thursday,September
3900 block of Minnesota Ave NE,2015-09-04 04:00:00+00:00,1300-1335,2015/09/04 04:00:00+00,2015,9,6D,Ward 7,Sexual Orientation,,Threats,38.8935443,-76.95033389,2015,Friday,September
900 block of 25th St NW,2015-09-12 04:00:00+00:00,2400-2403,2015/09/12 04:00:00+00,2015,9,2D,Ward 2,Sexual Orientation,,Simple Assault,38.90161257,-77.05331045,2015,Saturday,September
400 block of K St NW,2015-09-14 04:00:00+00:00,1740-1745,2015/09/14 04:00:00+00,2015,9,1D,Ward 6,Race,White,Simple Assault,38.90252002,-77.01691684,2015,Monday,September
1900 block of M St SE,2015-09-15 04:00:00+00:00,1319-1530,2015/09/15 04:00:00+00,2015,9,1D,Ward 6,Race,Black,Robbery,38.87780943,-76.97924291,2015,Tuesday,September
3500 block of 13th St NW,2015-09-19 04:00:00+00:00,2330-1930,2015/09/23 04:00:00+00,2015,9,4D,Ward 1,Sexual Orientation,,Damage/Defacing/Destruction of Property,38.93346702,-77.02972533,2015,Saturday,September
1100 block of Owens Pl NE,2015-09-25 04:00:00+00:00,2237-2242,2015/09/25 04:00:00+00,2015,9,5D,Ward 5,Sexual Orientation,,Threats,38.90641224,-76.98890508,2015,Friday,September
1100 block of Harvard St NW,2015-10-01 04:00:00+00:00,2225-2230,2015/10/02 04:00:00+00,2015,10,3D,Ward 1,Sexual Orientation,,Robbery,38.92673941,-77.02837645,2015,Thursday,October
G St NW and Massachusetts Ave NW,2015-10-08 04:00:00+00:00,0500-1130,2015/10/08 04:00:00+00,2015,10,1D,Ward 6,Gender Identity/Expression,,Simple Assault,38.89832993,-77.01118151,2015,Thursday,October
K St NW and Washington Cir NW,2015-10-08 04:00:00+00:00,1134-1230,2015/10/08 04:00:00+00,2015,10,2D,Ward 2,Religion,Muslim,ADW,38.90252724,-77.05011286,2015,Thursday,October
20th ST NW and Q St NW,2015-10-13 04:00:00+00:00,1215-1216,2015/10/13 04:00:00+00,2015,10,2D,Ward 2,Race,Unspecified,Damage/Defacing/Destruction of Property,38.91112636,-77.0448877,2015,Tuesday,October
Vermont Ave NW and U St NW,2015-10-17 04:00:00+00:00,0305-0310,2015/10/17 04:00:00+00,2015,10,3D,Ward 1,Race,Black,Simple Assault,38.91699754,-77.02531363,2015,Saturday,October
Unit block of Galveston Pl SW,2015-10-21 04:00:00+00:00,2100-2105,2015/10/21 04:00:00+00,2015,10,7D,Ward 8,Sexual Orientation,,Robbery,38.82438671,-77.00971436,2015,Wednesday,October
13th St NW and G ST NW,2015-10-23 04:00:00+00:00,1640-1651,2015/10/23 04:00:00+00,2015,10,1D,Ward 2,Sexual Orientation,,Simple Assault,38.89831284,-77.02962002,2015,Friday,October
600 block of F St NW,2015-11-01 04:00:00+00:00,2245-2400,2015/11/01 04:00:00+00,2015,11,1D,Ward 2,Gender Identity/Expression,,ADW,38.89734272,-77.02091678,2015,Sunday,November
1400 block of L St NW,2015-11-06 05:00:00+00:00,1645-1655,2015/11/06 05:00:00+00,2015,11,2D,Ward 2,Race,Black,Threats,38.90373744,-77.03251351,2015,Friday,November
800 block of Florida Ave NW,2015-11-08 05:00:00+00:00,1453-1500,2015/11/08 05:00:00+00,2015,11,3D,Ward 1,Race,White,Robbery,38.91686837,-77.0234419,2015,Sunday,November
2400 block of 6th St NW,2015-11-11 05:00:00+00:00,1928-1929,2015/11/11 05:00:00+00,2015,11,3D,Ward 1,Race,Black,Threats,38.92368232,-77.02128477,2015,Wednesday,November
5300 block of Nevada Ave NW,2015-12-06 05:00:00+00:00,1520-1645,2015/12/06 05:00:00+00,2015,12,2D,Ward 3,Race,Black,Threats,38.9585702,-77.06557422,2015,Sunday,December
1400 block of Staples St NE,2015-12-10 05:00:00+00:00,1214-1214,2015/12/10 05:00:00+00,2015,12,5D,Ward 5,Race,White,Threats,38.90406893,-76.98378386,2015,Thursday,December
1000 block of Wisconsin Ave NW,2015-12-13 05:00:00+00:00,0032-0126,2015/12/13 05:00:00+00,2015,12,2D,Ward 2,Ethnicity/National Origin,Arab/Middle Eastern,Threats,38.90300705,-77.06276329,2015,Sunday,December
1100 block of 4th St SW,2016-01-01 05:00:00+00:00,0340-0350,2016/01/01 05:00:00+00,2016,1,1D,Ward 6,Sexual Orientation,,Simple Assault,38.87786661,-77.01763474,2016,Friday,January
3100 block of M St NW,2016-01-12 05:00:00+00:00,2000,2016/01/12 05:00:00+00,2016,1,2D,Ward 2,Ethnicity/National Origin,Unspecified,Simple Assault,38.90518541,-77.06199794,2016,Tuesday,January
2100 block of E St NW,2016-01-16 05:00:00+00:00,0001-0100,2016/01/19 05:00:00+00,2016,1,2D,Ward 2,Ethnicity/National Origin,Asian,Theft,38.89601815,-77.04734676,2016,Saturday,January
600 block of F St NW,2016-01-19 05:00:00+00:00,1930-1935,2016/01/19 05:00:00+00,2016,1,1D,Ward 2,Gender Identity/Expression,,Threats,38.89734272,-77.02091678,2016,Tuesday,January
4300 block of C St SE,2016-01-19 05:00:00+00:00,0000,2016/01/21 05:00:00+00,2016,1,6D,Ward 7,Sexual Orientation,,Voyeurism,38.88650846,-76.94580203,2016,Tuesday,January
600 block of F St NW,2016-01-28 05:00:00+00:00,0730-0800,2016/01/28 05:00:00+00,2016,1,1D,Ward 2,Sexual Orientation,,Robbery,38.89734272,-77.02091678,2016,Thursday,January
5200 block of E St SE,2016-02-07 05:00:00+00:00,2230-2235,2016/02/09 05:00:00+00,2016,2,6D,Ward 7,Gender Identity/Expression,,Simple Assault,38.88215151,-76.92786489,2016,Sunday,February
1900 block of R St NW,2016-02-13 05:00:00+00:00,0340-0350,2016/02/13 05:00:00+00,2016,2,2D,Ward 2,Ethnicity/National Origin,Latino/Hispanic,Robbery,38.91260486,-77.0441526,2016,Saturday,February
1800 block of R St NW,2016-02-25 05:00:00+00:00,1200-12205,2016/02/25 05:00:00+00,2016,2,2D,Ward 2,Religion,Jewish,Damage/Defacing/Destruction of Property,38.91260735,-77.04254828,2016,Thursday,February
800 block of 6th St NW,2016-02-26 05:00:00+00:00,0819-0835,2016/02/26 05:00:00+00,2016,2,1D,Ward 2,Race,Black,Simple Assault,38.90033899,-77.01991021,2016,Friday,February
600 block of Acker Pl NE,2016-03-06 05:00:00+00:00,2200-2300,2016/03/07 05:00:00+00,2016,3,1D,Ward 6,Sexual Orientation,,ADW,38.89672091,-76.99730679,2016,Sunday,March
1500 block of 16th St NW,2016-03-08 05:00:00+00:00,1000,2016/03/09 05:00:00+00,2016,3,2D,Ward 2,Religion,Jewish,Damage/Defacing/Destruction of Property,38.91001273,-77.03652298,2016,Tuesday,March
900 block of Rhode Island Ave NE,2016-03-15 04:00:00+00:00,1708-1715,2016/03/15 04:00:00+00,2016,3,5D,Ward 5,Sexual Orientation,,Simple Assault,38.9222166,-76.9931402,2016,Tuesday,March
4100 block of East Capitol St NE,2016-03-19 04:00:00+00:00,2400-2404,2016/03/19 04:00:00+00,2016,3,6D,Ward 7,Ethnicity/National Origin,Latino/Hispanic,Robbery,38.88977823,-76.94139416,2016,Saturday,March
900 block of Crittenden St NW,2016-03-22 04:00:00+00:00,0940,2016/03/22 04:00:00+00,2016,3,4D,Ward 4,Sexual Orientation,,Simple Assault,38.94720797,-77.02605528,2016,Tuesday,March
3100 block of 14th St NW,2016-03-25 04:00:00+00:00,1740,2016/03/25 04:00:00+00,2016,3,3D,Ward 1,Gender Identity/Expression,,Simple Assault,38.92951689,-77.03272986,2016,Friday,March
4300 block of Wisconsin Ave NW,2016-03-27 04:00:00+00:00,2020,2016/03/27 04:00:00+00,2016,3,2D,Ward 3,Ethnicity/National Origin,Latino/Hispanic,Threats,38.94513863,-77.07812667,2016,Sunday,March
5000 block of Hayes St NE,2016-04-04 04:00:00+00:00,1745-1746,2016/04/04 04:00:00+00,2016,4,6D,Ward 7,Sexual Orientation,,Threats,38.89970708,-76.92869726,2016,Monday,April
600 block of F St NW,2016-04-08 04:00:00+00:00,0100-0144,2016/04/08 04:00:00+00,2016,4,1D,Ward 2,Race,Black,Simple Assault,38.89734272,-77.02091678,2016,Friday,April
800 block of Florida Ave NE,2016-04-09 04:00:00+00:00,0355,2016/04/09 04:00:00+00,2016,4,5D,Ward 5/Ward 6,Religion,Jewish,Damage/Defacing/Destruction of Property,38.90451601,-76.99432777,2016,Saturday,April
2400 block of 18th St NW,2016-04-10 04:00:00+00:00,0100-0115,2016/04/10 04:00:00+00,2016,4,3D,Ward 1,Sexual Orientation,,Simple Assault,38.92162305,-77.04236546,2016,Sunday,April
800 block of Florida Ave NE,2016-04-15 04:00:00+00:00,0914,2016/04/15 04:00:00+00,2016,4,5D,Ward 6,Religion,Jewish,Damage/Defacing/Destruction of Property,38.90451601,-76.99432777,2016,Friday,April
3800 block of Georgia Ave NW,2016-04-20 04:00:00+00:00,1115,2016/05/04 04:00:00+00,2016,5,4D,Ward 4,Sexual Orientation,,Threats,38.93814839,-77.02458342,2016,Wednesday,April
600 block of Kenyon St NW,2016-04-21 04:00:00+00:00,2330-2400,2016/04/22 04:00:00+00,2016,4,4D,Ward 1,Religion,Muslim,Damage/Defacing/Destruction of Property,38.93002583,-77.02159286,2016,Thursday,April
1200 block of Morse St NE,2016-04-22 04:00:00+00:00,1625-1628,2016/04/22 04:00:00+00,2016,4,5D,Ward 5,Race,Black,Simple Assault,38.903047,-76.98817076,2016,Friday,April
4200 block of 2nd St NW,2016-04-24 04:00:00+00:00,1041-1100,2016/04/24 04:00:00+00,2016,4,4D,Ward 4,Sexual Orientation,,ADW,38.94274871,-77.01383982,2016,Sunday,April
2500 block of 11th St NW,2016-04-28 04:00:00+00:00,0841-1100,2016/04/28 04:00:00+00,2016,4,3D,Ward 1,Sexual Orientation,,ADW,38.92309712,-77.02703695,2016,Thursday,April
2100 block of 4th St NW,2016-05-05 04:00:00+00:00,2236,2016/05/06 04:00:00+00,2016,5,3D,Ward 1,Sexual Orientation,,ADW,38.91887246,-77.01779225,2016,Thursday,May
1400 block of Tuckerman St NW,2016-05-06 04:00:00+00:00,0042-0202,2016/05/06 04:00:00+00,2016,5,4D,Ward 4,Race,Black,Simple Assault,38.96756608,-77.03449309,2016,Friday,May
500 block of L St NW,2016-05-14 04:00:00+00:00,0240-0244,2016/05/14 04:00:00+00,2016,5,5D,Ward 2,Gender Identity/Expression,,ADW,38.90416735,-77.0194153,2016,Saturday,May
3700 block of Georgia Ave NW,2016-05-17 04:00:00+00:00,1720-1730,2016/05/17 04:00:00+00,2016,5,4D,Ward 4,Sexual Orientation,,Simple Assault,38.93696915,-77.02439858,2016,Tuesday,May
300 block of H St NW,2016-05-18 04:00:00+00:00,1153-1154,2016/05/18 04:00:00+00,2016,5,1D,Ward 6,Gender Identity/Expression,,Simple Assault,38.89977922,-77.01567806,2016,Wednesday,May
4500 block of Wisconsin Ave NW,2016-05-20 04:00:00+00:00,1759-1800,2016/05/20 04:00:00+00,2016,5,2D,Ward 3,Homelessness,,Simple Assault,38.94835706,-77.07993731,2016,Friday,May
200 block of Cedar St NW,2016-07-17 04:00:00+00:00,1930-1940,2016/07/17 04:00:00+00,2016,7,4D,Ward 4,Religion,Muslim,Threats,38.97562576,-77.0161356,2016,Sunday,July
900 block of U St NW,2016-07-17 04:00:00+00:00,0020-0021,2016/07/17 04:00:00+00,2016,7,3D,Ward 1,Race,Black,Simple Assault,38.91699641,-77.02463447,2016,Sunday,July
1100 block of 20th St NW,2016-07-19 04:00:00+00:00,0000-1710,2016/07/23 04:00:00+00,2016,7,2D,Ward 2,Religion,Jewish,Damage/Defacing/Destruction of Property,38.9046993,-77.04490273,2016,Tuesday,July
1900 block of 13th St NW,2016-07-25 04:00:00+00:00,1830-1835,2016/07/26 04:00:00+00,2016,7,5D,Ward 1,Sexual Orientation,,ADW,38.91592938,-77.0296237,2016,Monday,July
2600 block of Martin Luther King Ave SE,2016-07-25 04:00:00+00:00,2233-2343,2016/07/26 04:00:00+00,2016,7,7D,Ward 8,Sexual Orientation,,Threats,38.85875093,-76.99546441,2016,Monday,July
2650 block of Massachusetts Ave NW,2016-08-01 04:00:00+00:00,1902-2017,2016/08/01 04:00:00+00,2016,8,2D,Ward 2,Religion,Muslim,Threats,38.91768751,-77.05821752,2016,Monday,August
100 block of Division Ave NE,2016-08-03 04:00:00+00:00,0110-0700,2016/08/03 04:00:00+00,2016,8,6D,Ward 7,Sexual Orientation,,Threats,38.89133232,-76.9279635,2016,Wednesday,August
2400 block of Alabama Ave SE,2016-08-06 04:00:00+00:00,0405,2016/08/06 04:00:00+00,2016,8,7D,Ward 8,Ethnicity/National Origin,Latino/Hispanic,Robbery,38.85165875,-76.97135406,2016,Saturday,August
400 block of 7th St NW,2016-08-21 04:00:00+00:00,1800-2059,2016/08/22 04:00:00+00,2016,8,1D,Ward 2,Religion,Jewish,Damage/Defacing/Destruction of Property,38.89546303,-77.02191681,2016,Sunday,August
3300 block of 14th St NW,2016-08-28 04:00:00+00:00,0411-0503,2016/08/28 04:00:00+00,2016,8,3D,Ward 1,Gender Identity/Expression,,Simple Assault,38.93070752,-77.03272337,2016,Sunday,August
6900 block of Georgia Ave NW,2016-09-06 04:00:00+00:00,2250-2310,2016/09/07 04:00:00+00,2016,9,4D,Ward 4,Ethnicity/National Origin,Latino/Hispanic,Simple Assault,38.97471389,-77.02677553,2016,Tuesday,September
900 block of Blakney Lane SE,2016-09-14 04:00:00+00:00,0045,2016/09/14 04:00:00+00,2016,9,7D,Ward 8,Gender Identity/Expression,,Threats,38.8362413,-76.99221709,2016,Wednesday,September
100 block of 4th St SE,2016-09-16 04:00:00+00:00,1715,2016/09/16 04:00:00+00,2016,9,1D,Ward 6,Disability,,Simple Assault,38.88813957,-77.0005759,2016,Friday,September
400 block of Florida Ave NW,2016-09-23 04:00:00+00:00,2151-2215,2016/09/23 04:00:00+00,2016,9,3D,Ward 1,Race,White,Simple Assault,38.91415456,-77.0169422,2016,Friday,September
1400 block of Corcoran St NW,2016-10-01 04:00:00+00:00,1300-1720,2016/10/03 04:00:00+00,2016,10,3D,Ward 2,Race,Black,Damage/Defacing/Destruction of Property,38.91186781,-77.03325054,2016,Saturday,October
1500 block of Maryland Ave NE,2016-10-05 04:00:00+00:00,1145-1238,2016/10/05 04:00:00+00,2016,10,5D,Ward 5,Gender Identity/Expression,,Simple Assault,38.90074304,-76.9819168,2016,Wednesday,October
1600 block of Morris Rd SE,2016-10-07 04:00:00+00:00,2030-2036,2016/10/08 04:00:00+00,2016,10,7D,Ward 8,Ethnicity/National Origin,Black/African,Threats,38.85712984,-76.98152265,2016,Friday,October
3800 block of 14th St NW,2016-10-16 04:00:00+00:00,0240-0320,2016/10/16 04:00:00+00,2016,10,1D,Ward 4,Gender Identity/Expression,,Simple Assault,38.93828881,-77.03272951,2016,Sunday,October
1300 block of Congress St SE,2016-10-16 04:00:00+00:00,1542-1642,2016/10/16 04:00:00+00,2016,10,7D,Ward 8,Gender Identity/Expression,,ADW,38.84198259,-76.98798565,2016,Sunday,October
800 block of 7th St NE,2016-10-19 04:00:00+00:00,0522-0525,2016/10/19 04:00:00+00,2016,10,1D,Ward 6,Gender Identity/Expression,,Simple Assault,38.90076626,-76.99616753,2016,Wednesday,October
2100 block of S St NW,2016-10-22 04:00:00+00:00,0300-1057,2016/10/24 04:00:00+00,2016,10,2D,Ward 2,Sexual Orientation,,Threats,38.91409394,-77.04714568,2016,Saturday,October
2300 block of Wisconsin Ave NW,2016-10-22 04:00:00+00:00,0313,2016/10/22 04:00:00+00,2016,10,2D,Ward 3,Sexual Orientation,,Simple Assault,38.92030441,-77.07155477,2016,Saturday,October
Unit block of Massachusetts Ave NE,2016-10-23 04:00:00+00:00,1714-1821,2016/10/23 04:00:00+00,2016,10,1D,Ward 6,Sexual Orientation,,ADW,38.89720394,-77.00838793,2016,Sunday,October
600 block of Florida Ave NW,2016-10-30 04:00:00+00:00,0151-0345,2016/10/30 04:00:00+00,2016,10,3D,Ward 1/Ward 2,Sexual Orientation,,Simple Assault,38.91559392,-77.02031712,2016,Sunday,October
2500 block of 9th St NW,2016-11-04 04:00:00+00:00,1745,2016/11/04 04:00:00+00,2016,11,3D,Ward 1,Ethnicity/National Origin,Latino/Hispanic,Threats,38.922384,-77.02428761,2016,Friday,November
1500 block of 4th St NW,2016-11-04 04:00:00+00:00,1551,2016/11/04 04:00:00+00,2016,11,3D,Ward 5,Gender Identity/Expression,,ADW,38.91038117,-77.01616499,2016,Friday,November
1400 block of Foxhall Rd NW,2016-11-05 04:00:00+00:00,2000-1059,2016/11/06 04:00:00+00,2016,11,2D,Ward 3,Political Affiliation,,Damage/Defacing/Destruction of Property,38.90669802,-77.0809625,2016,Saturday,November
3700 block of Georgia Ave NW,2016-11-07 05:00:00+00:00,2040,2016/11/07 05:00:00+00,2016,11,4D,Ward 4,Gender Identity/Expression,,Simple Assault,38.93696915,-77.02439858,2016,Monday,November
2900 block of Bellevue Ter NW,2016-11-12 05:00:00+00:00,0000-1030,2016/11/13 05:00:00+00,2016,11,2D,Ward 3,Religion,Jewish,Damage/Defacing/Destruction of Property,38.92827435,-77.07583577,2016,Saturday,November
3700 block of O St NW,2016-11-13 05:00:00+00:00,0105,2016/11/17 05:00:00+00,2016,11,2D,Ward 2,Religion,Muslim,Simple Assault,38.90768958,-77.07097637,2016,Sunday,November
1900 block of M St NW,2016-11-18 05:00:00+00:00,0215,2016/11/18 05:00:00+00,2016,11,2D,Ward 2,Political Affiliation,,ADW,38.90565447,-77.04417308,2016,Friday,November
700 block of Florida Ave NW,2016-11-19 05:00:00+00:00,0409,2016/11/19 05:00:00+00,2016,11,3D,Ward 1,Sexual Orientation,,ADW,38.91648896,-77.02241714,2016,Saturday,November
3800 block of Georgia Ave NW,2016-11-20 05:00:00+00:00,0545-0630,2016/11/20 05:00:00+00,2016,11,4D,Ward 4,Sexual Orientation,,Simple Assault,38.93814839,-77.02458342,2016,Sunday,November
5300 block of Dix St NE,2016-11-28 05:00:00+00:00,1910,2016/11/28 05:00:00+00,2016,11,6D,Ward 7,Sexual Orientation,,Simple Assault,38.89493281,-76.92372721,2016,Monday,November
3300 block of 10th Pl SE,2016-12-09 05:00:00+00:00,1130,2016/12/09 05:00:00+00,2016,12,7D,Ward 8,Sexual Orientation,,Simple Assault,38.84181875,-76.99202979,2016,Friday,December
1200 block of 24th St NW,2016-12-17 05:00:00+00:00,0152,2016/12/17 05:00:00+00,2016,12,2D,Ward 2,Religion,Christian,Simple Assault,38.90625183,-77.05140457,2016,Saturday,December
540 block of L St NW,2016-12-17 05:00:00+00:00,2041,2016/12/17 05:00:00+00,2016,12,1D,Ward 2,Sexual Orientation,,Threats,38.90416735,-77.0194153,2016,Saturday,December
3400 block of 4th ST SE,2017-01-05 05:00:00+00:00,1533,2017/01/06 05:00:00+00,2017,1,7D,Ward 8,Sexual Orientation,,Threats,38.83942837,-77.00057362,2017,Thursday,January
700 block of 7th St NW,2017-01-15 05:00:00+00:00,1812,2017/01/15 05:00:00+00,2017,1,1D,Ward 2,Political Affiliation,,Simple Assault,38.89912971,-77.02191656,2017,Sunday,January
3800 block of Reservoir Rd NW,2017-01-17 05:00:00+00:00,1340,2017/01/17 05:00:00+00,2017,1,2D,Ward 2,Race,Black,ADW,38.91258904,-77.0743106,2017,Tuesday,January
1700 block of R St SE,2017-01-26 05:00:00+00:00,0703,2017/01/26 05:00:00+00,2017,1,6D,Ward 8,Gender Identity/Expression,,ADW,38.8694785,-76.98028344,2017,Thursday,January
1700 block of Massachusetts Ave NW,2017-01-27 05:00:00+00:00,0300,2017/01/27 05:00:00+00,2017,1,2D,Ward 2,Religion,Jewish,Damage/Defacing/Destruction of Property,38.90847745,-77.04008587,2017,Friday,January
1700 block of N St NW,2017-01-29 05:00:00+00:00,0300,2017/01/29 05:00:00+00,2017,1,2D,Ward 2,Political Affiliation,,ADW,38.9072415,-77.04009106,2017,Sunday,January
500 block of Indiana Ave NW,2017-02-03 05:00:00+00:00,1100,2017/02/20 05:00:00+00,2017,2,1D,Ward 2/Ward 6,Sexual Orientation,,Simple Assault,38.8945739,-77.01937534,2017,Friday,February
1300 block of Vermont Ave NW,2017-02-04 05:00:00+00:00,1900,2017/02/04 05:00:00+00,2017,2,3D,Ward 2,Sexual Orientation,,ADW,38.90790323,-77.03063138,2017,Saturday,February
2800 block of Wisconsin Ave NW,2017-02-06 05:00:00+00:00,1700,2017/02/07 05:00:00+00,2017,2,2D,Ward 3,Religion,Jewish,Threats,38.9268556,-77.07318789,2017,Monday,February
2400 block of 18th St NW,2017-02-17 05:00:00+00:00,0225,2017/02/17 05:00:00+00,2017,2,3D,Ward 1,Race,Black,Simple Assault,38.92162305,-77.04236546,2017,Friday,February
1800 block of Columbia Rd NW,2017-02-18 05:00:00+00:00,0025,2017/02/18 05:00:00+00,2017,2,3D,Ward 1,Ethnicity/National Origin,Black/African,Threats,38.9224915,-77.04294961,2017,Saturday,February
2800 block of Wisconsin Ave NW,2017-02-18 05:00:00+00:00,0948,2017/02/21 05:00:00+00,2017,2,2D,Ward 3,Religion,Jewish,Threats,38.9268556,-77.07318789,2017,Saturday,February
3300 block of 6th St SE,2017-02-21 05:00:00+00:00,1500,2017/02/21 05:00:00+00,2017,2,7D,Ward 8,Sexual Orientation,,Damage/Defacing/Destruction of Property,38.83971582,-76.99845031,2017,Tuesday,February
600 block of 15th St NW,2017-02-22 05:00:00+00:00,1820,2017/02/23 05:00:00+00,2017,2,2D,Ward 2,Sexual Orientation,,Simple Assault,38.89782971,-77.03364458,2017,Wednesday,February
1600 block of 17th St NW ,2012-01-08 05:00:00+00:00,1500-1505,2012/01/08 05:00:00+00,2012,1,3D,Ward 2,Sexual Orientation,,Threats,38.9114974,-77.03848454,2012,Sunday,January
3rd St SW and K St SW,2012-01-12 05:00:00+00:00,1722,2012/01/12 05:00:00+00,2012,1,1D,Ward 6,Sexual Orientation,,Robbery,38.87841421,-77.01520812,2012,Thursday,January
Park Rd NW and Sherman Ave NW,2012-01-13 05:00:00+00:00,1255-1258,2012/01/13 05:00:00+00,2012,1,4D,Ward 1,Race,Unspecified,Simple Assault,38.93232148,-77.02675888,2012,Friday,January
18th St NW and Florida Ave NW,2012-01-14 05:00:00+00:00,0431-0433,2012/01/14 05:00:00+00,2012,1,3D,Ward 1/Ward 2,Ethnicity/National Origin,Arab/Middle Eastern,Simple Assault,38.91678029,-77.04165612,2012,Saturday,January
600 block of H St NW,2012-01-22 05:00:00+00:00,1930,2012/01/22 05:00:00+00,2012,1,1D,Ward 2,Race,Asian,Threats,38.89981191,-77.0209122,2012,Sunday,January
1300 block of Alabama Ave SE,2012-01-22 05:00:00+00:00,0145,2012/01/22 05:00:00+00,2012,1,7D,Ward 8,Sexual Orientation,,ADW,38.84507691,-76.98678918,2012,Sunday,January
400 block of 3rd St SE,2012-02-08 05:00:00+00:00,1200-1230,2012/02/09 05:00:00+00,2012,2,1D,Ward 6,Race,Black,Threats,38.88375508,-77.00204141,2012,Wednesday,February
1400 block of Independence Ave SW,2012-02-14 05:00:00+00:00,0900-0915,2012/02/14 05:00:00+00,2012,2,1D,Ward 2,Ethnicity/National Origin,Unspecified,Simple Assault,38.8877522,-77.03280741,2012,Tuesday,February
700 block of Upshur St NW,2012-02-23 05:00:00+00:00,0150-0153,2012/02/23 05:00:00+00,2012,2,4D,Ward 4,Sexual Orientation,,Robbery,38.94195508,-77.02248409,2012,Thursday,February
3100 block of 14th St NW,2012-03-11 05:00:00+00:00,0636-0700,2012/03/11 05:00:00+00,2012,3,3D,Ward 1,Sexual Orientation,,ADW,38.92951689,-77.03272986,2012,Sunday,March
Irving St NW and Georgia Ave NW,2012-03-12 04:00:00+00:00,2135-2140,2012/03/12 04:00:00+00,2012,3,3D,Ward 1,Sexual Orientation,,Robbery,38.92904073,-77.02322885,2012,Monday,March
4000 block of Minnesota Ave NE,2012-03-16 04:00:00+00:00,2315,2012/03/17 04:00:00+00,2012,3,6D,Ward 7,Sexual Orientation,,Robbery,38.89665588,-76.94764751,2012,Friday,March
2000 block of 9th St NW,2012-03-25 04:00:00+00:00,0257-0258,2012/03/25 04:00:00+00,2012,3,3D,Ward 1,Sexual Orientation,,Simple Assault,38.91737679,-77.02394482,2012,Sunday,March
3000 block of 9th St SE,2012-03-27 04:00:00+00:00,1400-1435,2012/03/27 04:00:00+00,2012,3,7D,Ward 8,Sexual Orientation,,Simple Assault,38.8443578,-76.99350978,2012,Tuesday,March
2800 block of Pennsylvania Ave NW,2012-03-29 04:00:00+00:00,0150,2012/03/29 04:00:00+00,2012,3,2D,Ward 2,Ethnicity/National Origin,Arab/Middle Eastern,Simple Assault,38.90508939,-77.05757821,2012,Thursday,March
1800 block of 14th St NW,2012-04-04 04:00:00+00:00,0200,2012/05/02 04:00:00+00,2012,5,3D,Ward 1/Ward 2,Race,Black,Simple Assault,38.91446221,-77.03195329,2012,Wednesday,April
1300 block of Pennsylvania Ave NW,2012-04-06 04:00:00+00:00,0832-1241,2012/04/18 04:00:00+00,2012,4,2D,Ward 2,Race,Black,Threats,38.89550632,-77.03019631,2012,Friday,April
1900 block of Mississippi Ave SE,2012-04-13 04:00:00+00:00,1833-1845,2012/04/13 04:00:00+00,2012,4,7D,Ward 8,Sexual Orientation,,Simple Assault,38.84391474,-76.97506395,2012,Friday,April
1500 block of Ogden St NW,2012-04-17 04:00:00+00:00,2140,2012/04/17 04:00:00+00,2012,4,4D,Ward 1,Gender Identity/Expression,,Threats,38.93555228,-77.03488706,2012,Tuesday,April
22nd St NW and P St NW,2012-04-29 04:00:00+00:00,0230,2012/04/29 04:00:00+00,2012,4,2D,Ward 2,Race,Unspecified,Damage/Defacing/Destruction of Property,38.90963445,-77.04879651,2012,Sunday,April
1400 block of V St NW,2012-05-03 04:00:00+00:00,2149-2248,2012/05/04 04:00:00+00,2012,5,5D,Ward 1,Sexual Orientation,,Threats,38.91811437,-77.03324134,2012,Thursday,May
700 block of Princeton Pl NW,2012-05-08 04:00:00+00:00,0830,2012/05/08 04:00:00+00,2012,5,4D,Ward 1,Race,Black,Damage/Defacing/Destruction of Property,38.9354035,-77.02264189,2012,Tuesday,May
7th St NE and H St NE,2012-05-16 04:00:00+00:00,0130,2012/05/16 04:00:00+00,2012,5,1D,Ward 6,Gender Identity/Expression,,Simple Assault,38.90020486,-76.99616733,2012,Wednesday,May
18th St NW and M St NW,2012-05-20 04:00:00+00:00,1000,2012/05/20 04:00:00+00,2012,5,2D,Ward 2,Sexual Orientation,,Simple Assault,38.90565526,-77.04168637,2012,Sunday,May
200 block of K St NW,2012-06-05 04:00:00+00:00,0312-0345,2012/06/05 04:00:00+00,2012,6,1D,Ward 6,Race,Unspecified,Simple Assault,38.90251693,-77.01444995,2012,Tuesday,June
1600 block of R St NW,2012-06-08 04:00:00+00:00,0220-0223,2012/06/08 04:00:00+00,2012,6,3D,Ward 2,Sexual Orientation,,Simple Assault,38.91260899,-77.03749919,2012,Friday,June
4th St NW and Pennsylvania Ave NW,2012-06-13 04:00:00+00:00,1937-1938,2012/06/13 04:00:00+00,2012,6,1D,Ward 2/Ward 6,Race,Unspecified,Threats,38.89210938,-77.01756466,2012,Wednesday,June
Irving St NW and Mount Pleasant St NW,2012-06-22 04:00:00+00:00,0430,2012/06/22 04:00:00+00,2012,6,4D,Ward 1,Sexual Orientation,,Robbery,38.92873331,-77.0373506,2012,Friday,June
1400 block of 14th St NW,2012-06-23 04:00:00+00:00,2220-2225,2012/06/23 04:00:00+00,2012,6,3D,Ward 2,Sexual Orientation,,Simple Assault,38.9092426,-77.03195176,2012,Saturday,June
600 block of T St NW,2012-06-26 04:00:00+00:00,2040-2100,2012/06/27 04:00:00+00,2012,6,1D,Ward 1/Ward 2,Sexual Orientation,,ADW,38.91563546,-77.02073961,2012,Tuesday,June
1900 block of Minnesota Ave Ave SE,2012-06-30 04:00:00+00:00,0837-0840,2012/07/03 04:00:00+00,2012,7,6D,Ward 8,Gender Identity/Expression,,Simple Assault,38.87045091,-76.97677939,2012,Saturday,June
600 block of Florida Ave NW,2012-07-01 04:00:00+00:00,0300-0330,2012/07/01 04:00:00+00,2012,7,3D,Ward 2,Sexual Orientation,,Simple Assault,38.91559392,-77.02031712,2012,Sunday,July
2200 block of 18th St NW,2012-07-01 04:00:00+00:00,2250,2012/07/01 04:00:00+00,2012,7,3D,Ward 1,Sexual Orientation,,Simple Assault,38.91920176,-77.04168137,2012,Sunday,July
New Hampshire Ave NW and S St NW,2012-07-01 04:00:00+00:00,1900-1903,2012/07/01 04:00:00+00,2012,7,2D,Ward 2,Ethnicity/National Origin,Asian,Simple Assault,38.91409156,-77.03927495,2012,Sunday,July
14th St NW and Rhode Island Ave NW,2012-07-17 04:00:00+00:00,1330,2012/07/17 04:00:00+00,2012,7,3D,Ward 2,Disability,,Simple Assault,38.90883777,-77.03194927,2012,Tuesday,July
7th St NW and K St NW,2012-08-04 04:00:00+00:00,0400,2012/08/04 04:00:00+00,2012,8,1D,Ward 6,Sexual Orientation,,Robbery,38.90210135,-77.02191502,2012,Saturday,August
E St SE and Benning Rd SE,2012-08-06 04:00:00+00:00,1500,2012/08/06 04:00:00+00,2012,8,6D,Ward 7,Sexual Orientation,,Robbery,38.88373305,-76.93483215,2012,Monday,August
1000 block of 4th St NW,2012-08-10 04:00:00+00:00,0045,2012/08/10 04:00:00+00,2012,8,Unk,Ward 6,Gender Identity/Expression,,Simple Assault,38.90312729,-77.01617419,2012,Friday,August
700 block of 6th St NW,2012-08-11 04:00:00+00:00,1746,2012/08/11 04:00:00+00,2012,8,1D,Ward 2,Religion,Jewish,Threats,38.89906025,-77.01990581,2012,Saturday,August
800 block of G St NW,2012-08-15 04:00:00+00:00,1050,2012/08/15 04:00:00+00,2012,8,1D,Ward 2,Political Affiliation,,ADW,38.89845279,-77.02344899,2012,Wednesday,August
1100 block of 1st St NE,2012-08-18 04:00:00+00:00,1745,2012/08/18 04:00:00+00,2012,8,5D,Ward 6,Sexual Orientation,,Threats,38.90420989,-77.00588572,2012,Saturday,August
1800 block of Minnesota Ave SE,2012-08-19 04:00:00+00:00,2130-2135,2012/08/19 04:00:00+00,2012,8,6D,Ward 8,Gender Identity/Expression,,ADW,38.86981921,-76.97804785,2012,Sunday,August
3300 block of Martin Luther King Jr Ave,2012-08-23 04:00:00+00:00,0241,2012/08/23 04:00:00+00,2012,8,7D,Ward 8,Sexual Orientation,,Simple Assault,38.84223924,-77.00276867,2012,Thursday,August
4200 block of Gault Pl NE,2012-08-23 04:00:00+00:00,1200-1800,2012/04/04 04:00:00+00,2012,4,6D,Ward 7,Sexual Orientation,,Threats,38.89906331,-76.94089418,2012,Thursday,August
600 block of Rhode Island Ave NW,2012-08-23 04:00:00+00:00,1656,2012/08/23 04:00:00+00,2012,8,3D,Ward 2,Sexual Orientation,,Simple Assault,38.91284239,-77.02046173,2012,Thursday,August
4700 block of South Capitol St SE,2012-08-25 04:00:00+00:00,2353,2012/08/25 04:00:00+00,2012,8,7D,Ward 8,Sexual Orientation,,ADW,38.8216297,-77.00174414,2012,Saturday,August
1300 block of 23rd St NW,2012-08-29 04:00:00+00:00,0010-0031,2012/08/29 04:00:00+00,2012,8,2D,Ward 2,Sexual Orientation,,Robbery,38.90793411,-77.04980538,2012,Wednesday,August
1900 block of Minnesota Ave SE,2012-08-31 04:00:00+00:00,2353,2012/08/31 04:00:00+00,2012,8,6D,Ward 8,Sexual Orientation,,Robbery,38.87045091,-76.97677939,2012,Friday,August
3100 block of 14th St NW,2012-09-02 04:00:00+00:00,1411,2012/09/02 04:00:00+00,2012,9,3D,Ward 1,Religion,Other/Unknown Religion,Robbery,38.92951689,-77.03272986,2012,Sunday,September
2200 block of 14th St NW,2012-09-11 04:00:00+00:00,0207,2012/09/11 04:00:00+00,2012,9,3D,Ward 1,Sexual Orientation,,Simple Assault,38.91962462,-77.03195261,2012,Tuesday,September
900 block of R St NW,2012-09-18 04:00:00+00:00,1802,2012/09/18 04:00:00+00,2012,9,3D,Ward 2,Sexual Orientation,,ADW,38.91260657,-77.02497875,2012,Tuesday,September
3500 block of Warder St NW,2012-10-05 04:00:00+00:00,0800-1947,2012/10/05 04:00:00+00,2012,10,4D,Ward 1,Sexual Orientation,,Damage/Defacing/Destruction of Property,38.93290481,-77.02051408,2012,Friday,October
1800 block of M St NW,2012-10-12 04:00:00+00:00,1800-0820,2012/10/12 04:00:00+00,2012,10,2D,Ward 2,Religion,Jewish,Damage/Defacing/Destruction of Property,38.90565389,-77.04256765,2012,Friday,October
600 block of Division Ave NE,2012-10-20 04:00:00+00:00,2258,2012/10/20 04:00:00+00,2012,10,6D,Ward 7,Gender Identity/Expression,,Simple Assault,38.89775988,-76.92588561,2012,Saturday,October
1800 block of K St NW,2012-10-25 04:00:00+00:00,1800-1151 ,2012/10/26 04:00:00+00,2012,10,2D,Ward 2,Religion,Jewish,Damage/Defacing/Destruction of Property,38.90252502,-77.04257432,2012,Thursday,October
1400 block of Meridian Pl ,2012-10-27 04:00:00+00:00,0412,2012/10/27 04:00:00+00,2012,10,4D,Ward 1,Race,Unspecified,Robbery,38.93357694,-77.0342657,2012,Saturday,October
2700 block of Martin Luther King Jr Ave SE,2012-10-30 04:00:00+00:00,1230,2012/10/30 04:00:00+00,2012,10,7D,Ward 8,Sexual Orientation,,Simple Assault,38.8506799,-76.99591886,2012,Tuesday,October
600 block of Edgewood St NE,2012-11-05 05:00:00+00:00,1954,2012/11/05 05:00:00+00,2012,11,5D,Ward 5,Sexual Orientation,,Simple Assault,38.92423879,-76.99790392,2012,Monday,November
1400 block of K St NW,2012-11-19 05:00:00+00:00,1452,2012/11/19 05:00:00+00,2012,11,2D,Ward 2,Race,Black,Simple Assault,38.90252277,-77.03279345,2012,Monday,November
Montello Ave NE and Oates St NE,2012-11-23 05:00:00+00:00,1000,2012/11/23 05:00:00+00,2012,11,5D,Ward 5,Sexual Orientation,,Robbery,38.90546954,-76.98827677,2012,Friday,November
1900 block of 4th ST NW,2012-12-07 05:00:00+00:00,1900,2012/12/08 05:00:00+00,2012,12,3D,Ward 1,Race,Black,Damage/Defacing/Destruction of Property,38.91632965,-77.01739784,2012,Friday,December
1300 block of Missouri Ave NW,2012-12-12 05:00:00+00:00,1746,2012/12/12 05:00:00+00,2012,12,4D,Ward 4,Sexual Orientation,,Robbery,38.96167228,-77.03084775,2012,Wednesday,December
3800 block of Legation St NW,2013-01-02 05:00:00+00:00,1324,2013/01/02 05:00:00+00,2013,1,2D,Ward 3,Religion,Jewish,Damage/Defacing/Destruction of Property,38.96207282,-77.0755369,2013,Wednesday,January
5300 block of Nebraska Ave NW,2013-01-02 05:00:00+00:00,1600-0915,2013/01/03 05:00:00+00,2013,1,2D,Ward 3,Religion,Jewish,Damage/Defacing/Destruction of Property,38.95918677,-77.06771608,2013,Wednesday,January
5000 block of G St SE,2013-01-05 05:00:00+00:00,1952,2013/01/05 05:00:00+00,2013,1,6D,Ward 7,Gender Identity/Expression,,ADW,38.8806213,-76.93079603,2013,Saturday,January
3100 block of 14th St NW,2013-01-12 05:00:00+00:00,1500,2013/01/12 05:00:00+00,2013,1,3D,Ward 1,Sexual Orientation,,Simple Assault,38.92951689,-77.03272986,2013,Saturday,January
1600 block of R St NW,2017-11-19 05:00:00+00:00,0318,2017/11/19 05:00:00+00,2017,11,3D,Ward 2,Sexual Orientation,,Simple Assault,38.91260899,-77.03749919,2017,Sunday,November
900 block of U St NW,2017-11-20 05:00:00+00:00,0051,2017/11/20 05:00:00+00,2017,11,3D,Ward 1,Sexual Orientation,,ADW,38.91699641,-77.02463447,2017,Monday,November
200 block of K St NW,2017-11-21 05:00:00+00:00,0940,2017/11/21 05:00:00+00,2017,11,1D,Ward 6,Ethnicity/National Origin,Jewish,Damage/Defacing/Destruction of Property,38.90251693,-77.01444995,2017,Tuesday,November
500 block of H St NW,2017-11-23 05:00:00+00:00,1500,2017/11/30 05:00:00+00,2017,11,1D,Ward 2,Ethnicity/National Origin,Jewish,Damage/Defacing/Destruction of Property,38.89981073,-77.01942057,2017,Thursday,November
1400 block of 26th St NW,2017-11-23 05:00:00+00:00,0830,2017/11/24 05:00:00+00,2017,11,2D,Ward 2,Ethnicity/National Origin,Jewish,Damage/Defacing/Destruction of Property,38.90897164,-77.05475578,2017,Thursday,November
2300 block of 40th Pl NW,2017-11-23 05:00:00+00:00,2230,2017/11/24 05:00:00+00,2017,11,2D,Ward 3,Race,Black,Damage/Defacing/Destruction of Property,38.92129992,-77.07976157,2017,Thursday,November
1500 block of 9th St NW,2017-11-24 05:00:00+00:00,1947,2017/11/24 05:00:00+00,2017,11,3D,Ward 2,Ethnicity/National Origin,Arab/Middle Eastern,Simple Assault,38.9103856,-77.02396922,2017,Friday,November
500 block of I St NW,2017-11-26 05:00:00+00:00,1348,2017/11/26 05:00:00+00,2017,11,1D,Ward 6,Ethnicity/National Origin,Jewish,Damage/Defacing/Destruction of Property,38.90132282,-77.01920333,2017,Sunday,November
400 block of Massachusetts Ave NW,2017-11-26 05:00:00+00:00,0855,2017/11/26 05:00:00+00,2017,11,1D,Ward 6,Ethnicity/National Origin,Jewish,Damage/Defacing/Destruction of Property,38.90052346,-77.0171897,2017,Sunday,November
900 block of 7th St NW,2017-11-27 05:00:00+00:00,1041,2017/11/27 05:00:00+00,2017,11,1D,Ward 2,Ethnicity/National Origin,Jewish,Damage/Defacing/Destruction of Property,38.90148566,-77.02191601,2017,Monday,November
900 block of Massachusetts Ave NW,2017-11-29 05:00:00+00:00,1731,2017/11/29 05:00:00+00,2017,11,2D,Ward 2,Race,Black,Damage/Defacing/Destruction of Property,38.90323987,-77.02501835,2017,Wednesday,November
900 block of Rhode Island Ave NE,2017-12-02 05:00:00+00:00,1254,2017/12/02 05:00:00+00,2017,12,5D,Ward 5,Ethnicity/National Origin,Unspecified,Simple Assault,38.9222166,-76.9931402,2017,Saturday,December
100 block of 46th Pl NE,2017-12-02 05:00:00+00:00,0544,2017/12/02 05:00:00+00,2017,12,6D,Ward 7,Sexual Orientation,,Simple Assault,38.89105188,-76.93584641,2017,Saturday,December
1700 block of North Capitol St NE,2017-12-06 05:00:00+00:00,2340,2017/12/07 05:00:00+00,2017,12,5D,Ward 5,Race,Black,ADW,38.91297193,-77.00904874,2017,Wednesday,December
300 block of Pennsylvania Ave SE,2017-12-07 05:00:00+00:00,1950,2017/12/07 05:00:00+00,2017,12,1D,Ward 6,Race,Black,Simple Assault,38.88676949,-77.00130957,2017,Thursday,December
400 block of 2nd St NW,2017-12-12 05:00:00+00:00,1912,2017/12/12 05:00:00+00,2017,12,1D,Ward 6,Ethnicity/National Origin,Jewish,Damage/Defacing/Destruction of Property,38.89543686,-77.01478638,2017,Tuesday,December
3000 block of 14th ST NW,2017-12-14 05:00:00+00:00,2316,2017/12/13 05:00:00+00,2017,12,3D,Ward 1,Sexual Orientation,,ADW,38.9281718,-77.03259028,2017,Thursday,December
1200 block of 34th St NW,2017-12-17 05:00:00+00:00,0940,2017/12/17 05:00:00+00,2017,12,2D,Ward 2,Race,Black,Damage/Defacing/Destruction of Property,38.90549872,-77.06784266,2017,Sunday,December
1600 block of Kalmia RD NW,2017-12-23 05:00:00+00:00,1600,2017/12/23 05:00:00+00,2017,12,4D,Ward 4,Race,Black,Threats,38.98590846,-77.03768113,2017,Saturday,December
200 block of 13th ST NE,2017-12-23 05:00:00+00:00,1300,2017/12/23 05:00:00+00,2017,12,1D,Ward 6,Race,Black,Damage/Defacing/Destruction of Property,38.89278685,-76.98831021,2017,Saturday,December
1100 block of Pennsylvania Ave SE,2017-12-27 05:00:00+00:00,2140,2017/12/27 05:00:00+00,2017,12,1D,Ward 6,Ethnicity/National Origin,Arab/Middle Eastern,ADW,38.88251996,-76.99088681,2017,Wednesday,December
2000 block of 38th ST SE,2017-12-30 05:00:00+00:00,1610,2017/12/30 05:00:00+00,2017,12,6D,Ward 7,Race,Black,Damage/Defacing/Destruction of Property,38.86477408,-76.95221468,2017,Saturday,December
1300 block of Southern Ave SE,2017-12-31 05:00:00+00:00,1400,2018/01/13 05:00:00+00,2018,1,7D,Ward 8,Gender Identity/Expression,,Sexual Abuse,38.83694492,-76.98113695,2017,Sunday,December
1400 block of Staples St NE,2018-01-17 05:00:00+00:00,1903,2018/01/17 05:00:00+00,2018,1,5D,Ward 5,Ethnicity/National Origin,Latino/Hispanic,Simple Assault,38.90406893,-76.98378386,2018,Wednesday,January
300 block of Livingston Ter SE,2018-01-18 05:00:00+00:00,1838,2018/01/18 05:00:00+00,2018,1,7D,Ward 8,Gender Identity/Expression,,Simple Assault,38.8266053,-77.00126789,2018,Thursday,January
3100 block of 14th St NW,2018-01-19 05:00:00+00:00,0446,2018/01/19 05:00:00+00,2018,1,3D,Ward 1,Sexual Orientation,,Simple Assault,38.92951689,-77.03272986,2018,Friday,January
1100 block of Rhode Island Ave NW,2018-01-19 05:00:00+00:00,1202,2018/01/19 05:00:00+00,2018,1,3D,Ward 2,Sexual Orientation,,Damage/Defacing/Destruction of Property,38.91036264,-77.02756077,2018,Friday,January
700 block of 11th St NW,2018-01-20 05:00:00+00:00,0258,2018/01/20 05:00:00+00,2018,1,2D,Ward 2,Sexual Orientation,,Simple Assault,38.8990662,-77.02703499,2018,Saturday,January
1500 block of Isherwood St NE,2018-01-28 05:00:00+00:00,2004,2018/01/28 05:00:00+00,2018,1,5D,Ward 7,Sexual Orientation,,ADW,38.89546312,-76.9829276,2018,Sunday,January
2600 block of Connecticut Ave NW,2018-01-29 05:00:00+00:00,1632,2018/01/29 05:00:00+00,2018,1,2D,Ward 3,Race,White,Simple Assault,38.92419981,-77.05190312,2018,Monday,January
3200 block of Stanton Rd SE,2018-01-31 05:00:00+00:00,1816,2018/02/01 05:00:00+00,2018,2,7D,Ward 8,Race,White,ADW,38.84955835,-76.98098789,2018,Wednesday,January
3700 block of Minnesota Ave NE,2018-02-02 05:00:00+00:00,1330,2018/02/02 05:00:00+00,2018,2,6D,Ward 7,Gender Identity/Expression,,ADW,38.89132947,-76.9519659,2018,Friday,February
1800 block of New York Ave NE,2018-02-03 05:00:00+00:00,0203,2018/02/03 05:00:00+00,2018,2,5D,Ward 5,Sexual Orientation,,ADW,38.91728642,-76.97511255,2018,Saturday,February
1400 block of Okie St NE,2018-02-14 05:00:00+00:00,0710,2018/02/14 05:00:00+00,2018,2,5D,Ward 5,Sexual Orientation,,Threats,38.91475717,-76.98392764,2018,Wednesday,February
2800 block of 12th St NE,2018-02-17 05:00:00+00:00,2323,2018/02/18 05:00:00+00,2018,2,5D,Ward 5,Ethnicity/National Origin,Asian,Simple Assault,38.92602369,-76.99048,2018,Saturday,February
900 block of Massachusetts Ave NW,2018-02-20 05:00:00+00:00,1245,2018/02/18 05:00:00+00,2018,2,3D,Ward 2,Gender Identity/Expression,,Simple Assault,38.90323987,-77.02501835,2018,Tuesday,February
1200 block of 5th St NE,2018-02-22 05:00:00+00:00,1240,2018/02/22 05:00:00+00,2018,2,5D,Ward 6,Sexual Orientation,,ADW,38.90617864,-76.99950171,2018,Thursday,February
4200 block of Massachusetts Ave NW,2018-03-01 05:00:00+00:00,0100,2018/03/10 05:00:00+00,2018,3,2D,Ward 3,Sexual Orientation,,Threats,38.93583885,-77.0830611,2018,Thursday,March
2400 block of M St NW,2018-03-02 05:00:00+00:00,2100,2018/03/07 05:00:00+00,2018,3,2D,Ward 2,Religion,Jewish,Theft,38.90525787,-77.052352,2018,Friday,March
1700 block of U St NW,2018-03-04 05:00:00+00:00,1553,2018/03/04 05:00:00+00,2018,3,3D,Ward 2,Sexual Orientation,,Simple Assault,38.91700401,-77.03984817,2018,Sunday,March
200 block of K St NE,2018-03-04 05:00:00+00:00,0352,2018/03/04 05:00:00+00,2018,3,5D,Ward 6,Gender Identity/Expression,,Simple Assault,38.90251482,-77.00280318,2018,Sunday,March
2200 block of New York Ave NE,2018-03-04 05:00:00+00:00,0345,2018/03/04 05:00:00+00,2018,3,5D,Ward 5,Ethnicity/National Origin,Arab/Middle Eastern,Simple Assault,38.91728642,-76.97511255,2018,Sunday,March
400 block of M St SE,2018-03-06 05:00:00+00:00,1230,2018/03/07 05:00:00+00,2018,3,1D,Ward 8,Gender Identity/Expression,,Threats,38.87647991,-77.00004965,2018,Tuesday,March
1800 block of N St NW,2018-03-16 04:00:00+00:00,0100,2018/03/16 04:00:00+00,2018,3,2D,Ward 2,Political Affiliation,,ADW,38.90724754,-77.041875,2018,Friday,March
200 block of 13th St NE,2018-03-16 04:00:00+00:00,0001,2018/03/16 04:00:00+00,2018,3,1D,Ward 6,Race,Black,Damage/Defacing/Destruction of Property,38.89278685,-76.98831021,2018,Friday,March
1100 block of 4th ST SW,2018-03-20 04:00:00+00:00,1309,2018/03/20 04:00:00+00,2018,3,1D,Ward 6,Race,Black,Threats,38.87786661,-77.01763474,2018,Tuesday,March
1800 block of Adams Mill Rd NW,2018-03-24 04:00:00+00:00,1449,2018/03/24 04:00:00+00,2018,3,3D,Ward 1,Race,White,Simple Assault,38.92300898,-77.04285247,2018,Saturday,March
600 block of 7th St NW,2018-03-27 04:00:00+00:00,1806,2018/03/27 04:00:00+00,2018,3,1D,Ward 2,Sexual Orientation,,Simple Assault,38.89786097,-77.02191674,2018,Tuesday,March
900 block of L'Enfant Plaza SW,2018-03-27 04:00:00+00:00,1853,2018/03/27 04:00:00+00,2018,3,1D,Ward 6,Race,White,Simple Assault,38.88388287,-77.02456921,2018,Tuesday,March
700 block of 8th St NW,2018-04-03 04:00:00+00:00,0701,2018/04/03 04:00:00+00,2018,4,1D,Ward 2,Race,Black,Theft,38.89913473,-77.02294002,2018,Tuesday,April
500 block of Penn St NE,2018-04-04 04:00:00+00:00,1540,2018/04/04 04:00:00+00,2018,4,5D,Ward 5,Ethnicity/National Origin,Latino/Hispanic,Sexual Abuse,38.91038929,-76.99754448,2018,Wednesday,April
1000 block of New York Ave NW,2018-04-05 04:00:00+00:00,1746,2018/04/05 04:00:00+00,2018,4,2D,Ward 2,Race,White,Simple Assault,38.90136694,-77.02626472,2018,Thursday,April
900 block of Florida Ave NW,2018-04-10 04:00:00+00:00,0305,2018/04/10 04:00:00+00,2018,4,3D,Ward 1,Race,White,Simple Assault,38.91806867,-77.02420669,2018,Tuesday,April
1200 block of 28th ST NW,2018-04-14 04:00:00+00:00,2156,2018/04/14 04:00:00+00,2018,4,2D,Ward 2,Religion,Muslim,Damage/Defacing/Destruction of Property,38.90565935,-77.05703519,2018,Saturday,April
3700 block of Georgia Ave NW,2018-04-15 04:00:00+00:00,1512,2018/04/15 04:00:00+00,2018,4,4D,Ward 4,Sexual Orientation,,Simple Assault,38.93696915,-77.02439858,2018,Sunday,April
2000 block of 10th St NW,2018-04-15 04:00:00+00:00,0031,2018/04/15 04:00:00+00,2018,4,3D,Ward 1,Sexual Orientation,,ADW,38.91755382,-77.02599106,2018,Sunday,April
1200 block of G St NW,2018-04-17 04:00:00+00:00,2038,2018/04/17 04:00:00+00,2018,4,2D,Ward 2,Ethnicity/National Origin,Black/African,Robbery,38.89831393,-77.02884908,2018,Tuesday,April
2500 block of Georgia Ave NW,2018-04-20 04:00:00+00:00,1118,2018/04/20 04:00:00+00,2018,4,3D,Ward 1,Race,Black,Damage/Defacing/Destruction of Property,38.92326116,-77.02239275,2018,Friday,April
1800 block of M St NW,2018-04-21 04:00:00+00:00,1432,2018/04/21 04:00:00+00,2018,4,2D,Ward 2,Race,White,Threats,38.90565389,-77.04256765,2018,Saturday,April
4000 block of 4th ST SE,2018-04-22 04:00:00+00:00,2111,2018/04/22 04:00:00+00,2018,4,7D,Ward 8,Sexual Orientation,,Threats,38.83052062,-77.0005715,2018,Sunday,April
Unit block of 15th St SW,2018-04-30 04:00:00+00:00,1639,2018/04/30 04:00:00+00,2018,4,2D,Ward 2,Race,Black,Threats,38.88916612,-77.03290638,2018,Monday,April
1400 block of New York Ave NW,2018-05-04 04:00:00+00:00,1630,2018/05/16 04:00:00+00,2018,5,2D,Ward 2,Race,Black,Threats,38.8990995,-77.03280663,2018,Friday,May
100 block of Galveston Pl SW,2018-05-11 04:00:00+00:00,2213,2018/05/12 04:00:00+00,2018,5,7D,Ward 8,Gender Identity/Expression,,Simple Assault,38.82438671,-77.00971436,2018,Friday,May
1000 block of Wisconsin Ave NW,2018-05-16 04:00:00+00:00,1130,2018/05/16 04:00:00+00,2018,5,2D,Ward 2,Sexual Orientation,,Threats,38.90300705,-77.06276329,2018,Wednesday,May
1200 block of Half St SE,2018-05-19 04:00:00+00:00,2310,2018/05/20 04:00:00+00,2018,5,1D,Ward 8,Ethnicity/National Origin,Latino/Hispanic,Threats,38.87555885,-77.00746208,2018,Saturday,May
1400 block of Irving St NW,2018-05-19 04:00:00+00:00,2000,2018/05/19 04:00:00+00,2018,5,3D,Ward 1,Sexual Orientation,,Simple Assault,38.92874335,-77.03363933,2018,Saturday,May
1400 block of Perry Pl NW,2018-05-25 04:00:00+00:00,1430,2018/05/26 04:00:00+00,2018,5,4D,Ward 1,Sexual Orientation,,Damage/Defacing/Destruction of Property,38.93648763,-77.03358105,2018,Friday,May
1300 block of 14th St NW,2018-05-27 04:00:00+00:00,1828,2018/05/27 04:00:00+00,2018,5,3D,Ward 2,Sexual Orientation,,Simple Assault,38.90803854,-77.03195018,2018,Sunday,May
1900 block of M St NW,2018-05-27 04:00:00+00:00,0310,2018/05/27 04:00:00+00,2018,5,2D,Ward 2,Race,Black,Simple Assault,38.90565447,-77.04417308,2018,Sunday,May
700 block of I St NE,2018-06-01 04:00:00+00:00,1045,2018/06/01 04:00:00+00,2018,6,1D,Ward 6,Sexual Orientation,,Simple Assault,38.90132674,-76.99556398,2018,Friday,June
900 block of Rhode Island Ave NE,2018-06-01 04:00:00+00:00,1928,2018/06/01 04:00:00+00,2018,6,5D,Ward 5,Ethnicity/National Origin,Latino/Hispanic,Threats,38.9222166,-76.9931402,2018,Friday,June
1100 block of Oates St NE,2018-06-04 04:00:00+00:00,0949,2018/06/04 04:00:00+00,2018,6,5D,Ward 5,Gender Identity/Expression,,Simple Assault,38.90592447,-76.98934072,2018,Monday,June
400 block of Peabody St NW,2018-06-05 04:00:00+00:00,2116,2018/06/05 04:00:00+00,2018,6,4D,Ward 4,Sexual Orientation,,Simple Assault,38.96270112,-77.01896464,2018,Tuesday,June
5600 block of 1st St NE,2018-06-06 04:00:00+00:00,1736,2018/06/06 04:00:00+00,2018,6,4D,Ward 4,Race,Black,Threats,38.95818981,-77.00627196,2018,Wednesday,June
100 block of 7th St NW,2018-06-07 04:00:00+00:00,0004,2018/06/07 04:00:00+00,2018,6,1D,Ward 2,Sexual Orientation,,Simple Assault,38.8913081,-77.02190689,2018,Thursday,June
1600 block of A St SE,2018-06-10 04:00:00+00:00,1650,2018/06/10 04:00:00+00,2018,6,1D,Ward 7,Race,White,Simple Assault,38.88867273,-76.98149067,2018,Sunday,June
1600 block of R St NW,2018-06-10 04:00:00+00:00,1700,2018/06/10 04:00:00+00,2018,6,3D,Ward 2,Sexual Orientation,,Damage/Defacing/Destruction of Property,38.91260899,-77.03749919,2018,Sunday,June
5300 block of Wisconsin Ave NW,2018-06-15 04:00:00+00:00,1423,2018/06/15 04:00:00+00,2018,6,2D,Ward 3,Race,Black,Simple Assault,38.95991197,-77.08528828,2018,Friday,June
3800 block of Minnesota Ave NE,2018-06-16 04:00:00+00:00,0213,2018/06/16 04:00:00+00,2018,6,6D,Ward 7,Sexual Orientation,,Threats,38.89213808,-76.95136745,2018,Saturday,June
1600 block of 17th St NW,2018-06-16 04:00:00+00:00,0040,2018/06/16 04:00:00+00,2018,6,3D,Ward 2,Sexual Orientation,,Damage/Defacing/Destruction of Property,38.9114974,-77.03848454,2018,Saturday,June
1700 block of M St NW,2018-06-17 04:00:00+00:00,0402,2018/06/17 04:00:00+00,2018,6,2D,Ward 2,Gender Identity/Expression,,Simple Assault,38.90565396,-77.03981439,2018,Sunday,June
1300 block of Good Hope Rd SE,2018-06-17 04:00:00+00:00,2215,2018/06/18 04:00:00+00,2018,6,6D,Ward 8,Gender Identity/Expression,,Robbery,38.8669496,-76.98609184,2018,Sunday,June
7000 block of Blair Rd NW,2018-06-22 04:00:00+00:00,2001,2018/06/22 04:00:00+00,2018,6,4D,Ward 4,Ethnicity/National Origin,Latino/Hispanic,Simple Assault,38.97528887,-77.01904969,2018,Friday,June
1000 block of 14th St NW,2018-06-26 04:00:00+00:00,1445,2018/06/26 04:00:00+00,2018,6,2D,Ward 2,Ethnicity/National Origin,Asian,ADW,38.90312998,-77.03195398,2018,Tuesday,June
1200 block of Wisconsin Ave NW,2018-06-27 04:00:00+00:00,1728,2018/06/27 04:00:00+00,2018,6,2D,Ward 2,Sexual Orientation,,Stalking,38.90560134,-77.06282229,2018,Wednesday,June
300 block of D St SW,2018-06-29 04:00:00+00:00,0658,2018/06/29 04:00:00+00,2018,6,1D,Ward 6,Ethnicity/National Origin,Arab/Middle Eastern,Damage/Defacing/Destruction of Property,38.88507425,-77.01637809,2018,Friday,June
1300 block of U St NW,2018-06-29 04:00:00+00:00,0117,2018/06/29 04:00:00+00,2018,6,3D,Ward 1,Ethnicity/National Origin,Latino/Hispanic,ADW,38.91700008,-77.03078611,2018,Friday,June
1200 block of Quincy St NE,2018-06-29 04:00:00+00:00,1817,2018/06/29 04:00:00+00,2018,6,5D,Ward 5,Race,White,Simple Assault,38.93724454,-76.98955035,2018,Friday,June
3100 block of M St NW,2018-06-29 04:00:00+00:00,2145,2018/06/30 04:00:00+00,2018,6,2D,Ward 2,Ethnicity/National Origin,Jewish,Damage/Defacing/Destruction of Property,38.90518541,-77.06199794,2018,Friday,June
4400 block of Connecticut Ave NW,2018-07-01 04:00:00+00:00,1711,2018/07/01 04:00:00+00,2018,7,2D,Ward 3,Ethnicity/National Origin,Latino/Hispanic,Simple Assault,38.94731441,-77.06534433,2018,Sunday,July
4500 block of Garfield St NW,2018-07-02 04:00:00+00:00,1853,2018/07/02 04:00:00+00,2018,7,2D,Ward 3,Ethnicity/National Origin,Jewish,Damage/Defacing/Destruction of Property,38.9275282,-77.08944374,2018,Monday,July
1400 block of M St NW,2018-07-02 04:00:00+00:00,1714,2018/07/02 04:00:00+00,2018,7,2D,Ward 2,Ethnicity/National Origin,Jewish,Damage/Defacing/Destruction of Property,38.90564595,-77.03349113,2018,Monday,July
2400 block of Market St NE,2018-07-06 04:00:00+00:00,1309,2018/07/06 04:00:00+00,2018,7,5D,Ward 5,Race,Asian,Simple Assault,38.91984587,-76.95289941,2018,Friday,July
1700 block of Rhode Island Ave NW,2018-07-09 04:00:00+00:00,0631,2018/07/09 04:00:00+00,2018,7,2D,Ward 2,Race,Black,Simple Assault,38.90610249,-77.03980945,2018,Monday,July
1700 block of Pennsylvania Ave NW,2018-07-11 04:00:00+00:00,1546,2018/07/11 04:00:00+00,2018,7,2D,Ward 2,Ethnicity/National Origin,Asian,Threats,38.89920615,-77.04058121,2018,Wednesday,July
3000 block of 5th ST SE,2018-07-14 04:00:00+00:00,2229,2018/07/15 04:00:00+00,2018,7,7D,Ward 8,Sexual Orientation,,Robbery,38.84623981,-77.00076463,2018,Saturday,July
700 block of 10th St NW,2018-07-15 04:00:00+00:00,0358,2018/07/15 04:00:00+00,2018,7,2D,Ward 2,Sexual Orientation,,Simple Assault,38.89868539,-77.02599145,2018,Sunday,July
2300 block of M St NW,2018-07-21 04:00:00+00:00,0001,2018/07/21 04:00:00+00,2018,7,2D,Ward 2,Ethnicity/National Origin,Jewish,Damage/Defacing/Destruction of Property,38.90526128,-77.05075846,2018,Saturday,July
700 block of 4th ST SE,2018-07-25 04:00:00+00:00,2300,2018/07/26 04:00:00+00,2018,7,1D,Ward 6,Race,White,Damage/Defacing/Destruction of Property,38.88086917,-77.00057741,2018,Wednesday,July
800 block of Mount Vernon Pl NW,2018-07-28 04:00:00+00:00,1700,2018/07/28 04:00:00+00,2018,7,3D,Ward 2,Sexual Orientation,,Simple Assault,38.90294301,-77.02298125,2018,Saturday,July
800 block of 16th St NW,2018-07-30 04:00:00+00:00,1259,2018/08/02 04:00:00+00,2018,8,2D,Ward 2,Religion,Jewish,Damage/Defacing/Destruction of Property,38.90077259,-77.03655007,2018,Monday,July
3300 block of Wheeler Rd SE,2018-08-02 04:00:00+00:00,0752,2018/08/02 04:00:00+00,2018,8,7D,Ward 8,Ethnicity/National Origin,Latino/Hispanic,Simple Assault,38.84142961,-76.9938164,2018,Thursday,August
1200 block of Wisconsin Ave NW,2018-08-06 04:00:00+00:00,0141,2018/08/06 04:00:00+00,2018,8,2D,Ward 2,Race,Black,ADW,38.90560134,-77.06282229,2018,Monday,August
1900 block of 14th St NW,2018-08-09 04:00:00+00:00,0139,2018/08/09 04:00:00+00,2018,8,3D,Ward 2,Race,Black,Simple Assault,38.91592868,-77.0319536,2018,Thursday,August
2500 block of Pennsylvania Ave NW,2018-08-10 04:00:00+00:00,1822,2018/08/10 04:00:00+00,2018,8,2D,Ward 2,Ethnicity/National Origin,Jewish,Damage/Defacing/Destruction of Property,38.9037188,-77.05354168,2018,Friday,August
2100 block of I St NE,2018-08-10 04:00:00+00:00,0927,2018/08/10 04:00:00+00,2018,8,5D,Ward 5,Gender Identity/Expression,,Threats,38.9032552,-76.97303375,2018,Friday,August
6500 block of Georgia Ave NW,2018-08-11 04:00:00+00:00,0212,2018/08/11 04:00:00+00,2018,8,4D,Ward 4,Sexual Orientation,,Simple Assault,38.96945187,-77.02730886,2018,Saturday,August
1200 block of Valley Ter SE,2018-08-12 04:00:00+00:00,2300,2018/08/13 04:00:00+00,2018,8,7D,Ward 8,Sexual Orientation,,Damage/Defacing/Destruction of Property,38.83730209,-76.99076821,2018,Sunday,August
2000 block of P St NW,2018-08-17 04:00:00+00:00,1353,2018/08/17 04:00:00+00,2018,8,2D,Ward 2,Ethnicity/National Origin,Asian,Simple Assault,38.90964184,-77.0453223,2018,Friday,August
5000 block of Hayes St NE,2018-08-18 04:00:00+00:00,1820,2018/08/18 04:00:00+00,2018,8,6D,Ward 7,Gender Identity/Expression,,Threats,38.89970708,-76.92869726,2018,Saturday,August
6600 block of 31st St NW,2018-08-21 04:00:00+00:00,1815,2018/08/21 04:00:00+00,2018,8,2D,Ward 4,Race,Black,ADW,38.97607208,-77.0557967,2018,Tuesday,August
2300 block of M St NW,2018-08-25 04:00:00+00:00,2030,2018/08/25 04:00:00+00,2018,8,2D,Ward 2,Ethnicity/National Origin,Jewish,Damage/Defacing/Destruction of Property,38.90526128,-77.05075846,2018,Saturday,August
1700 block of Gales St NE,2018-08-26 04:00:00+00:00,1920,2018/08/26 04:00:00+00,2018,8,5D,Ward 7,Race,Black,Damage/Defacing/Destruction of Property,38.89795794,-76.97878643,2018,Sunday,August
5700 block of Broad Branch Rd NW,2018-08-27 04:00:00+00:00,1549,2018/08/27 04:00:00+00,2018,8,2D,Ward 3/Ward 4,Ethnicity/National Origin,Latino/Hispanic,Threats,38.96626835,-77.06861349,2018,Monday,August
3200 block of Pennsylvania Ave SE,2018-08-27 04:00:00+00:00,1249,2018/08/27 04:00:00+00,2018,8,6D,Ward 7,Race,White,Threats,38.86891865,-76.95947618,2018,Monday,August
1500 block of P St NW,2018-08-28 04:00:00+00:00,0123,2018/08/28 04:00:00+00,2018,8,2D,Ward 2,Sexual Orientation,,Simple Assault,38.90964298,-77.03554023,2018,Tuesday,August
3100 block of Mount Pleasant St NW,2018-08-28 04:00:00+00:00,2217,2018/08/29 04:00:00+00,2018,8,3D,Ward 1,Ethnicity/National Origin,Latino/Hispanic,ADW,38.92932598,-77.03758745,2018,Tuesday,August
1900 block of Martin Luther King Jr Ave SE,2018-08-28 04:00:00+00:00,0610,2018/08/28 04:00:00+00,2018,8,7D,Ward 8,Sexual Orientation,,Damage/Defacing/Destruction of Property,38.86712479,-76.98875828,2018,Tuesday,August
1100 block of 15th St NW,2018-08-29 04:00:00+00:00,1251,2018/08/29 04:00:00+00,2018,8,2D,Ward 2,Political Affiliation,,Threats,38.90469156,-77.03457256,2018,Wednesday,August
5500 block of 9th St NW,2018-08-30 04:00:00+00:00,1614,2018/08/30 04:00:00+00,2018,8,4D,Ward 4,Ethnicity/National Origin,Latino/Hispanic,ADW,38.95681184,-77.02578293,2018,Thursday,August
500 block of Rhode Island Ave NE,2018-08-31 04:00:00+00:00,1821,2018/08/31 04:00:00+00,2018,8,5D,Ward 5,Gender Identity/Expression,,Threats,38.920933,-76.99715701,2018,Friday,August
2300 block of 4th St NE,2018-09-01 04:00:00+00:00,1721,2018/09/01 04:00:00+00,2018,9,5D,Ward 5,Gender Identity/Expression,,Threats to Kidnap or Injure a Person,38.92076133,-77.00056931,2018,Saturday,September
600 block of Florida Ave NW,2018-09-02 04:00:00+00:00,2050,2018/09/02 04:00:00+00,2018,9,3D,Ward 2,Sexual Orientation,,Simple Assault,38.91559392,-77.02031712,2018,Sunday,September
600 block of H St NW,2018-09-04 04:00:00+00:00,2104,2018/09/04 04:00:00+00,2018,9,1D,Ward 2,Sexual Orientation,,Simple Assault,38.89981191,-77.0209122,2018,Tuesday,September
600 block of H St NW,2018-09-04 04:00:00+00:00,1905,2018/09/04 04:00:00+00,2018,9,1D,Ward 2,Sexual Orientation,,Destruction of Property,38.89981191,-77.0209122,2018,Tuesday,September
1200 block of North Capitol St NW,2018-09-07 04:00:00+00:00,1422,2018/09/07 04:00:00+00,2018,9,1D,Ward 5,Gender Identity/Expression,,Affrays,38.90764277,-77.00905302,2018,Friday,September
1300 block of Connecticut Ave NW,2018-09-14 04:00:00+00:00,1847,2018/09/14 04:00:00+00,2018,9,2D,Ward 2,Gender Identity/Expression,,Threats to do Bodily Harm,38.90992743,-77.04360696,2018,Friday,September
2800 block of Alabama Ave SE,2018-09-14 04:00:00+00:00,1200,2018/09/14 04:00:00+00,2018,9,6D,Ward 7,Gender Identity/Expression,,Threats to Kidnap or Injure a Person,38.86031258,-76.96583745,2018,Friday,September
2000 block of New Hampshire Ave NW,2018-09-16 04:00:00+00:00,2126,2018/09/16 04:00:00+00,2018,9,3D,Ward 1,Sexual Orientation,,Aggravated Assault,38.91756882,-77.03600646,2018,Sunday,September
1300 block of V St NW,2018-09-19 04:00:00+00:00,2040,2018/09/19 04:00:00+00,2018,9,3D,Ward 1,Sexual Orientation,,Simple Assault,38.9181127,-77.03078648,2018,Wednesday,September
6700 block of Georgia Ave NW,2018-09-23 04:00:00+00:00,2151,2018/09/23 04:00:00+00,2018,9,4D,Ward 4,Sexual Orientation,,Simple Assault,38.97191325,-77.02707151,2018,Sunday,September
3700 block of Georgia Ave NW,2018-09-25 04:00:00+00:00,0740,2018/09/25 04:00:00+00,2018,9,4D,Ward 4,Sexual Orientation,,Simple Assault,38.93696915,-77.02439858,2018,Tuesday,September
1600 block of S St NW,2018-09-25 04:00:00+00:00,2200,2018/09/26 04:00:00+00,2018,9,3D,Ward 2,Political Affiliation,,Threats to do Bodily Harm,38.91409293,-77.03749421,2018,Tuesday,September
3800 block of Minnesota Ave NE,2018-09-27 04:00:00+00:00,0628,2018/09/27 04:00:00+00,2018,9,6D,Ward 7,Gender Identity/Expression,,Destruction of Property,38.89213808,-76.95136745,2018,Thursday,September
400 block of A St SE,2018-09-27 04:00:00+00:00,1336,2018/09/28 04:00:00+00,2018,9,1D,Ward 6,Race,White,Simple Assault,38.88868073,-77.00004304,2018,Thursday,September
1900 block of Calvert St NW,2018-09-29 04:00:00+00:00,1445,2018/09/29 04:00:00+00,2018,9,3D,Ward 1,Sexual Orientation,,Deface Private/Public Property,38.92323722,-77.0460179,2018,Saturday,September
1100 block of 4th ST SW,2018-09-30 04:00:00+00:00,1830,2018/09/30 04:00:00+00,2018,9,1D,Ward 6,Sexual Orientation,,Simple Assault,38.87786661,-77.01763474,2018,Sunday,September
1900 block of Massachusetts Ave SE,2018-09-30 04:00:00+00:00,1844,2018/09/30 04:00:00+00,2018,9,1D,Ward 7,Sexual Orientation,,Simple Assault,38.88423153,-76.97650532,2018,Sunday,September
1600 block of Connecticut Ave NW,2018-10-02 04:00:00+00:00,0206,2018/10/02 04:00:00+00,2018,10,2D,Ward 2,Gender Identity/Expression,,Simple Assault,38.90992743,-77.04360696,2018,Tuesday,October
1100 block of U St NW,2018-10-05 04:00:00+00:00,1638,2018/10/05 04:00:00+00,2018,10,3D,Ward 1,Sexual Orientation,,Simple Assault,38.91699891,-77.0275601,2018,Friday,October
1800 block of Good Hope Rd SE,2018-10-07 04:00:00+00:00,1550,2018/10/07 04:00:00+00,2018,10,6D,Ward 8,Gender Identity/Expression,,Threats,38.86543068,-76.97808987,2018,Sunday,October
1400 block of Bruce Pl SE,2018-10-10 04:00:00+00:00,0833,2018/10/10 04:00:00+00,2018,10,7D,Ward 8,Sexual Orientation,,Threats,38.84966382,-76.98483968,2018,Wednesday,October
800 block of 5th St NW,2018-10-11 04:00:00+00:00,0630,2018/10/12 04:00:00+00,2018,10,1D,Ward 6,Gender Identity/Expression,,Threats,38.90033609,-77.01892869,2018,Thursday,October
1200 block of G St NW,2018-10-12 04:00:00+00:00,1913,2018/10/12 04:00:00+00,2018,10,2D,Ward 2,Sexual Orientation,,Threats,38.89831393,-77.02884908,2018,Friday,October
1600 block of Kalmia RD NW,2018-10-13 04:00:00+00:00,2245,2018/10/13 04:00:00+00,2018,10,3D,Ward 4,Ethnicity/National Origin,Latino/Hispanic,Robbery,38.98590846,-77.03768113,2018,Saturday,October
3400 block of Hayes St NE,2018-10-13 04:00:00+00:00,1731,2018/10/19 04:00:00+00,2018,10,6D,Ward 7,Race,White,Simple Assault,38.9066616,-76.95281911,2018,Saturday,October
7100 block of Georgia Ave NW,2018-10-14 04:00:00+00:00,1607,2018/10/14 04:00:00+00,2018,10,4D,Ward 4,Gender Identity/Expression,,Robbery,38.97654819,-77.02657864,2018,Sunday,October
4400 block of 14th St NW,2018-10-16 04:00:00+00:00,0334,2018/10/16 04:00:00+00,2018,10,4D,Ward 4,Gender Identity/Expression,,Simple Assault,38.94452858,-77.03272637,2018,Tuesday,October
400 block of New Jersey Ave SE,2018-10-16 04:00:00+00:00,1454,2018/10/16 04:00:00+00,2018,10,1D,Ward 6,Religion,Muslim,Threats,38.88463789,-77.00710157,2018,Tuesday,October
4400 block of Texas Ave SE,2018-10-17 04:00:00+00:00,1725,2018/10/17 04:00:00+00,2018,10,6D,Ward 7,Ethnicity/National Origin,Latino/Hispanic,Simple Assault,38.88413816,-76.94114016,2018,Wednesday,October
3700 block of Newark St NW,2018-10-18 04:00:00+00:00,2024,2018/10/18 04:00:00+00,2018,10,2D,Ward 3,Race,White,Threats,38.93475141,-77.07328988,2018,Thursday,October
3200 block of M St NW,2018-10-18 04:00:00+00:00,1615,2018/10/18 04:00:00+00,2018,10,2D,Ward 2,Gender Identity/Expression,,Threats,38.90515109,-77.0639959,2018,Thursday,October
1300 block of W St SE,2018-10-21 04:00:00+00:00,0150,2018/10/21 04:00:00+00,2018,10,7D,Ward 8,Gender Identity/Expression,,Robbery,38.86445743,-76.98733083,2018,Sunday,October
2100 block of G St NW,2018-10-24 04:00:00+00:00,1600,2018/10/29 04:00:00+00,2018,10,2D,Ward 2,Ethnicity/National Origin,Jewish,Damage/Defacing/Destruction of Property,38.89832314,-77.04774727,2018,Wednesday,October
1700 block of L St NW,2018-10-24 04:00:00+00:00,2245,2018/10/25 04:00:00+00,2018,10,2D,Ward 2,Political Affiliation,,Threats,38.90374105,-77.03926017,2018,Wednesday,October
1400 block of K St NW,2018-10-26 04:00:00+00:00,1445,2018/10/26 04:00:00+00,2018,10,2D,Ward 2,Political Affiliation,,Threats,38.90252277,-77.03279345,2018,Friday,October
1600 block of Columbia Rd NW,2018-10-27 04:00:00+00:00,1220,2018/10/27 04:00:00+00,2018,10,3D,Ward 1,Religion,Hindu,Simple Assault,38.92640639,-77.03671463,2018,Saturday,October
3900 block of Macomb St NW,2018-10-29 04:00:00+00:00,1250,2018/10/29 04:00:00+00,2018,10,2D,Ward 3,Religion,Jewish,Stalking,38.93348864,-77.07841458,2018,Monday,October
2100 block of 14th St NW,2018-10-29 04:00:00+00:00,0039,2018/10/29 04:00:00+00,2018,10,3D,Ward 1,Gender Identity/Expression,,Robbery,38.91864856,-77.03195182,2018,Monday,October
2800 block of Alabama Ave SE,2018-11-02 04:00:00+00:00,1612,2018/11/02 04:00:00+00,2018,11,6D,Ward 7,Sexual Orientation,,ADW,38.86031258,-76.96583745,2018,Friday,November
700 block of 13th St NW,2018-11-06 05:00:00+00:00,0917,2018/11/06 05:00:00+00,2018,11,2D,Ward 2,Ethnicity/National Origin,Latino/Hispanic,Threats to do Bodily Harm,38.89906062,-77.02962222,2018,Tuesday,November
3400 block of 14th St NW,2018-11-07 05:00:00+00:00,1140,2018/11/07 05:00:00+00,2018,11,4D,Ward 1,Ethnicity/National Origin,Latino/Hispanic,Simple Assault,38.93160663,-77.03273555,2018,Wednesday,November
2600 block of Woodley Rd NW,2018-11-07 05:00:00+00:00,1153,2018/11/07 05:00:00+00,2018,11,2D,Ward 3,Ethnicity/National Origin,Latino/Hispanic,Simple Assault,38.92570352,-77.05400541,2018,Wednesday,November
1700 block of U St NW,2018-11-10 05:00:00+00:00,0250,2018/11/10 05:00:00+00,2018,11,3D,Ward 2,Sexual Orientation,,ADW,38.91700401,-77.03984817,2018,Saturday,November
1400 block of Florida Ave NW,2018-11-10 05:00:00+00:00,1200,2018/11/10 05:00:00+00,2018,11,3D,Ward 1,Sexual Orientation,,Deface Private/Public Property,38.91974646,-77.03339224,2018,Saturday,November
1900 block of Q St NW,2018-11-11 05:00:00+00:00,1632,2018/11/11 05:00:00+00,2018,11,2D,Ward 2,Ethnicity/National Origin,Jewish,Deface Private/Public Property,38.91113056,-77.04416137,2018,Sunday,November
1800 block of West Virginia Ave NE,2018-11-13 05:00:00+00:00,1415,2018/11/13 05:00:00+00,2018,11,5D,Ward 5,Gender Identity/Expression,,Assault w/Significant Bodily Injury,38.91088646,-76.9852872,2018,Tuesday,November
1200 block of 28th ST NW,2018-11-16 05:00:00+00:00,2358,2018/11/17 05:00:00+00,2018,11,2D,Ward 2,Ethnicity/National Origin,Middle Eastern,Robbery,38.90565935,-77.05703519,2018,Friday,November
1000 block of 4th St SW,2018-11-16 05:00:00+00:00,1918,2018/11/16 05:00:00+00,2018,11,1D,Ward 6,Political Affiliation,,Destruction of Property,38.87786661,-77.01763474,2018,Friday,November
3000 block of McKInley St NW,2018-11-18 05:00:00+00:00,1809,2018/11/18 05:00:00+00,2018,11,2D,Ward 4,Ethnicity/National Origin,Jewish,Displaying Symbols,38.96490572,-77.0622599,2018,Sunday,November
4200 block of Davenport St NW,2018-11-20 05:00:00+00:00,1157,2018/11/20 05:00:00+00,2018,11,2D,Ward 3,Ethnicity/National Origin,Jewish,Displaying Symbols,38.95210735,-77.08244843,2018,Tuesday,November
1700 block of Columbia Rd NW,2018-11-24 05:00:00+00:00,2019,2018/11/24 05:00:00+00,2018,11,3D,Ward 1,Ethnicity/National Origin,Latino/Hispanic,Simple Assault,38.92465629,-77.03965317,2018,Saturday,November
3600 block of Cumberland St NW,2018-11-28 05:00:00+00:00,1957,2018/11/28 05:00:00+00,2018,11,2D,Ward 3,Race,Black,Simple Assault,38.95141105,-77.07068765,2018,Wednesday,November
1700 block of Euclid St NW,2018-11-29 05:00:00+00:00,1956,2018/11/29 05:00:00+00,2018,11,3D,Ward 1,Race,Black,Destruction of Property,38.92313777,-77.03961023,2018,Thursday,November
800 block of Florida Ave NE,2018-12-11 05:00:00+00:00,1912,2018/12/11 05:00:00+00,2018,12,5D,Ward 6,Religion,Muslim,Stalking,38.90451601,-76.99432777,2018,Tuesday,December
2300 block of K St NW,2018-12-13 05:00:00+00:00,1827,2018/12/13 05:00:00+00,2018,12,2D,Ward 2,Ethnicity/National Origin,Jewish,Displaying Symbols,38.90252596,-77.04997741,2018,Thursday,December
2900 block of 14th St NW,2018-12-14 05:00:00+00:00,2330,2018/12/15 05:00:00+00,2018,12,3D,Ward 1,Gender Identity/Expression,,Threats,38.92704868,-77.03246971,2018,Friday,December
Unit block of Dupont Cir NW,2018-12-16 05:00:00+00:00,0315,2018/12/16 05:00:00+00,2018,12,2D,Ward 2,Ethnicity/National Origin,Middle Eastern,Simple Assault,38.90936484,-77.04414667,2018,Sunday,December
1800 block of M St NW,2018-12-18 05:00:00+00:00,1710,2018/12/18 05:00:00+00,2018,12,2D,Ward 2,Race,Black,Threats,38.90565389,-77.04256765,2018,Tuesday,December
Unit block of Dupont Cir NW,2018-12-19 05:00:00+00:00,1745,2018/12/19 05:00:00+00,2018,12,2D,Ward 2,Religion,Muslim,Simple Assault,38.90936484,-77.04414667,2018,Wednesday,December
1100 block of Spring Rd NW,2018-12-23 05:00:00+00:00,0038,2018/12/23 05:00:00+00,2018,12,4D,Ward 1/Ward 4,Religion,Muslim,Threats,38.93612697,-77.02910856,2018,Sunday,December
1600 block of Kalmia RD NW,2018-12-24 05:00:00+00:00,1325,2018/12/24 05:00:00+00,2018,12,3D,Ward 4,Ethnicity/National Origin,Asian,Simple Assault,38.98590846,-77.03768113,2018,Monday,December
1100 block of 19th St NW,2018-12-27 05:00:00+00:00,1730,2018/12/28 05:00:00+00,2018,12,2D,Ward 2,Gender Identity/Expression,,Threats,38.90470003,-77.04345274,2018,Thursday,December
1800 block of Half St SW,2018-12-30 05:00:00+00:00,0045,2018/12/30 05:00:00+00,2018,12,1D,Ward 6,Ethnicity/National Origin,Latino/Hispanic,Simple Assault,38.86776372,-77.01069322,2018,Sunday,December
1600 block of 17th Pl SE,2018-12-30 05:00:00+00:00,0245,2018/12/30 05:00:00+00,2018,12,6D,Ward 8,Sexual Orientation,,ADW,38.87010703,-76.97989018,2018,Sunday,December
3000 block of K St NW,2019-01-01 05:00:00+00:00,0052,2019/01/03 05:00:00+00,2019,1,2D,Ward 2,Ethnicity/National Origin,Middle Eastern,Simple Assault,38.90259243,-77.05960938,2019,Tuesday,January
1100 block of Owen Pl NE,2019-01-04 05:00:00+00:00,1406,2019/01/04 05:00:00+00,2019,1,5D,Ward 5,Gender Identity/Expression,,Simple Assault,38.90641224,-76.98890508,2019,Friday,January
2200 block of Savannah Ter SE,2019-01-11 05:00:00+00:00,2214,2019/01/10 05:00:00+00,2019,1,7D,Ward 8,Ethnicity/National Origin,Latino/Hispanic,Robbery,38.84973551,-76.9726677,2019,Friday,January
1100 block of Alabama Ave SE,2019-01-13 05:00:00+00:00,1908,2019/01/13 05:00:00+00,2019,1,7D,Ward 8,Sexual Orientation,,Simple Assault,38.84422055,-76.99112653,2019,Sunday,January
900 block of U St NW,2019-01-16 05:00:00+00:00,2052,2019/01/16 05:00:00+00,2019,1,3D,Ward 1,Race,Black,Threats,38.91699641,-77.02463447,2019,Wednesday,January
3300 block of 12th ST NE,2019-01-17 05:00:00+00:00,1044,2019/01/17 05:00:00+00,2019,1,5D,Ward 5,Race,White,Simple Assault,38.93105802,-76.99088219,2019,Thursday,January
1600 block of West Virginia Ave NE,2019-01-27 05:00:00+00:00,2030,2019/01/27 05:00:00+00,2019,1,5D,Ward 5,Sexual Orientation,,Simple Assault,38.90801776,-76.98855445,2019,Sunday,January
3300 block of Sherman Ave NW,2019-01-29 05:00:00+00:00,0613,2019/01/29 05:00:00+00,2019,1,4D,Ward 1,Gender Identity/Expression,,Threats,38.93127137,-77.02660686,2019,Tuesday,January
500 block of Mellon St SE,2019-01-30 05:00:00+00:00,2100,2019/01/30 05:00:00+00,2019,1,7D,Ward 8,Gender Identity/Expression,,ADW,38.84633653,-76.99846297,2019,Wednesday,January
1600 block of Park Rd NW,2019-02-02 05:00:00+00:00,0940,2019/02/02 05:00:00+00,2019,2,3D,Ward 1,Sexual Orientation,,Threats,38.93210899,-77.0376422,2019,Saturday,February
4000 block of Minnesota Ave NE,2019-02-05 05:00:00+00:00,1909,2019/02/05 05:00:00+00,2019,2,6D,Ward 7,Sexual Orientation,,Threats,38.89665588,-76.94764751,2019,Tuesday,February
1400 block of Clifton St NW,2019-02-08 05:00:00+00:00,0048,2019/02/08 05:00:00+00,2019,2,3D,Ward 1,Ethnicity/National Origin,Black/African,Simple Assault,38.92262905,-77.0329932,2019,Friday,February
1800 block of Columbia Rd NW,2019-02-10 05:00:00+00:00,0309,2019/02/10 05:00:00+00,2019,2,3D,Ward 1,Ethnicity/National Origin,Arab/Middle Eastern,Simple Assault,38.9224915,-77.04294961,2019,Sunday,February
3700 block of Georgia Ave NW,2019-02-12 05:00:00+00:00,1739,2019/02/12 05:00:00+00,2019,2,4D,Ward 4,Ethnicity/National Origin,Latino/Hispanic,Simple Assault,38.93696915,-77.02439858,2019,Tuesday,February
2300 block of 18th St NW,2019-02-16 05:00:00+00:00,2341,2019/02/17 05:00:00+00,2019,2,3D,Ward 1,Sexual Orientation,,Simple Assault,38.92012523,-77.04185915,2019,Saturday,February
600 block of H St NE,2019-02-18 05:00:00+00:00,2025,2019/02/20 05:00:00+00,2019,2,1D,Ward 6,Sexual Orientation,,Simple Assault,38.90020336,-76.99730482,2019,Monday,February
1900 block of 9th St NW,2019-02-23 05:00:00+00:00,0326,2019/02/23 05:00:00+00,2019,2,3D,Ward 1,Sexual Orientation,,Threats,38.9162802,-77.02396659,2019,Saturday,February
1500 block of Savannah St SE,2019-02-24 05:00:00+00:00,2025,2019/02/24 05:00:00+00,2019,2,7D,Ward 8,Gender Identity/Expression,,Robbery,38.8446942,-76.9830504,2019,Sunday,February
4900 block of Arkansas Ave NW,2019-02-25 05:00:00+00:00,1635,2019/02/25 05:00:00+00,2019,2,4D,Ward 4,Race,Black,ADW,38.9502687,-77.02845976,2019,Monday,February
1900 block of 2nd ST NW,2019-03-02 05:00:00+00:00,0930,2019/03/02 05:00:00+00,2019,3,3D,Ward 1/Ward 5,Ethnicity/National Origin,Asian,Damage/Defacing/Destruction of Property,38.91608287,-77.01439631,2019,Saturday,March
1400 block of 16th St NW,2019-03-04 05:00:00+00:00,1750,2019/03/04 05:00:00+00,2019,3,2D,Ward 2,Ethnicity/National Origin,Jewish,Damage/Defacing/Destruction of Property,38.9091691,-77.03652543,2019,Monday,March
1500 block of E St SE,2019-03-05 05:00:00+00:00,1303,2019/03/05 05:00:00+00,2019,3,1D,Ward 7,Race,White,Damage/Defacing/Destruction of Property,38.88283536,-76.98293587,2019,Tuesday,March
1200 block of Connecticut Ave NW,2019-03-06 05:00:00+00:00,0203,2019/03/06 05:00:00+00,2019,3,2D,Ward 2,Sexual Orientation,,Simple Assault,38.90606186,-77.04135733,2019,Wednesday,March
Unit block of Florida Ave  NE,2019-03-07 05:00:00+00:00,1749,2019/03/07 05:00:00+00,2019,3,5D,Ward 5,Gender Identity/Expression,,Threats,38.91057539,-77.00855496,2019,Thursday,March
900 block of 23rd St NW,2019-03-08 05:00:00+00:00,1430,2019/03/11 04:00:00+00,2019,3,2D,Ward 2,Race,Black,Damage/Defacing/Destruction of Property,38.90134256,-77.05012426,2019,Friday,March
1900 block of K St NW,2019-03-09 05:00:00+00:00,1954,2019/03/16 04:00:00+00,2019,3,2D,Ward 2,Sex/Gender,Female,Threats,38.90252559,-77.04417875,2019,Saturday,March
4500 block of Wisconsin Ave NW,2019-03-10 05:00:00+00:00,2251,2019/03/10 05:00:00+00,2019,3,2D,Ward 3,Ethnicity/National Origin,Latino/Hispanic,Simple Assault,38.94835706,-77.07993731,2019,Sunday,March
800 block of 8th St NW,2019-03-11 04:00:00+00:00,1147,2019/03/15 04:00:00+00,2019,3,1D,Ward 2,Ethnicity/National Origin,Jewish,Threats,38.90034392,-77.02294698,2019,Monday,March
1100 block of 19th St NW,2019-03-15 04:00:00+00:00,1545,2019/03/18 04:00:00+00,2019,3,2D,Ward 2,Gender Identity/Expression,,Threats,38.90470003,-77.04345274,2019,Friday,March
4200 block of Edson Pl NE,2019-03-15 04:00:00+00:00,1614,2019/03/15 04:00:00+00,2019,3,6D,Ward 7,Ethnicity/National Origin,Black/African,Simple Assault,38.89677676,-76.94089766,2019,Friday,March
Unit block of K St NW,2019-03-15 04:00:00+00:00,0811,2019/03/15 04:00:00+00,2019,3,1D,Ward 6,Ethnicity/National Origin,Latino/Hispanic,Threats,38.90251513,-77.01015059,2019,Friday,March
1900 block of 14th St NW,2019-03-15 04:00:00+00:00,0213,2019/03/15 04:00:00+00,2019,3,3D,Ward 2,Sexual Orientation,,Simple Assault,38.91592868,-77.0319536,2019,Friday,March
Unit block of Washington Cir NW,2019-03-19 04:00:00+00:00,1757,2019/03/19 04:00:00+00,2019,3,2D,Ward 2,Ethnicity/National Origin,Jewish,Damage/Defacing/Destruction of Property,38.90208087,-77.04972912,2019,Tuesday,March
7500 block of Georgia Ave NW,2019-03-22 04:00:00+00:00,1421,2019/03/22 04:00:00+00,2019,3,4D,Ward 4,Gender Identity/Expression,,Threats,38.98174639,-77.02653522,2019,Friday,March
1500 block of Ogden St NW,2019-03-22 04:00:00+00:00,2000,2019/03/26 04:00:00+00,2019,3,4D,Ward 1,Ethnicity/National Origin,Jamaican,Simple Assault,38.93555228,-77.03488706,2019,Friday,March
2200 block of I St NW,2019-03-24 04:00:00+00:00,0023,2019/03/24 04:00:00+00,2019,3,2D,Ward 2,Ethnicity/National Origin,Asian,Simple Assault,38.90069883,-77.04947603,2019,Sunday,March
1700 block of Columbia Rd NW,2019-03-24 04:00:00+00:00,1600,2019/03/24 04:00:00+00,2019,3,3D,Ward 1,Sexual Orientation,,Threats,38.92465629,-77.03965317,2019,Sunday,March
1800 block of Kalorama Rd NW,2019-03-26 04:00:00+00:00,1515,2019/03/26 04:00:00+00,2019,3,3D,Ward 1,Sexual Orientation,,Damage/Defacing/Destruction of Property,38.91965808,-77.04305087,2019,Tuesday,March
2400 block of K St NW,2019-03-27 04:00:00+00:00,0803,2019/03/27 04:00:00+00,2019,3,2D,Ward 2,Race,White,Simple Assault,38.90252596,-77.04997741,2019,Wednesday,March
400 block of H St NE,2019-03-28 04:00:00+00:00,1836,2019/03/28 04:00:00+00,2019,3,1D,Ward 6,Ethnicity/National Origin,Asian,Simple Assault,38.90020484,-77.00003885,2019,Thursday,March
4900 block of Massachusetts Ave NW,2019-03-29 04:00:00+00:00,1120,2019/03/29 04:00:00+00,2019,3,2D,Ward 3,Religion,Jewish,Stalking,38.94605194,-77.09704913,2019,Friday,March
1700 block of 28th ST SE,2019-03-30 04:00:00+00:00,1503,2019/03/30 04:00:00+00,2019,3,6D,Ward 7,Sexual Orientation,,Simple Assault,38.86856632,-76.96777803,2019,Saturday,March
2600 block of 14th ST NW,2019-03-31 04:00:00+00:00,1347,2019/03/31 04:00:00+00,2019,3,3D,Ward 1,Race,White,Robbery,38.9236993,-77.03213756,2019,Sunday,March
Unit block of O St NW,2019-04-03 04:00:00+00:00,0030,2019/04/03 04:00:00+00,2019,4,3D,Ward 5,Race,White,Threats,38.90856644,-77.01067524,2019,Wednesday,April
600 block of Pennsylvania Ave SE,2019-04-04 04:00:00+00:00,0945,2019/04/04 04:00:00+00,2019,4,1D,Ward 6,Race,Black,Simple Assault,38.8851343,-76.99731546,2019,Thursday,April
1900 block of 14th St SE,2019-04-04 04:00:00+00:00,0502,2019/04/04 04:00:00+00,2019,4,7D,Ward 8,Gender Identity/Expression,,Simple Assault,38.86717969,-76.98512095,2019,Thursday,April
Unit block of Rock Creek Church Rd NW,2019-04-05 04:00:00+00:00,1350,2019/04/05 04:00:00+00,2019,4,4D,Ward 4/Ward 5,Ethnicity/National Origin,Jewish,Damage/Defacing/Destruction of Property,38.94387052,-77.01208944,2019,Friday,April
800 block of Florida Ave NW,2019-04-06 04:00:00+00:00,1711,2019/04/06 04:00:00+00,2019,4,3D,Ward 1,Sexual Orientation,,ADW,38.91686837,-77.0234419,2019,Saturday,April
800 block of H St NW,2019-04-10 04:00:00+00:00,1704,2019/04/10 04:00:00+00,2019,4,1D,Ward 2,Ethnicity/National Origin,Asian,Simple Assault,38.89981143,-77.02345681,2019,Wednesday,April
3600 block of Connecticut Ave NW,2019-04-11 04:00:00+00:00,1450,2019/04/11 04:00:00+00,2019,4,2D,Ward 3,Race,White,Threats,38.93752508,-77.05965035,2019,Thursday,April
1900 block of 16th St NW,2019-04-14 04:00:00+00:00,1527,2019/04/14 04:00:00+00,2019,4,3D,Ward 2,Sexual Orientation,,Simple Assault,38.91593086,-77.03650584,2019,Sunday,April
1000 block of N St NW,2019-04-17 04:00:00+00:00,1800,2019/04/18 04:00:00+00,2019,4,3D,Ward 2,Race,White,Threats,38.90723798,-77.02651189,2019,Wednesday,April
100 block of V St NW,2019-04-20 04:00:00+00:00,0927,2019/04/20 04:00:00+00,2019,4,3D,Ward 5,Race,White,Threats,38.91811227,-77.01284521,2019,Saturday,April
3700 block of Hayes St NE,2019-04-20 04:00:00+00:00,1038,2019/04/20 04:00:00+00,2019,4,6D,Ward 7,Race,White,Threats,38.9066616,-76.95281911,2019,Saturday,April
2300 block of M St NW,2019-04-24 04:00:00+00:00,1717,2019/04/24 04:00:00+00,2019,4,2D,Ward 2,Ethnicity/National Origin,Jewish,Damage/Defacing/Destruction of Property,38.90526128,-77.05075846,2019,Wednesday,April
600 block of Florida Ave NW,2019-04-27 04:00:00+00:00,0200,2019/04/27 04:00:00+00,2019,4,3D,Ward 2,Sexual Orientation,,Simple Assault,38.91559392,-77.02031712,2019,Saturday,April
900 block of U St NW,2019-04-27 04:00:00+00:00,2305,2019/04/28 04:00:00+00,2019,4,3D,Ward 1,Ethnicity/National Origin,Latino/Hispanic,Simple Assault,38.91699641,-77.02463447,2019,Saturday,April
1800 block of 2nd St NW,2019-04-30 04:00:00+00:00,1945,2019/04/30 04:00:00+00,2019,4,3D,Ward 5,Sexual Orientation,,Simple Assault,38.91453616,-77.01421866,2019,Tuesday,April
5900 block of Georgia Ave NW,2019-05-02 04:00:00+00:00,1341,2019/05/02 04:00:00+00,2019,5,4D,Ward 4,Race,Black,Simple Assault,38.96197956,-77.02794983,2019,Thursday,May
1100 block of 15th St NW,2019-05-08 04:00:00+00:00,1509,2019/05/08 04:00:00+00,2019,5,2D,Ward 2,Ethnicity/National Origin,Jewish,Threats,38.90469156,-77.03457256,2019,Wednesday,May
1500 block of Connecticut Ave NW,2019-05-14 04:00:00+00:00,0911,2019/05/14 04:00:00+00,2019,5,2D,Ward 2,Race,White,Threats,38.90992743,-77.04360696,2019,Tuesday,May
4700 block of Connecticut Ave NW,2019-05-14 04:00:00+00:00,1900,2019/05/15 04:00:00+00,2019,5,2D,Ward 3,Disability,,Damage/Defacing/Destruction of Property,38.95107025,-77.06752644,2019,Tuesday,May
1500 block of 35th ST NW,2019-05-15 04:00:00+00:00,0500,2019/05/15 04:00:00+00,2019,5,2D,Ward 2,Sexual Orientation,,Threats,38.90921365,-77.06910246,2019,Wednesday,May
5500 block of 4th St NW,2019-05-22 04:00:00+00:00,1806,2019/05/22 04:00:00+00,2019,5,4D,Ward 4,Race,Black,Simple Assault,38.95708249,-77.01784055,2019,Wednesday,May
3700 block of Hayes St NE,2019-05-23 04:00:00+00:00,2126,2019/05/24 04:00:00+00,2019,5,6D,Ward 7,Race,White,Threats,38.9066616,-76.95281911,2019,Thursday,May
2300 block of K St NW,2019-05-24 04:00:00+00:00,1335,2019/05/24 04:00:00+00,2019,5,2D,Ward 2,Race,Black,Damage/Defacing/Destruction of Property,38.90252596,-77.04997741,2019,Friday,May
1200 block of 12th St NW,2019-05-24 04:00:00+00:00,2000,2019/05/30 04:00:00+00,2019,5,3D,Ward 2,Ethnicity/National Origin,Jewish,Damage/Defacing/Destruction of Property,38.90644317,-77.0280851,2019,Friday,May
1800 block of Kendall St NE,2019-05-24 04:00:00+00:00,0258,2019/05/24 04:00:00+00,2019,5,5D,Ward 5,Gender Identity/Expression,,ADW,38.91204777,-76.98639121,2019,Friday,May
1000 block of 31st St NW,2019-05-24 04:00:00+00:00,0016,2019/05/24 04:00:00+00,2019,5,2D,Ward 2,Religion,Muslim,Threats,38.90301368,-77.06113659,2019,Friday,May
1900 block of 9th ST NW,2019-05-26 04:00:00+00:00,0300,2019/05/31 04:00:00+00,2019,5,3D,Ward 1,Ethnicity/National Origin,Black/African,Misdemeanor Sex Abuse,38.9162802,-77.02396659,2019,Sunday,May
4500 block of Wisconsin Ave NW,2019-05-29 04:00:00+00:00,0127,2019/05/29 04:00:00+00,2019,5,2D,Ward 3,Race,Black,Threats,38.94835706,-77.07993731,2019,Wednesday,May
600 block of Maryland Ave  NE,2019-05-31 04:00:00+00:00,0852,2019/05/31 04:00:00+00,2019,5,1D,Ward 6,Sexual Orientation,,Damage/Defacing/Destruction of Property,38.89437667,-76.99754757,2019,Friday,May
1200 block of 18th ST NW,2019-06-02 04:00:00+00:00,0252,2019/06/02 04:00:00+00,2019,6,2D,Ward 2,Gender Identity/Expression,,Robbery,38.90606355,-77.04168338,2019,Sunday,June
2800 block of Alabama Ave SE,2019-06-05 04:00:00+00:00,1656,2019/06/05 04:00:00+00,2019,6,6D,Ward 7,Race,White,Threats,38.86031258,-76.96583745,2019,Wednesday,June
1400 block of U St NW,2019-06-08 04:00:00+00:00,0044,2019/06/08 04:00:00+00,2019,6,3D,Ward 2,Sexual Orientation,,Simple Assault,38.9169968,-77.03324151,2019,Saturday,June
4000 block of Chesapeake St NW,2019-06-14 04:00:00+00:00,0500,2019/06/21 04:00:00+00,2019,6,2D,Ward 3,Ethnicity/National Origin,Jewish,Displaying Symbols,38.9507239,-77.07952996,2019,Friday,June
3400 block of 14th St NW,2019-06-15 04:00:00+00:00,1108,2019/06/15 04:00:00+00,2019,6,4D,Ward 1,Sexual Orientation,,Threats,38.93160663,-77.03273555,2019,Saturday,June
1000 U St NW,2019-06-16 04:00:00+00:00,0144,2019/06/16 04:00:00+00,2019,6,3D,Ward 1,Sexual Orientation,,,38.91670778,-77.02629713,2019,Sunday,June
1300 block of Park Rd NW,2019-06-16 04:00:00+00:00,1001,2019/06/16 04:00:00+00,2019,6,3D,Ward 1,Race,Black,Simple Assault,38.93112805,-77.03027968,2019,Sunday,June
2500 block of K St NW,2019-06-16 04:00:00+00:00,0105,2019/06/16 04:00:00+00,2019,6,2D,Ward 2,Sexual Orientation,,Threats,38.90252961,-77.05470587,2019,Sunday,June
2100 block of G St NW,2017-02-23 05:00:00+00:00,1326,2017/03/03 05:00:00+00,2017,3,2D,Ward 2,Political Affiliation,,Damage/Defacing/Destruction of Property,38.89832314,-77.04774727,2017,Thursday,February
400 block of Shepherd St NW,2017-02-28 05:00:00+00:00,1555,2017/02/28 05:00:00+00,2017,2,4D,Ward 4,Ethnicity/National Origin,Latino/Hispanic,Simple Assault,38.93997119,-77.01715273,2017,Tuesday,February
3000 block of M St NW,2017-03-03 05:00:00+00:00,1705,2017/03/03 05:00:00+00,2017,3,2D,Ward 2,Race,White,Threats,38.90521284,-77.05966495,2017,Friday,March
200 block of 57th St NE,2017-03-08 05:00:00+00:00,1625,2017/03/08 05:00:00+00,2017,3,6D,Ward 7,Gender Identity/Expression,,Threats,38.89237312,-76.91958653,2017,Wednesday,March
3800 block of Georgia Ave NW,2017-03-09 05:00:00+00:00,1650,2017/03/09 05:00:00+00,2017,3,4D,Ward 4,Gender Identity/Expression,,Threats,38.93814839,-77.02458342,2017,Thursday,March
400 block of New Jersey Ave NW,2017-03-13 04:00:00+00:00,2115,2017/03/14 04:00:00+00,2017,3,1D,Ward 6,Ethnicity/National Origin,Asian,Damage/Defacing/Destruction of Property,38.89545518,-77.01118855,2017,Monday,March
1600 block of R St NW,2017-03-16 04:00:00+00:00,0200,2017/03/16 04:00:00+00,2017,3,3D,Ward 2,Sexual Orientation,,ADW,38.91260899,-77.03749919,2017,Thursday,March
1100 block of Mount Olivet Rd NE,2017-03-20 04:00:00+00:00,2302,2017/03/20 04:00:00+00,2017,3,5D,Ward 5,Gender Identity/Expression,,Simple Assault,38.91056153,-76.98603037,2017,Monday,March
1900 block of 2nd ST NW,2017-03-21 04:00:00+00:00,1830,2017/03/20 04:00:00+00,2017,3,3D,Ward 1,Race,Black,Simple Assault,38.91608287,-77.01439631,2017,Tuesday,March
1300 block of R St NW,2017-03-25 04:00:00+00:00,0505,2017/03/25 04:00:00+00,2017,3,3D,Ward 2,Sexual Orientation,,Simple Assault,38.91260879,-77.03078756,2017,Saturday,March
800 block of Mount Vernon Pl NW,2017-03-26 04:00:00+00:00,1416,2017/03/26 04:00:00+00,2017,3,3D,Ward 2,Ethnicity/National Origin,Arab/Middle Eastern,ADW,38.90294301,-77.02298125,2017,Sunday,March
2800 block of Wisconsin Ave NW,2017-03-29 04:00:00+00:00,1427,2017/04/03 04:00:00+00,2017,4,2D,Ward 3,Religion,Jewish,Stalking,38.9268556,-77.07318789,2017,Wednesday,March
4500 block of Foote St NE,2017-04-01 04:00:00+00:00,1732,2017/04/02 04:00:00+00,2017,4,6D,Ward 7,Race,White,Threats,38.89751445,-76.9371808,2017,Saturday,April
900 block of E St NW,2017-04-11 04:00:00+00:00,1328,2017/04/11 04:00:00+00,2017,4,2D,Ward 2,Gender Identity/Expression,,Threats,38.89613147,-77.02497517,2017,Tuesday,April
4900 block of 7th Pl NE,2017-04-14 04:00:00+00:00,0900,2017/05/07 04:00:00+00,2017,5,4D,Ward 5,Political Affiliation,,Damage/Defacing/Destruction of Property,38.94853259,-76.99580815,2017,Friday,April
1300 block of Florida Ave NE,2017-04-15 04:00:00+00:00,1600,2017/04/16 04:00:00+00,2017,4,5D,Ward 5/Ward 6,Gender Identity/Expression,,Simple Assault,38.901754,-76.98785095,2017,Saturday,April
Unit block of Dupont Cir NW,2017-04-16 04:00:00+00:00,0057,2017/04/16 04:00:00+00,2017,4,2D,Ward 2,Ethnicity/National Origin,Arab/Middle Eastern or Jewish,Threats,38.90936484,-77.04414667,2017,Sunday,April
3900 block of Minnesota Ave NE,2017-04-22 04:00:00+00:00,2308,2017/04/23 04:00:00+00,2017,4,6D,Ward 7,Sexual Orientation,,Simple Assault,38.8935443,-76.95033389,2017,Saturday,April
1400 block of Belmont St NW,2017-04-24 04:00:00+00:00,0934,2017/04/24 04:00:00+00,2017,4,3D,Ward 1,Ethnicity/National Origin,Latino/Hispanic,Simple Assault,38.92051037,-77.03336008,2017,Monday,April
3400 block of 4th St SE,2017-04-26 04:00:00+00:00,1300,2017/04/26 04:00:00+00,2017,4,7D,Ward 8,Sexual Orientation,,Simple Assault,38.83942837,-77.00057362,2017,Wednesday,April
2300 block of Sherman Ave NW,2017-04-29 04:00:00+00:00,0013,2017/04/29 04:00:00+00,2017,4,3D,Ward 1,Sexual Orientation,,Robbery,38.92229171,-77.02534216,2017,Saturday,April
4600 block of Georgia Ave NW,2017-04-29 04:00:00+00:00,0437,2017/04/29 04:00:00+00,2017,4,4D,Ward 4,Sexual Orientation,,ADW,38.94665616,-77.02670408,2017,Saturday,April
700 block of Monroe St NE,2017-05-06 04:00:00+00:00,2330,2017/05/07 04:00:00+00,2017,5,5D,Ward 5,Sexual Orientation,,ADW,38.93236657,-76.9955767,2017,Saturday,May
6000 block of 16th St NW,2017-05-07 04:00:00+00:00,1239,2017/05/08 04:00:00+00,2017,5,4D,Ward 4,Religion,Jewish,Threats,38.963618,-77.0363843,2017,Sunday,May
1800 block of Half St SW,2017-05-13 04:00:00+00:00,0156,2017/05/13 04:00:00+00,2017,5,1D,Ward 6,Ethnicity/National Origin,Arab/Middle Eastern,Damage/Defacing/Destruction of Property,38.86776372,-77.01069322,2017,Saturday,May
800 block of Quincy St NW,2017-05-13 04:00:00+00:00,0935,2017/05/13 04:00:00+00,2017,5,4D,Ward 4,Gender Identity/Expression,,Threats,38.93764636,-77.02322819,2017,Saturday,May
3000 block of Georgia Ave NW,2017-05-14 04:00:00+00:00,1835,2017/05/14 04:00:00+00,2017,5,4D,Ward 1,Sexual Orientation,,Simple Assault,38.92858177,-77.02316216,2017,Sunday,May
3900 block of Georgia Ave NW,2017-05-29 04:00:00+00:00,1350,2017/05/29 04:00:00+00,2017,5,4D,Ward 4,Race,Black,Threats,38.93921384,-77.02482728,2017,Monday,May
2800 block of Quebec St NW,2017-05-29 04:00:00+00:00,2024,2017/05/30 04:00:00+00,2017,5,2D,Ward 3,Religion,Jewish,Threats,38.93684138,-77.05576462,2017,Monday,May
700 block of Gresham Pl NW,2017-06-02 04:00:00+00:00,0901,2017/06/02 04:00:00+00,2017,6,3D,Ward 1,Sexual Orientation,,Simple Assault,38.92649727,-77.02436939,2017,Friday,June
3400 block of Georgia Ave NW,2017-06-03 04:00:00+00:00,1815,2017/06/03 04:00:00+00,2017,6,4D,Ward 1,Ethnicity/National Origin,Latino/Hispanic,ADW,38.93242496,-77.02371551,2017,Saturday,June
1600 block of Montana Ave NE,2017-06-05 04:00:00+00:00,1930,2017/06/12 04:00:00+00,2017,6,5D,Ward 5,Sexual Orientation,,Cruelty to Children,38.92193309,-76.98195825,2017,Monday,June
1600 block of V St NW,2017-06-07 04:00:00+00:00,1755,2017/06/07 04:00:00+00,2017,6,3D,Ward 1,Sexual Orientation,,Damage/Defacing/Destruction of Property,38.91811363,-77.03748514,2017,Wednesday,June
1000 block of Massachusetts Ave NW,2017-06-12 04:00:00+00:00,2230,2017/06/12 04:00:00+00,2017,6,2D,Ward 2,Race,Black,Simple Assault,38.90368856,-77.02628633,2017,Monday,June
1400 block of V St NW,2017-06-14 04:00:00+00:00,1330,2017/06/16 04:00:00+00,2017,6,3D,Ward 1,Race,Black,Displaying Symbols,38.91811437,-77.03324134,2017,Wednesday,June
3100 block of Martin Luther King Jr Ave SE,2017-06-15 04:00:00+00:00,1151,2017/06/15 04:00:00+00,2017,6,7D,Ward 8,Race,Black,Displaying Symbols,38.84365008,-76.99899876,2017,Thursday,June
1400 block of V St NW,2017-06-15 04:00:00+00:00,0900,2017/06/15 04:00:00+00,2017,6,3D,Ward 1,Race,Black,Displaying Symbols,38.91811437,-77.03324134,2017,Thursday,June
2000 block of P St NW,2016-05-28 04:00:00+00:00,0000-1030,2016/05/28 04:00:00+00,2016,5,2D,Ward 2,Ethnicity/National Origin,Arab/Middle Eastern,Damage/Defacing/Destruction of Property,38.90964184,-77.0453223,2016,Saturday,May
2400 block of Tracy Pl NW,2016-06-01 04:00:00+00:00,1730-1732,2016/07/06 04:00:00+00,2016,7,2D,Ward 2,Religion,Jewish,Damage/Defacing/Destruction of Property,38.91628538,-77.05406666,2016,Wednesday,June
3900 block of Benning Rd NE,2016-06-06 04:00:00+00:00,1623,2016/06/06 04:00:00+00,2016,6,6D,Ward 7,Sexual Orientation,,Simple Assault,38.89486652,-76.94859672,2016,Monday,June
2300 block of Green St SE,2016-06-10 04:00:00+00:00,0020,2016/06/10 04:00:00+00,2016,6,7D,Ward 8,Sexual Orientation,,ADW,38.86173341,-76.98149033,2016,Friday,June
2400 block of Sherman Ave NW,2016-06-11 04:00:00+00:00,1045,2016/06/11 04:00:00+00,2016,6,3D,Ward 1,Race,Black,Simple Assault,38.92229171,-77.02534216,2016,Saturday,June
2300 block of 18th St NW,2016-06-12 04:00:00+00:00,0400,2016/06/16 04:00:00+00,2016,6,3D,Ward 1,Sexual Orientation,,Damage/Defacing/Destruction of Property,38.92012523,-77.04185915,2016,Sunday,June
2000 block of S St NW,2016-06-13 04:00:00+00:00,0400,2016/06/13 04:00:00+00,2016,6,2D,Ward 2,Sexual Orientation,,Damage/Defacing/Destruction of Property,38.91409056,-77.04544643,2016,Monday,June
900 block of H St NW,2016-06-14 04:00:00+00:00,1730,2016/06/14 04:00:00+00,2016,6,1D,Ward 2,Gender Identity/Expression,,Threats,38.89981319,-77.02497934,2016,Tuesday,June
1500 block of North Capitol St NW,2016-06-20 04:00:00+00:00,1900,2016/06/20 04:00:00+00,2016,6,3D,Ward 5,Gender Identity/Expression,,Robbery,38.91000719,-77.0090509,2016,Monday,June
1800 block of 18th St NW,2016-06-22 04:00:00+00:00,2352,2016/06/23 04:00:00+00,2016,6,2D,Ward 2,Sexual Orientation,,ADW,38.91446285,-77.04166039,2016,Wednesday,June
400 block of O St NW,2016-06-23 04:00:00+00:00,2000,2016/06/23 04:00:00+00,2016,6,3D,Ward 2,Race,White,Threats,38.90857192,-77.01754929,2016,Thursday,June
1300 block of Alabama Ave SE,2016-06-23 04:00:00+00:00,1730,2016/06/23 04:00:00+00,2016,6,7D,Ward 8,Sexual Orientation,,Threats,38.84507691,-76.98678918,2016,Thursday,June
800 block of Bladensburg Rd NE,2016-06-25 04:00:00+00:00,1946,2016/06/25 04:00:00+00,2016,6,5D,Ward 5,Sexual Orientation,,ADW,38.90045504,-76.98314199,2016,Saturday,June
3100 block of M St NW,2016-06-25 04:00:00+00:00,2016,2016/06/25 04:00:00+00,2016,6,2D,Ward 2,Race,White,Simple Assault,38.90518541,-77.06199794,2016,Saturday,June
1500 block of Alabama Ave SE,2016-07-08 04:00:00+00:00,0333-0350,2016/07/08 04:00:00+00,2016,7,7D,Ward 8,Sexual Orientation,,ADW,38.84653773,-76.98155338,2016,Friday,July
600 block of I St NW,2016-07-12 04:00:00+00:00,2135-2150,2016/07/13 04:00:00+00,2016,7,1D,Ward 2,Race,Black,Threats,38.90086787,-77.02090986,2016,Tuesday,July
1100 block of Rhode Island Ave NW,2016-07-14 04:00:00+00:00,1630-1649,2016/07/14 04:00:00+00,2016,7,3D,Ward 2,Sexual Orientation,,Simple Assault,38.91036264,-77.02756077,2016,Thursday,July
1600 block of 16th ST NW,2017-09-20 04:00:00+00:00,1900,2017/09/22 04:00:00+00,2017,9,3D,Ward 2,Political Affiliation,,Damage/Defacing/Destruction of Property,38.91149641,-77.03651636,2017,Wednesday,September
1600 block of Rhode Island Ave NW,2017-09-21 04:00:00+00:00,0700,2017/09/21 04:00:00+00,2017,9,2D,Ward 2,Sexual Orientation,,Threats,38.90699416,-77.03726404,2017,Thursday,September
1700 block of Florida Ave NW,2017-09-21 04:00:00+00:00,1400,2017/09/22 04:00:00+00,2017,9,3D,Ward 1,Race,Black,Threats,38.91846429,-77.03867961,2017,Thursday,September
5400 block of 3rd St NW,2017-09-26 04:00:00+00:00,1700,2017/09/27 04:00:00+00,2017,9,4D,Ward 4,Race,Black,Damage/Defacing/Destruction of Property,38.95602302,-77.01606874,2017,Tuesday,September
2600 block of Connecticut Ave NW,2017-09-26 04:00:00+00:00,1642,2017/09/26 04:00:00+00,2017,9,2D,Ward 3,Ethnicity/National Origin,Latino/Hispanic,Simple Assault,38.92419981,-77.05190312,2017,Tuesday,September
3700 block of O St NW,2017-09-29 04:00:00+00:00,0000,2017/09/30 04:00:00+00,2017,9,2D,Ward 2,Race,Black,Displaying Symbols,38.90768958,-77.07097637,2017,Friday,September
900 block of Southern Ave SE,2017-10-01 04:00:00+00:00,1105,2017/10/01 04:00:00+00,2017,10,7D,Ward 8,Ethnicity/National Origin,Latino/Hispanic,Simple Assault,38.83146397,-76.98815083,2017,Sunday,October
2900 block of Martin Luther King Jr Ave SE,2017-10-05 04:00:00+00:00,2356,2017/10/05 04:00:00+00,2017,10,7D,Ward 8,Sexual Orientation,,Simple Assault,38.84585837,-76.99681372,2017,Thursday,October
1600 block of Riggs Pl NW,2017-10-06 04:00:00+00:00,0234,2017/10/06 04:00:00+00,2017,10,3D,Ward 2,Sexual Orientation,,Simple Assault,38.91335299,-77.03749613,2017,Friday,October
Unit block of Dupont Cir NW,2017-10-07 04:00:00+00:00,1145,2017/10/07 04:00:00+00,2017,10,2D,Ward 2,Gender Identity/Expression,,Simple Assault,38.90936484,-77.04414667,2017,Saturday,October
600 block of Irving ST NW,2017-10-09 04:00:00+00:00,2100,2017/10/09 04:00:00+00,2017,10,4D,Ward 1,Religion,Jewish,Damage/Defacing/Destruction of Property,38.92911306,-77.02139883,2017,Monday,October
2200 block of 4th ST NW,2017-10-11 04:00:00+00:00,1604,2017/10/11 04:00:00+00,2017,10,3D,Ward 1,Race,White,Threats,38.91986498,-77.01795082,2017,Wednesday,October
1300 block of G ST NW,2017-10-14 04:00:00+00:00,1341,2017/10/14 04:00:00+00,2017,10,2D,Ward 2,Ethnicity/National Origin,Non-European,Damage/Defacing/Destruction of Property,38.89831137,-77.03078773,2017,Saturday,October
500 block of W St NW,2017-10-16 04:00:00+00:00,1408,2017/10/16 04:00:00+00,2017,10,3D,Ward 1,Religion,Jewish,Damage/Defacing/Destruction of Property,38.91918508,-77.01983025,2017,Monday,October
2100 block of Queens Chapel Rd NE,2017-10-20 04:00:00+00:00,0507,2017/10/20 04:00:00+00,2017,10,5D,Ward 5,Race,White,ADW,38.91912162,-76.97240933,2017,Friday,October
1800 block of 28th St SE,2017-10-20 04:00:00+00:00,0134,2017/10/20 04:00:00+00,2017,10,6D,Ward 7,Sexual Orientation,,Simple Assault,38.86856632,-76.96777803,2017,Friday,October
Theodore Roosevelt Bridge,2017-10-22 04:00:00+00:00,1841,2017/10/22 04:00:00+00,2017,10,2D,Ward 2,Ethnicity/National Origin,Jewish,Damage/Defacing/Destruction of Property,38.89219207,-77.06030234,2017,Sunday,October
1100 block of Vermont Ave NW,2017-10-24 04:00:00+00:00,1244,2017/10/24 04:00:00+00,2017,10,2D,Ward 2,Sexual Orientation,,Simple Assault,38.90452619,-77.03261406,2017,Tuesday,October
1400 block of C St SE,2017-10-24 04:00:00+00:00,0854,2017/10/24 04:00:00+00,2017,10,1D,Ward 6,Sexual Orientation,,Threats,38.88535504,-76.98458299,2017,Tuesday,October
1300 block of Potomac Ave SE,2017-10-28 04:00:00+00:00,2230,2017/10/28 04:00:00+00,2017,10,1D,Ward 6,Sexual Orientation,,Damage/Defacing/Destruction of Property,38.87923245,-76.98819709,2017,Saturday,October
1400 block of I ST NW,2017-10-29 04:00:00+00:00,0248,2017/10/29 04:00:00+00,2017,10,2D,Ward 2,Ethnicity/National Origin,Arab/Middle Eastern,Simple Assault,38.90133177,-77.03280097,2017,Sunday,October
600 block of Newton St NW,2017-10-30 04:00:00+00:00,2126,2017/10/30 04:00:00+00,2017,10,4D,Ward 1,Ethnicity/National Origin,Latino/Hispanic,Robbery,38.93389076,-77.02297842,2017,Monday,October
1000 block of Wisconsin Ave NW,2017-11-02 04:00:00+00:00,1315,2017/11/02 04:00:00+00,2017,11,2D,Ward 2,Race,Black,ADW,38.90300705,-77.06276329,2017,Thursday,November
2600 block of Virginia Ave NW,2017-11-05 04:00:00+00:00,1225,2017/11/06 05:00:00+00,2017,11,2D,Ward 2,Race,Black,Damage/Defacing/Destruction of Property,38.89977437,-77.05495496,2017,Sunday,November
Unit block of Rhode Island Ave NW,2017-11-05 04:00:00+00:00,0040,2017/11/05 04:00:00+00,2017,11,3D,Ward 5,Sexual Orientation,,Threats,38.91626452,-77.01059648,2017,Sunday,November
700 block of Pennsylvania Ave SE,2017-11-11 05:00:00+00:00,2300,2017/11/12 05:00:00+00,2017,11,1D,Ward 6,Sexual Orientation,,Threats,38.88454434,-76.99585329,2017,Saturday,November
1300 block of 14th ST NW,2017-11-14 05:00:00+00:00,1341,2017/11/14 05:00:00+00,2017,11,2D,Ward 2,Sexual Orientation,,Robbery,38.90803854,-77.03195018,2017,Tuesday,November
600 block of New Jersey Ave NW,2017-11-15 05:00:00+00:00,1711,2017/11/15 05:00:00+00,2017,11,1D,Ward 6,Ethnicity/National Origin,Jewish,Damage/Defacing/Destruction of Property,38.89757432,-77.01195433,2017,Wednesday,November
1300 block of F St NW,2020-01-16 05:00:00+00:00,2101,2020/01/16 05:00:00+00,2020,1,2D,Ward 2,Race,White,Simple Assault,38.89734639,-77.03079112,2020,Thursday,January
1400 block of Tewkesbury Pl NW,2020-01-24 05:00:00+00:00,1703,2020/01/24 05:00:00+00,2020,1,4D,Ward 4,Ethnicity/National Origin,Latino/Hispanic,ADW,38.96827271,-77.03155254,2020,Friday,January
800 block of Upshur St NW,2020-01-28 05:00:00+00:00,2341,2020/01/29 05:00:00+00,2020,1,4D,Ward 4,Sexual Orientation,,Stalking,38.94190348,-77.02420671,2020,Tuesday,January
2000 block of Tremont St SE,2020-01-30 05:00:00+00:00,1534,2020/01/30 05:00:00+00,2020,1,7D,Ward 8,Gender Identity/Expression,,Simple Assault,38.84586404,-76.97546272,2020,Thursday,January
800 block of Upshur St NW,2020-01-31 05:00:00+00:00,1847,2020/01/31 05:00:00+00,2020,1,4D,Ward 4,Sexual Orientation,,Stalking,38.94190348,-77.02420671,2020,Friday,January
200 block of L St NE,2020-02-01 05:00:00+00:00,0115,2020/02/02 05:00:00+00,2020,2,5D,Ward 6,Gender Identity/Expression,,Simple Assault,38.90373102,-77.00317492,2020,Saturday,February
4900 block of Benning Rd SE,2020-02-06 05:00:00+00:00,1320,2020/02/06 05:00:00+00,2020,2,6D,Ward 7,Sexual Orientation,,Threats,38.87986117,-76.93217734,2020,Thursday,February
1400 block of K St NW,2020-02-09 05:00:00+00:00,1500,2020/02/09 05:00:00+00,2020,2,2D,Ward 2,Race,Black,Threats,38.90252277,-77.03279345,2020,Sunday,February
1500 block of M St NW,2020-02-12 05:00:00+00:00,1600,2020/12/13 05:00:00+00,2020,12,2D,Ward 2,Race,Black,Damage/Defacing/Destruction of Property,38.90565029,-77.0355515,2020,Wednesday,February
300 block of Evarts St NE,2020-02-18 05:00:00+00:00,2140,2020/02/18 05:00:00+00,2020,2,5D,Ward 5,Race,Black,Damage/Defacing/Destruction of Property,38.92451068,-77.00129391,2020,Tuesday,February
4200 block of Blaine St NE,2020-02-21 05:00:00+00:00,1048,2020/02/21 05:00:00+00,2020,2,6D,Ward 7,Sexual Orientation,,ADW,38.89189092,-76.94141283,2020,Friday,February
Unit block of Washington Cir NW,2020-02-23 05:00:00+00:00,0305,2020/02/23 05:00:00+00,2020,2,2D,Ward 2,Race,Black,Simple Assault,38.90208087,-77.04972912,2020,Sunday,February
1500 block of Benning Rd NE,2020-02-25 05:00:00+00:00,0432,2020/02/25 05:00:00+00,2020,2,5D,Ward 7,Sexual Orientation,,ADW,38.89997642,-76.98246021,2020,Tuesday,February
500 block of N St NW,2020-03-04 05:00:00+00:00,0640,2020/03/04 05:00:00+00,2020,3,3D,Ward 2,Ethnicity/National Origin,Latino/Hispanic,Simple Assault,38.90724046,-77.01941821,2020,Wednesday,March
500 block of 11th St NW,2020-03-14 04:00:00+00:00,1540,2020/03/14 04:00:00+00,2020,3,2D,Ward 2,Ethnicity/National Origin,Latino/Hispanic,Threats,38.89673962,-77.02703399,2020,Saturday,March
1500 block of 7th St NW,2020-03-15 04:00:00+00:00,0106,2020/03/15 04:00:00+00,2020,3,3D,Ward 2,Gender Identity/Expression,,Threats,38.91038429,-77.0219169,2020,Sunday,March
1900 block of Michigan Ave NE,2020-03-18 04:00:00+00:00,1942,2020/03/18 04:00:00+00,2020,3,5D,Ward 5,Gender Identity/Expression,,ADW,38.94584422,-76.97839992,2020,Wednesday,March
2300 block of Washington Pl NE,2020-03-21 04:00:00+00:00,1243,2020/03/21 04:00:00+00,2020,3,5D,Ward 5,Race,Black,Simple Assault,38.92158471,-76.99375559,2020,Saturday,March
1800 block of Monroe St NW,2020-03-24 04:00:00+00:00,1720,2020/03/24 04:00:00+00,2020,3,3D,Ward 1,Sexual Orientation,,Simple Assault,38.93328723,-77.04273893,2020,Tuesday,March
1400 block of N St NW,2020-03-24 04:00:00+00:00,1449,2020/03/24 04:00:00+00,2020,3,2D,Ward 2,Ethnicity/National Origin,Latino/Hispanic,ADW,38.90724382,-77.03325841,2020,Tuesday,March
2100 block of P St NW,2020-03-26 04:00:00+00:00,0000,2020/03/26 04:00:00+00,2020,3,2D,Ward 2,Ethnicity/National Origin,African,Damage/Defacing/Destruction of Property,38.90963684,-77.04771599,2020,Thursday,March
1300 block of Clifton St NW,2020-03-31 04:00:00+00:00,1100,2020/04/01 04:00:00+00,2020,4,3D,Ward 1,Sexual Orientation,,Threats to do Bodily Harm,38.92242911,-77.03085753,2020,Tuesday,March
4800 block of Glenbrook Rd NW,2020-04-04 04:00:00+00:00,1000,2020/04/06 04:00:00+00,2020,4,2D,Ward 3,Ethnicity/National Origin,Jewish,Displaying Symbols,38.93507785,-77.09419997,2020,Saturday,April
6500 block of Georgia Ave NW,2020-04-26 04:00:00+00:00,1326,2020/04/26 04:00:00+00,2020,4,4D,Ward 4,Gender Identity/Expression,,Simple Assault,38.96945187,-77.02730886,2020,Sunday,April
5100 block of A St SE,2020-04-27 04:00:00+00:00,0823,2020/04/27 04:00:00+00,2020,4,6D,Ward 7,Gender Identity/Expression,,Threats to do Bodily Harm,38.88755762,-76.92667487,2020,Monday,April
3400 block of Dent Pl NW,2020-05-03 04:00:00+00:00,2130,2020/05/04 04:00:00+00,2020,5,2D,Ward 2,Race,Black,Damage/Defacing/Destruction of Property,38.91170235,-77.06854809,2020,Sunday,May
2200 block of Savannah St SE,2020-05-09 04:00:00+00:00,1345,2020/05/09 04:00:00+00,2020,5,7D,Ward 8,Sexual Orientation,,ADW,38.84778199,-76.97190717,2020,Saturday,May
3200 block of Connecticut Ave NW,2020-05-14 04:00:00+00:00,1900,2020/05/14 04:00:00+00,2020,5,2D,Ward 3,Sexual Orientation,,Violation of CPO,38.93260221,-77.05678882,2020,Thursday,May
1400 block of U St NW,2020-05-30 04:00:00+00:00,2046,2020/05/30 04:00:00+00,2020,5,3D,Ward 2,Sexual Orientation,,Simple Assault,38.9169968,-77.03324151,2020,Saturday,May
1300 block of 13th St NW,2020-06-06 04:00:00+00:00,0000,2020/10/12 04:00:00+00,2020,10,3D,Ward 2,Ethnicity/National Origin,Jewish,Simple Assault,38.90790764,-77.02962394,2020,Saturday,June
3800 block of Van Ness St NW,2020-06-09 04:00:00+00:00,1200,2020/06/10 04:00:00+00,2020,6,2D,Ward 3,Sexual Orientation,,Damage/Defacing/Destruction of Property,38.94316373,-77.07581712,2020,Tuesday,June
1100 block of 1st St NE,2020-06-11 04:00:00+00:00,1237,2020/06/11 04:00:00+00,2020,6,5D,Ward 6,Race,Black,Damage/Defacing/Destruction of Property,38.90420989,-77.00588572,2020,Thursday,June
1600 block of 11th St NW,2020-06-13 04:00:00+00:00,1923,2020/06/13 04:00:00+00,2020,6,3D,Ward 2,Race,Black,Simple Assault,38.91186383,-77.02703719,2020,Saturday,June
700 block of 7th St NW,2020-06-24 04:00:00+00:00,1445,2020/06/24 04:00:00+00,2020,6,1D,Ward 2,Gender Identity/Expression,,Simple Assault,38.89912971,-77.02191656,2020,Wednesday,June
2800 block of M St NW,2020-06-26 04:00:00+00:00,1719,2020/06/26 04:00:00+00,2020,6,2D,Ward 2,Ethnicity/National Origin,Jewish,Displaying Symbols,38.90524579,-77.05755932,2020,Friday,June
Key Bridge,2020-06-29 04:00:00+00:00,0120,2020/06/29 04:00:00+00,2020,6,2D,Ward 2,Ethnicity/National Origin,Mexican,Simple Assault,38.90295884,-77.06959179,2020,Monday,June
3200 block of R St NW,2020-06-29 04:00:00+00:00,1317,2020/06/29 04:00:00+00,2020,6,2D,Ward 2,Race,Black,Threats,38.91370632,-77.06545986,2020,Monday,June
1300 block of Tewkesbury Pl NW,2020-06-29 04:00:00+00:00,2100,2020/06/30 04:00:00+00,2020,6,4D,Ward 4,Ethnicity/National Origin,Latino/Hispanic,ADW,38.96827271,-77.03155254,2020,Monday,June
900 block of 6th St NE,2020-07-04 04:00:00+00:00,0508,2020/07/04 04:00:00+00,2020,7,1D,Ward 6,Gender Identity/Expression,,Simple Assault,38.90191804,-76.9984455,2020,Saturday,July
900 block of 16th ST NW,2020-07-06 04:00:00+00:00,1845,2020/07/06 04:00:00+00,2020,7,2D,Ward 2,Political Affiliation,,Robbery,38.90193467,-77.03654363,2020,Monday,July
2300 block of Good Hope Rd SE,2020-07-07 04:00:00+00:00,1330,2020/07/09 04:00:00+00,2020,7,6D,Ward 8,Sexual Orientation,,Threats,38.86353456,-76.97397204,2020,Tuesday,July
5400 block of Connecticut Ave NW,2020-07-08 04:00:00+00:00,0830,2020/07/12 04:00:00+00,2020,7,2D,Ward 3,Gender Identity/Expression,,Threats,38.9615467,-77.0736187,2020,Wednesday,July
6000 block of Clay St NE,2020-07-14 04:00:00+00:00,2022,2020/07/15 04:00:00+00,2020,7,6D,Ward 7,Sexual Orientation,,Threats,38.89289151,-76.91435382,2020,Tuesday,July
1000 block of H St NE,2020-07-18 04:00:00+00:00,0908,2020/07/18 04:00:00+00,2020,7,1D,Ward 6,Race,White,Simple Assault,38.90020051,-76.99208541,2020,Saturday,July
900 block of 6th St SW,2020-07-20 04:00:00+00:00,1400,2020/07/30 04:00:00+00,2020,7,1D,Ward 6,Race,Black,Simple Assault,38.87884789,-77.01989217,2020,Monday,July
1400 block of Sheridan St NW,2020-07-23 04:00:00+00:00,1951,2020/07/23 04:00:00+00,2020,7,4D,Ward 4,Ethnicity/National Origin,Latino/Hispanic,Threats,38.96613491,-77.03490168,2020,Thursday,July
400 block of North Capitol St NW,2020-07-26 04:00:00+00:00,0001,2020/07/28 04:00:00+00,2020,7,1D,Ward 6,Race,Black,Threats,38.89561427,-77.00905853,2020,Sunday,July
200 block of L St SW,2020-07-31 04:00:00+00:00,1914,2020/07/31 04:00:00+00,2020,7,1D,Ward 6,Ethnicity/National Origin,Middle Eastern,Simple Assault,38.87753455,-77.01439787,2020,Friday,July
7th St NW and S St NW,2022-04-10 04:00:00+00:00,2100,2022/04/10 04:00:00+00,2022,4,3D,Ward 1/Ward 2,Sexual Orientation,,Robbery,38.91408843,-77.02191585,2022,Sunday,April
4600 block of Reservoir Rd NW,2022-04-12 04:00:00+00:00,2200,2022/04/13 04:00:00+00,2022,4,2D,Ward 3,Ethnicity/National Origin,Ukrainian,Damage/Defacing/Destruction of Property,38.91350932,-77.08759052,2022,Tuesday,April
2200 block of 14th St NW,2022-04-13 04:00:00+00:00,0436,2022/04/13 04:00:00+00,2022,4,3D,Ward 1,Gender Identity/Expression,,Threats,38.91962462,-77.03195261,2022,Wednesday,April
800 block of 7th St NW,2022-04-13 04:00:00+00:00,1547,2022/04/13 04:00:00+00,2022,4,1D,Ward 2,Race,White,Threats,38.9003416,-77.0219152,2022,Wednesday,April
Unit block of Dupont Cir NW,2022-04-17 04:00:00+00:00,1540,2022/04/17 04:00:00+00,2022,4,2D,Ward 2,Ethnicity/National Origin,Asian,Threats,38.90936484,-77.04414667,2022,Sunday,April
1300 block of Southern Ave SE,2022-04-21 04:00:00+00:00,1730,2022/04/25 04:00:00+00,2022,4,7D,Ward 8,Race,White,Threats,38.83694492,-76.98113695,2022,Thursday,April
Unit block of Potomac Ave SE,2022-04-22 04:00:00+00:00,2205,2022/04/22 04:00:00+00,2022,4,1D,Ward 8,Sexual Orientation,,Simple Assault,38.87136815,-77.00736875,2022,Friday,April
Half St SW and P St SW,2022-04-23 04:00:00+00:00,0109,2022/04/23 04:00:00+00,2022,4,1D,Ward 6,Ethnicity/National Origin,Asian,Simple Assault,38.87203379,-77.0106496,2022,Saturday,April
1200 block of U St SE,2022-04-24 04:00:00+00:00,2252,2022/04/25 04:00:00+00,2022,4,7D,Ward 8,Sexual Orientation,,Simple Assault,38.86640965,-76.98815789,2022,Sunday,April
1800 block of 14th St NW,2022-04-24 04:00:00+00:00,1639,2022/04/24 04:00:00+00,2022,4,3D,Ward 2,Race,Black,Damage/Defacing/Destruction of Property,38.91446221,-77.03195329,2022,Sunday,April
1800 block of Good Hope Rd SE,2022-04-24 04:00:00+00:00,1744,2022/04/25 04:00:00+00,2022,4,7D,Ward 8,Sexual Orientation,,Threats,38.86543068,-76.97808987,2022,Sunday,April
400 block of Condon Ter SE,2022-04-25 04:00:00+00:00,1534,2022/04/25 04:00:00+00,2022,4,7D,Ward 8,Gender Identity/Expression,,Simple Assault,38.83163389,-76.99989393,2022,Monday,April
900 block of Bladensburg Rd NE,2022-04-29 04:00:00+00:00,1127,2022/04/29 04:00:00+00,2022,4,5D,Ward 5,Ethnicity/National Origin,African,Simple Assault,38.90220772,-76.98201154,2022,Friday,April
1200 block of Wisconsin Ave NW,2022-05-05 04:00:00+00:00,2335,2022/05/06 04:00:00+00,2022,5,2D,Ward 2,Religion,Muslim,Simple Assault,38.90560134,-77.06282229,2022,Thursday,May
3300 block of Wisconsin Ave NW,2022-05-06 04:00:00+00:00,1218,2022/05/06 04:00:00+00,2022,5,2D,Ward 3,Sexual Orientation,,Threats,38.93406237,-77.07242173,2022,Friday,May
3800 block of Minnesota Ave NE,2022-05-10 04:00:00+00:00,1845,2022/05/10 04:00:00+00,2022,5,6D,Ward 7,Gender Identity/Expression,,ADW,38.89213808,-76.95136745,2022,Tuesday,May
1600 block of K St NW,2022-05-13 04:00:00+00:00,1700,2022/05/13 04:00:00+00,2022,5,2D,Ward 2,Ethnicity/National Origin,Asian,Simple Assault,38.90252504,-77.03752583,2022,Friday,May
5300 block of Wisconsin Ave NW,2022-05-14 04:00:00+00:00,1530,2022/05/14 04:00:00+00,2022,5,2D,Ward 3,Race,Black,Simple Assault,38.95991197,-77.08528828,2022,Saturday,May
1600 block of 16th ST NW,2022-05-15 04:00:00+00:00,0400,2022/05/20 04:00:00+00,2022,5,3D,Ward 2,Gender Identity/Expression,,ADW,38.91149641,-77.03651636,2022,Sunday,May
2400 block of Shannon Pl SE,2022-05-17 04:00:00+00:00,1748,2022/05/17 04:00:00+00,2022,5,7D,Ward 8,Gender Identity/Expression,,ADW,38.86300919,-76.9938902,2022,Tuesday,May
500 block of 3rd St NW,2022-05-17 04:00:00+00:00,1000,2022/05/17 04:00:00+00,2022,5,1D,Ward 6,Ethnicity/National Origin,Jewish,Displaying Symbols,38.89673455,-77.01517974,2022,Tuesday,May
Unit block of Dupont Cir NW,2022-05-18 04:00:00+00:00,2142,2022/05/18 04:00:00+00,2022,5,2D,Ward 2,Race,White,Simple Assault,38.90936484,-77.04414667,2022,Wednesday,May
15th St NW and V St NW,2022-05-21 04:00:00+00:00,1644,2022/05/21 04:00:00+00,2022,5,3D,Ward 1,Sexual Orientation,,ADW,38.91811274,-77.03453029,2022,Saturday,May
3300 block of Georgia Ave NW,2022-05-22 04:00:00+00:00,1304,2022/05/22 04:00:00+00,2022,5,4D,Ward 1,Ethnicity/National Origin,Jewish,Simple Assault,38.93112582,-77.02353043,2022,Sunday,May
3200 block of 14th St NW,2022-05-29 04:00:00+00:00,1830,2022/06/01 04:00:00+00,2022,6,3D,Ward 1,Ethnicity/National Origin; Homelessness,Hispanic; Homelessness,ADW,38.92951689,-77.03272986,2022,Sunday,May
300 block of G St NE,2022-05-29 04:00:00+00:00,2228,2022/05/29 04:00:00+00,2022,5,1D,Ward 6,Gender Identity/Expression,,Simple Assault,38.89891168,-77.00130785,2022,Sunday,May
700 block of Pennsylvania Ave SE,2022-06-03 04:00:00+00:00,1527,2022/06/03 04:00:00+00,2022,6,1D,Ward 6,Sexual Orientation,,Damage/Defacing/Destruction of Property,38.88454434,-76.99585329,2022,Friday,June
2500 block of 10th St NE,2022-06-09 04:00:00+00:00,2000,2022/06/09 04:00:00+00,2022,6,5D,Ward 5,Sexual Orientation,,Threats,38.92297281,-76.99242827,2022,Thursday,June
200 block of 4th St NE,2019-06-18 04:00:00+00:00,2130,2019/06/18 04:00:00+00,2019,6,5D,Ward 6,Gender Identity/Expression,,Simple Assault,38.89255079,-77.00057278,2019,Tuesday,June
500 block of Rhode Island Ave NW,2019-06-19 04:00:00+00:00,1146,2019/06/19 04:00:00+00,2019,6,3D,Ward 2,Ethnicity/National Origin,Latino/Hispanic,Threats,38.91319137,-77.01941084,2019,Wednesday,June
1700 block of Montello Ave NE,2019-06-20 04:00:00+00:00,0902,2019/06/20 04:00:00+00,2019,6,5D,Ward 5,Sexual Orientation,,Simple Assault,38.90929905,-76.98560702,2019,Thursday,June
1100 block of 19th ST NW,2019-06-24 04:00:00+00:00,1420,2019/06/24 04:00:00+00,2019,6,2D,Ward 2,Sexual Orientation,,ADW,38.90470003,-77.04345274,2019,Monday,June
200 block of Tingey St SE,2019-06-26 04:00:00+00:00,1135,2019/06/26 04:00:00+00,2019,6,1D,Ward 8,Ethnicity/National Origin,Latino/Hispanic,Threats,38.87488703,-77.00281408,2019,Wednesday,June
1200 block of I St NW,2019-06-28 04:00:00+00:00,1343,2019/06/28 04:00:00+00,2019,6,2D,Ward 2,Sexual Orientation,,Threats,38.90132813,-77.02884926,2019,Friday,June
Unit block of M St NW,2019-06-29 04:00:00+00:00,2054,2019/06/29 04:00:00+00,2019,6,1D,Ward 6,Sexual Orientation,,ADW,38.90564764,-77.00966554,2019,Saturday,June
1600 block of Independence Ave SE,2019-07-02 04:00:00+00:00,1000,2019/07/03 04:00:00+00,2019,7,1D,Ward 7,Sexual Orientation,,Damage/Defacing/Destruction of Property,38.88758935,-76.9814909,2019,Tuesday,July
3100 block of Georgia Ave NW,2019-07-03 04:00:00+00:00,1947,2019/07/03 04:00:00+00,2019,7,4D,Ward 1,Ethnicity/National Origin,Latino/Hispanic,Simple Assault,38.92952942,-77.02329798,2019,Wednesday,July
4200 block of 4th ST SE,2019-07-04 04:00:00+00:00,1028,2019/07/04 04:00:00+00,2019,7,7D,Ward 8,Sexual Orientation,,Threats,38.82802987,-77.00056581,2019,Thursday,July
300 block of 15th St NW,2019-07-06 04:00:00+00:00,1600,2019/07/06 04:00:00+00,2019,7,2D,Ward 2,Political Affiliation,,Robbery,38.89378405,-77.03364671,2019,Saturday,July
1400 block of Irving St NW,2019-07-07 04:00:00+00:00,2141,2019/07/08 04:00:00+00,2019,7,3D,Ward 1,Race,White,Simple Assault,38.92874335,-77.03363933,2019,Sunday,July
Unit block of Logan Cir NW,2019-07-12 04:00:00+00:00,1638,2019/07/12 04:00:00+00,2019,7,3D,Ward 2,Race,Black,Damage/Defacing/Destruction of Property,38.90975939,-77.02892047,2019,Friday,July
900 block of 17th St NW,2019-07-13 04:00:00+00:00,1755,2019/07/13 04:00:00+00,2019,7,1D,Ward 2,Ethnicity/National Origin,Latino/Hispanic,ADW,38.90193156,-77.03944985,2019,Saturday,July
3000 block of K St NW,2019-07-14 04:00:00+00:00,2033,2019/07/14 04:00:00+00,2019,7,2D,Ward 2,Ethnicity/National Origin,Jewish,Displaying Symbols,38.90259243,-77.05960938,2019,Sunday,July
1000 block of O St NW,2019-07-16 04:00:00+00:00,2025,2019/07/16 04:00:00+00,2019,7,3D,Ward 2,Ethnicity/National Origin,Latino/Hispanic,Simple Assault,38.90857338,-77.02651238,2019,Tuesday,July
500 block of 15th St NW,2019-07-21 04:00:00+00:00,1129,2019/07/21 04:00:00+00,2019,7,2D,Ward 2,Ethnicity/National Origin,Arab/Middle Eastern,Simple Assault,38.89687374,-77.03364736,2019,Sunday,July
3800 block of Minnesota Ave NE,2019-08-02 04:00:00+00:00,0320,2019/08/02 04:00:00+00,2019,8,6D,Ward 7,Gender Identity/Expression,,Robbery,38.89213808,-76.95136745,2019,Friday,August
900 block of E St NW,2019-08-04 04:00:00+00:00,0625,2019/08/04 04:00:00+00,2019,8,2D,Ward 2,Ethnicity/National Origin,Black/African,Damage/Defacing/Destruction of Property,38.89613147,-77.02497517,2019,Sunday,August
Unit block of O St NW,2020-08-02 04:00:00+00:00,1018,2020/08/02 04:00:00+00,2020,8,3D,Ward 5,Sexual Orientation,,Threats,38.90856644,-77.01067524,2020,Sunday,August
Unit block of Dupont Cir NW,2020-08-02 04:00:00+00:00,1500,2020/08/02 04:00:00+00,2020,8,2D,Ward 2,Sexual Orientation,,Simple Assault,38.90936484,-77.04414667,2020,Sunday,August
1800 block of Belmont Rd NW,2020-08-05 04:00:00+00:00,2028,2020/08/05 04:00:00+00,2020,8,3D,Ward 1,Sexual Orientation,,Simple Assault,38.92057768,-77.04297463,2020,Wednesday,August
6100 block of 16th St NW,2020-08-10 04:00:00+00:00,1430,2020/08/10 04:00:00+00,2020,8,2D,Ward 4,Ethnicity/National Origin,Latino/Hispanic,Threats,38.9651249,-77.03638449,2020,Monday,August
800 block of Bladensburg Rd NE,2020-08-11 04:00:00+00:00,0711,2020/08/11 04:00:00+00,2020,8,5D,Ward 5,Sexual Orientation,,Threats,38.90045504,-76.98314199,2020,Tuesday,August
2300 block of Champlain St NW,2020-08-18 04:00:00+00:00,2129,2020/08/19 04:00:00+00,2020,8,3D,Ward 1,Sexual Orientation,,Threats,38.92161694,-77.04129843,2020,Tuesday,August
4700 block of C St SE,2020-08-19 04:00:00+00:00,0941,2020/08/19 04:00:00+00,2020,8,6D,Ward 7,Ethnicity/National Origin,Latino/Hispanic,Simple Assault,38.88580363,-76.93442835,2020,Wednesday,August
1300 block of P St NW,2020-08-23 04:00:00+00:00,1601,2020/08/23 04:00:00+00,2020,8,3D,Ward 2,Sexual Orientation,,Threats,38.90964329,-77.03061149,2020,Sunday,August
7500 block of Georgia Ave NW,2020-08-25 04:00:00+00:00,1145,2020/08/25 04:00:00+00,2020,8,4D,Ward 4,Gender Identity/Expression,,Threats,38.98174639,-77.02653522,2020,Tuesday,August
4000 block of Minnesota Ave NE,2020-08-25 04:00:00+00:00,1057,2020/08/25 04:00:00+00,2020,8,6D,Ward 7,Gender Identity/Expression,,Threats,38.89665588,-76.94764751,2020,Tuesday,August
1100 block of 15th St NW,2020-08-31 04:00:00+00:00,2224,2020/08/31 04:00:00+00,2020,8,2D,Ward 2,Sexual Orientation,,ADW,38.90469156,-77.03457256,2020,Monday,August
400 block of Condon Ter SE,2020-09-01 04:00:00+00:00,2041,2020/09/01 04:00:00+00,2020,9,7D,Ward 8,Sexual Orientation,,Threats,38.83163389,-76.99989393,2020,Tuesday,September
900 block of Randolph St NW,2020-09-04 04:00:00+00:00,0924,2020/09/04 04:00:00+00,2020,9,4D,Ward 4,Race,Black,Threats,38.93868093,-77.02594339,2020,Friday,September
1800 block of West Virginia Ave NE,2020-09-06 04:00:00+00:00,1216,2020/09/06 04:00:00+00,2020,9,5D,Ward 5,Gender Identity/Expression,,Simple Assault,38.91088646,-76.9852872,2020,Sunday,September
1100 block of U St NW,2020-09-10 04:00:00+00:00,2310,2020/09/11 04:00:00+00,2020,9,3D,Ward 1,Gender Identity/Expression,,ADW,38.91699891,-77.0275601,2020,Thursday,September
5400 block of Georgia Ave NW,2020-09-13 04:00:00+00:00,1302,2020/09/13 04:00:00+00,2020,9,4D,Ward 4,Ethnicity/National Origin,Latino/Hispanic,Damage/Defacing/Destruction of Property,38.9546148,-77.02780712,2020,Sunday,September
1100 block of North Capitol St NE,2022-06-11 04:00:00+00:00,2230,2022/06/11 04:00:00+00,2022,6,5D,Ward 6,Gender Identity/Expression,,Simple Assault,38.9042069,-77.00906907,2022,Saturday,June
2200 block of Wisconsin Ave NW,2022-06-12 04:00:00+00:00,1657,2022/06/12 04:00:00+00,2022,6,2D,Ward 3,Ethnicity/National Origin,Asian,Simple Assault,38.91966658,-77.0710366,2022,Sunday,June
4400 block of Polk St NE,2022-06-13 04:00:00+00:00,1500,2022/06/14 04:00:00+00,2022,6,6D,Ward 7,Race,Black,Damage/Defacing/Destruction of Property,38.90962135,-76.93999296,2022,Monday,June
3800 block of Fort Dr NW,2022-06-13 04:00:00+00:00,1658,2022/06/13 04:00:00+00,2022,6,2D,Ward 3,Ethnicity/National Origin,Jewish,Stalking,38.95233508,-77.07396648,2022,Monday,June
800 block of 21st St NE,2022-06-13 04:00:00+00:00,1937,2022/06/30 04:00:00+00,2022,6,5D,Ward 5,Sexual Orientation,,Threats,38.9014909,-76.97417642,2022,Monday,June
1500 block of Alabama Ave SE,2022-06-16 04:00:00+00:00,0832,2022/06/16 04:00:00+00,2022,6,7D,Ward 8,Gender Identity/Expression,,Simple Assault,38.84653773,-76.98155338,2022,Thursday,June
800 block of Evarts St NE,2022-06-16 04:00:00+00:00,1041,2022/06/16 04:00:00+00,2022,6,5D,Ward 5,Gender Identity/Expression,,Threats,38.92451048,-76.99308071,2022,Thursday,June
600 block of 21st St NE,2022-06-20 04:00:00+00:00,1840,2022/06/20 04:00:00+00,2022,6,5D,Ward 7,Sexual Orientation,,Simple Assault,38.89783104,-76.97417387,2022,Monday,June
2500 block of Alabama Ave SE,2022-07-01 04:00:00+00:00,1505,2022/07/01 04:00:00+00,2022,7,7D,Ward 8,Sexual Orientation,,Threats,38.85787887,-76.96907037,2022,Friday,July
700 block of 21st St NE,2022-07-02 04:00:00+00:00,0736,2022/07/02 04:00:00+00,2022,7,5D,Ward 5,Gender Identity/Expression,,Threats,38.89920791,-76.97416837,2022,Saturday,July
800 block of 5th St NW,2022-07-03 04:00:00+00:00,0808,2022/07/03 04:00:00+00,2022,7,1D,Ward 6,Sexual Orientation,,Simple Assault,38.90033609,-77.01892869,2022,Sunday,July
1000 block of 14th St NW,2022-07-09 04:00:00+00:00,2049,2022/07/09 04:00:00+00,2022,7,2D,Ward 2,Sexual Orientation,,Simple Assault,38.90312998,-77.03195398,2022,Saturday,July
1400 block of Pennsylvania Ave NW,2022-07-13 04:00:00+00:00,1925,2022/07/13 04:00:00+00,2022,7,2D,Ward 2,Ethnicity/National Origin,Ethiopian,Simple Assault,38.89550507,-77.03280152,2022,Wednesday,July
700 block of Pennsylvania Ave SE,2022-07-16 04:00:00+00:00,1752,2022/07/16 04:00:00+00,2022,7,1D,Ward 6,Gender Identity/Expression,,Simple Assault,38.88454434,-76.99585329,2022,Saturday,July
1300 block of U St SE,2022-07-20 04:00:00+00:00,1312,2022/07/20 04:00:00+00,2022,7,7D,Ward 8,Sexual Orientation,,Simple Assault,38.86607925,-76.98634691,2022,Wednesday,July
1100 block of 2nd Pl SE,2022-07-21 04:00:00+00:00,0930,2022/07/21 04:00:00+00,2022,7,1D,Ward 8,Political Affiliation,,Simple Assault,38.87700553,-77.00295395,2022,Thursday,July
1300 block of V St NW,2022-07-22 04:00:00+00:00,2216,2022/07/23 04:00:00+00,2022,7,3D,Ward 1,Gender Identity/Expression,,Simple Assault,38.9181127,-77.03078648,2022,Friday,July
2100 block of M St NW,2022-07-22 04:00:00+00:00,0245,2022/07/22 04:00:00+00,2022,7,2D,Ward 2,Race,Black,ADW,38.90546615,-77.04706204,2022,Friday,July
500 block of 4th St NW,2022-07-27 04:00:00+00:00,1156,2022/07/27 04:00:00+00,2022,7,1D,Ward 6,Race,Black,Simple Assault,38.89673685,-77.01618,2022,Wednesday,July
3400 block of Connecticut Ave NW,2022-07-30 04:00:00+00:00,1520,2022/07/30 04:00:00+00,2022,7,2D,Ward 3,Sexual Orientation,,Simple Assault,38.93482428,-77.05808053,2022,Saturday,July
1200 block of 9th St NW,2022-08-07 04:00:00+00:00,1033,2022/08/07 04:00:00+00,2022,8,3D,Ward 2,Ethnicity/National Origin,Mexican,Simple Assault,38.90644462,-77.02397769,2022,Sunday,August
1700 block of 7th St NW,2022-08-07 04:00:00+00:00,1743,2022/08/07 04:00:00+00,2022,8,3D,Ward 2,Sexual Orientation,,Simple Assault,38.91334839,-77.02191505,2022,Sunday,August
1500 block of Tubman Rd SE,2022-08-08 04:00:00+00:00,2226,2022/08/09 04:00:00+00,2022,8,7D,Ward 8,Gender Identity/Expression,,Threats,38.84833278,-76.98172295,2022,Monday,August
2400 block of 25th St SE,2022-08-10 04:00:00+00:00,1520,2022/08/10 04:00:00+00,2022,8,7D,Ward 8,Sexual Orientation,,Simple Assault,38.85805384,-76.96998096,2022,Wednesday,August
3400 block of 12th St NE,2022-08-14 04:00:00+00:00,1641,2022/08/14 04:00:00+00,2022,8,5D,Ward 5,Religion,Catholic,Damage/Defacing/Destruction of Property,38.93204291,-76.9909613,2022,Sunday,August
3400 block of 12th St NE,2022-08-15 04:00:00+00:00,1042,2022/08/15 04:00:00+00,2022,8,5D,Ward 5,Religion,Catholic,Burglary,38.93204291,-76.9909613,2022,Monday,August
1300 block of Fairmont St NW,2020-09-18 04:00:00+00:00,1130,2020/09/18 04:00:00+00,2020,9,3D,Ward 1,Sexual Orientation,,Threats,38.9247535,-77.03097686,2020,Friday,September
6600 block of 16th St NW,2020-09-24 04:00:00+00:00,1422,2020/09/24 04:00:00+00,2020,9,4D,Ward 4,Race,Black,Simple Assault,38.96982001,-77.03636993,2020,Thursday,September
400 block of H St NW,2020-09-26 04:00:00+00:00,1959,2020/09/26 04:00:00+00,2020,9,1D,Ward 6,Race,Black,Simple Assault,38.89979319,-77.01756776,2020,Saturday,September
600 block of Kennedy St NW,2020-09-27 04:00:00+00:00,1440,2020/09/27 04:00:00+00,2020,9,4D,Ward 4,Gender Identity/Expression,,Simple Assault,38.95641254,-77.02110025,2020,Sunday,September
900 block of U St NW,2020-09-27 04:00:00+00:00,2225,2020/09/27 04:00:00+00,2020,9,3D,Ward 1,Sexual Orientation,,Simple Assault,38.91699641,-77.02463447,2020,Sunday,September
200 block of L St SW,2020-09-29 04:00:00+00:00,1208,2020/09/29 04:00:00+00,2020,9,1D,Ward 6,Sexual Orientation,,Threats,38.87753455,-77.01439787,2020,Tuesday,September
1400 block of P St NW,2020-10-01 04:00:00+00:00,1629,2020/10/01 04:00:00+00,2020,10,2D,Ward 2,Sexual Orientation,,Threats,38.90965158,-77.03325434,2020,Thursday,October
2500 block of M St NW,2020-10-03 04:00:00+00:00,1630,2020/10/05 04:00:00+00,2020,10,2D,Ward 2,Ethnicity/National Origin,Jewish,Displaying Symbols,38.90525702,-77.05402268,2020,Saturday,October
400 block of Condon Ter SE,2020-10-04 04:00:00+00:00,0905,2020/10/04 04:00:00+00,2020,10,7D,Ward 8,Gender Identity/Expression,,Simple Assault,38.83163389,-76.99989393,2020,Sunday,October
700 block of 15th St NE,2020-10-05 04:00:00+00:00,1232,2020/10/05 04:00:00+00,2020,10,5D,Ward 6/Ward 7,Ethnicity/National Origin,Black/African,ADW,38.89954356,-76.98363595,2020,Monday,October
1900 block of Upshur St NW,2020-10-07 04:00:00+00:00,1657,2020/10/07 04:00:00+00,2020,10,4D,Ward 4,Race,Black,Threats,38.94096875,-77.04453743,2020,Wednesday,October
1300 block of Park Rd NW,2020-10-09 04:00:00+00:00,1505,2020/10/09 04:00:00+00,2020,10,3D,Ward 1,Sexual Orientation,,Threats,38.93112805,-77.03027968,2020,Friday,October
1100 block of Michigan Ave NE,2020-10-09 04:00:00+00:00,0913,2020/10/09 04:00:00+00,2020,10,4D,Ward 5,Race,Black,Displaying Symbols,38.93784112,-76.9912999,2020,Friday,October
4500 block of 40th St NW,2020-10-12 04:00:00+00:00,1500,2020/12/22 05:00:00+00,2020,12,2D,Ward 3,Gender Identity/Expression,,Threats,38.94879161,-77.07874589,2020,Monday,October
100 block of 45th St NE,2020-10-14 04:00:00+00:00,0400,2020/10/14 04:00:00+00,2020,10,6D,Ward 7,Sexual Orientation,,Simple Assault,38.89122144,-76.93775745,2020,Wednesday,October
4600 block of Martin Luther King Jr Ave SW,2020-10-15 04:00:00+00:00,1210,2020/10/15 04:00:00+00,2020,10,7D,Ward 8,Sexual Orientation,,Simple Assault,38.82480788,-77.0124074,2020,Thursday,October
900 block of Rhode Island Ave NE,2020-10-16 04:00:00+00:00,1707,2020/10/16 04:00:00+00,2020,10,5D,Ward 5,Gender Identity/Expression,,Simple Assault,38.9222166,-76.9931402,2020,Friday,October
1700 block of Columbia Rd NW,2020-10-17 04:00:00+00:00,1749,2020/10/17 04:00:00+00,2020,10,3D,Ward 1,Ethnicity/National Origin,Latino/Hispanic,Simple Assault,38.92465629,-77.03965317,2020,Saturday,October
5800 block of Georgia Ave NW,2020-10-17 04:00:00+00:00,2210,2020/10/17 04:00:00+00,2020,10,4D,Ward 4,Sexual Orientation,,Simple Assault,38.95968259,-77.02813619,2020,Saturday,October
2500 block of Massachusetts Ave NW,2020-10-21 04:00:00+00:00,1538,2020/10/21 04:00:00+00,2020,10,2D,Ward 2,Race,Black,Damage/Defacing/Destruction of Property,38.91477018,-77.054244,2020,Wednesday,October
700 block of K St NE,2020-11-09 05:00:00+00:00,0229,2020/11/09 05:00:00+00,2020,11,5D,Ward 6,Gender Identity/Expression,,ADW,38.90251126,-76.99578122,2020,Monday,November
2100 block of P ST NW,2020-11-10 05:00:00+00:00,0941,2020/11/10 05:00:00+00,2020,11,2D,Ward 2,Ethnicity/National Origin,Chinese,Simple Assault,38.90963684,-77.04771599,2020,Tuesday,November
1000 block of G St NW,2020-11-14 05:00:00+00:00,1615,2020/11/14 05:00:00+00,2020,11,2D,Ward 2,Political Affiliation,,Simple Assault,38.8983153,-77.02651433,2020,Saturday,November
800 block of 16th St NW,2020-11-15 05:00:00+00:00,1600,2020/11/15 05:00:00+00,2020,11,2D,Ward 2,Political Affiliation,,Simple Assault,38.90077259,-77.03655007,2020,Sunday,November
5600 block of Nevada Ave NW,2020-11-15 05:00:00+00:00,0000,2020/11/16 05:00:00+00,2020,11,2D,Ward 3,Sexual Orientation,,Damage/Defacing/Destruction of Property,38.96534913,-77.07032335,2020,Sunday,November
1500 block of 14th St NW,2020-11-21 05:00:00+00:00,1352,2020/11/21 05:00:00+00,2020,11,2D,Ward 2,Political Affiliation,,Simple Assault,38.91001723,-77.03195314,2020,Saturday,November
700 block of F St NE,2020-12-06 05:00:00+00:00,1234,2020/12/06 05:00:00+00,2020,12,1D,Ward 6,Ethnicity/National Origin,Asian,Simple Assault,38.89733298,-76.99556746,2020,Sunday,December
100 block of G St SW ,2020-12-07 05:00:00+00:00,1527,2020/12/07 05:00:00+00,2020,12,1D,Ward 6,Ethnicity/National Origin,Black/African,Threats,38.88128311,-77.01371933,2020,Monday,December
1500 block of K St NW,2020-12-11 05:00:00+00:00,2349,2020/12/12 05:00:00+00,2020,12,2D,Ward 2,Political Affiliation,,Simple Assault,38.90252403,-77.03556009,2020,Friday,December
900 block of Massachusetts Ave NW,2020-12-12 05:00:00+00:00,1500,2020/12/13 05:00:00+00,2020,12,2D,Ward 2,Sexual Orientation,,Damage/Defacing/Destruction of Property,38.90323987,-77.02501835,2020,Saturday,December
900 block of 11th St NW,2020-12-12 05:00:00+00:00,1800,2020/12/13 05:00:00+00,2020,12,2D,Ward 2,Race,Black,Damage/Defacing/Destruction of Property,38.90192834,-77.02703746,2020,Saturday,December
1700 block of Rhode Island Ave NE,2020-12-15 05:00:00+00:00,1522,2020/12/15 05:00:00+00,2020,12,5D,Ward 5,Ethnicity/National Origin,Latino/Hispanic,Simple Assault,38.92726289,-76.97992301,2020,Tuesday,December
3000 block of 16th St NW,2020-12-21 05:00:00+00:00,1802,2020/12/21 05:00:00+00,2020,12,3D,Ward 1,Sexual Orientation,,Threats,38.92684085,-77.03648663,2020,Monday,December
1300 block of Pennslylvania Abe NW,2020-12-23 05:00:00+00:00,1452,2020/12/23 05:00:00+00,2020,12,2D,Ward 2,Ethnicity/National Origin,Jewish,Displaying Symbols,38.89550632,-77.03019631,2020,Wednesday,December
2200 block of Hunter Pl SE,2021-01-04 05:00:00+00:00,1845,2021/01/25 05:00:00+00,2021,1,7D,Ward 8,Race,Black,Damage/Defacing/Destruction of Property,38.85931888,-76.98462013,2021,Monday,January
2700 block of New York Ave NE,2021-01-06 05:00:00+00:00,2245,2021/01/06 05:00:00+00,2021,1,5D,Ward 5,Ethnicity/National Origin,Jewish,Displaying Symbols,38.91713721,-76.96513406,2021,Wednesday,January
900 block of 17th St NW,2021-01-07 05:00:00+00:00,0822,2021/01/07 05:00:00+00,2021,1,2D,Ward 2,Race,Black,Threats,38.90193156,-77.03944985,2021,Thursday,January
Unit block of Sherman Cir NW,2021-01-09 05:00:00+00:00,0016,2021/01/09 05:00:00+00,2021,1,4D,Ward 4,Sexual Orientation,,Damage/Defacing/Destruction of Property,38.94704535,-77.02127444,2021,Saturday,January
4400 block of Connecticut Ave NW,2021-01-14 05:00:00+00:00,0735,2021/01/14 05:00:00+00,2021,1,2D,Ward 3,Ethnicity/National Origin,Mexican,Simple Assault,38.94731441,-77.06534433,2021,Thursday,January
1500 block of Park Rd NW,2021-01-19 05:00:00+00:00,1541,2021/01/19 05:00:00+00,2021,1,3D,Ward 1,Ethnicity/National Origin,Latino/Hispanic,ADW,38.93125048,-77.03540649,2021,Tuesday,January
1200 block of 33rd St NW,2021-01-26 05:00:00+00:00,1619,2021/01/26 05:00:00+00,2021,1,2D,Ward 2,Ethnicity/National Origin,Chinese,Simple Assault,38.90553414,-77.06607055,2021,Tuesday,January
1000 block of Mount Olivet Rd NE,2021-01-26 05:00:00+00:00,1905,2021/01/26 05:00:00+00,2021,1,5D,Ward 5,Sexual Orientation,,Simple Assault,38.9117749,-76.98887127,2021,Tuesday,January
1500 block of 16th St NW,2021-02-13 05:00:00+00:00,0123,2021/02/13 05:00:00+00,2021,2,2D,Ward 2,Ethnicity/National Origin,Jewish,Displaying Symbols,38.91001273,-77.03652298,2021,Saturday,February
100 block of R St NE,2021-03-02 05:00:00+00:00,1515,2021/03/02 05:00:00+00,2021,3,5D,Ward 5,Ethnicity/National Origin,Jewish,Displaying Symbols,38.9125974,-77.00545991,2021,Tuesday,March
400 block of K St NW,2021-03-04 05:00:00+00:00,2030,2021/03/04 05:00:00+00,2021,3,1D,Ward 6,Race,Asian,Simple Assault,38.90252002,-77.01691684,2021,Thursday,March
1900 block of Bladensburg Rd NE,2021-03-05 05:00:00+00:00,2017,2021/03/05 05:00:00+00,2021,3,5D,Ward 5,Race,White,Threats,38.91655531,-76.97309237,2021,Friday,March
3600 block of 12th ST NE,2021-03-10 05:00:00+00:00,2045,2021/03/10 05:00:00+00,2021,3,5D,Ward 5,Ethnicity/National Origin,Chinese,Threats,38.93402132,-76.99111756,2021,Wednesday,March
1300 block of Bryant St NE,2021-03-13 05:00:00+00:00,1303,2021/03/13 05:00:00+00,2021,3,5D,Ward 5,Race,Black,Threats,38.92107931,-76.98855616,2021,Saturday,March
1400 block of Rhode Island Ave NW,2021-03-14 05:00:00+00:00,1900,2021/03/14 05:00:00+00,2021,3,2D,Ward 2,Ethnicity/National Origin,Jewish,Displaying Symbols,38.90838158,-77.03325433,2021,Sunday,March
3400 block of Connecticut Ave NW,2021-03-17 04:00:00+00:00,1045,2021/03/17 04:00:00+00,2021,3,2D,Ward 3,Ethnicity/National Origin,Ethiopian,Threats,38.93482428,-77.05808053,2021,Wednesday,March
300 block of E St SW,2021-03-23 04:00:00+00:00,1052,2021/03/23 04:00:00+00,2021,3,1D,Ward 6,Race,Black,Damage/Defacing/Destruction of Property,38.88323987,-77.01637287,2021,Tuesday,March
300 block of A St SE,2021-03-26 04:00:00+00:00,1100,2021/03/26 04:00:00+00,2021,3,1D,Ward 6,Race,Black,Displaying Symbols,38.88868055,-77.00130508,2021,Friday,March
400 block of 7th St SW,2021-03-26 04:00:00+00:00,1843,2021/03/26 04:00:00+00,2021,3,1D,Ward 6,Ethnicity/National Origin,Chinese,Simple Assault,38.88403768,-77.0219073,2021,Friday,March
1500 block of Queen St NE,2021-03-28 04:00:00+00:00,2341,2021/03/29 04:00:00+00,2021,3,5D,Ward 5,Race,Black,Threats,38.90498964,-76.98177012,2021,Sunday,March
600 block of Pennsylvania Ave SE,2021-03-29 04:00:00+00:00,1430,2021/03/29 04:00:00+00,2021,3,1D,Ward 6,Ethnicity/National Origin,Chinese,Simple Assault,38.8851343,-76.99731546,2021,Monday,March
6700 block of Georgia Ave NW,2021-04-02 04:00:00+00:00,0845,2021/04/02 04:00:00+00,2021,4,4D,Ward 4,Sexual Orientation,,Simple Assault,38.97191325,-77.02707151,2021,Friday,April
3100 block of 14th St NW,2021-04-02 04:00:00+00:00,1601,2021/04/02 04:00:00+00,2021,4,3D,Ward 1,Ethnicity/National Origin,Pakistani,Simple Assault,38.92951689,-77.03272986,2021,Friday,April
1600 block of Jonquil St NW,2021-04-02 04:00:00+00:00,0850,2021/04/02 04:00:00+00,2021,4,4D,Ward 4,Sexual Orientation,,Simple Assault,38.98416035,-77.03760853,2021,Friday,April
3400 block of Georgia Ave NW,2021-04-04 04:00:00+00:00,1906,2021/04/04 04:00:00+00,2021,4,4D,Ward 1,Ethnicity/National Origin,Chinese,Threats,38.93242496,-77.02371551,2021,Sunday,April
400 block of D St NE,2021-04-05 04:00:00+00:00,2130,2021/04/05 04:00:00+00,2021,4,1D,Ward 6,Race,Black,Simple Assault,38.89478775,-77.00004369,2021,Monday,April
1500 block of 21st ST NW,2021-04-07 04:00:00+00:00,1948,2021/04/07 04:00:00+00,2021,4,2D,Ward 2,Ethnicity/National Origin,Jewish,Displaying Symbols,38.91019435,-77.0466344,2021,Wednesday,April
500 block of Oklahoma Ave NE,2021-04-09 04:00:00+00:00,1700,2021/04/09 04:00:00+00,2021,4,5D,Ward 7,Race,White,Simple Assault,38.89665615,-76.97036319,2021,Friday,April
Unit block of Florida Ave  NE,2021-04-11 04:00:00+00:00,1840,2021/04/11 04:00:00+00,2021,4,5D,Ward 5,Sexual Orientation,,Threats,38.91057539,-77.00855496,2021,Sunday,April
1500 block of New York Ave NE,2021-04-11 04:00:00+00:00,1315,2021/04/11 04:00:00+00,2021,4,5D,Ward 5,Gender Identity/Expression,,Threats,38.9164774,-76.98271559,2021,Sunday,April
1800 block of 14th St NW,2021-04-21 04:00:00+00:00,2240,2021/04/22 04:00:00+00,2021,4,3D,Ward 2,Ethnicity/National Origin,Hispanic,Simple Assault,38.91446221,-77.03195329,2021,Wednesday,April
1100 block of 24th St NW,2021-04-21 04:00:00+00:00,2015,2021/04/21 04:00:00+00,2021,4,2D,Ward 2,Race,Black,Threats,38.90450033,-77.05141069,2021,Wednesday,April
800 block of F St NW,2021-04-24 04:00:00+00:00,1240,2021/04/24 04:00:00+00,2021,4,1D,Ward 2,Ethnicity/National Origin,Asian,Simple Assault,38.89720684,-77.02347659,2021,Saturday,April
1900 block of 14th St NW,2021-04-24 04:00:00+00:00,2030,2021/04/24 04:00:00+00,2021,4,3D,Ward 2,Ethnicity/National Origin,Hispanic,Simple Assault,38.91592868,-77.0319536,2021,Saturday,April
4700 block of Sheriff Rd NE,2021-04-24 04:00:00+00:00,1700,2021/04/25 04:00:00+00,2021,4,6D,Ward 7,Sexual Orientation,,Threats,38.90283215,-76.9351654,2021,Saturday,April
1200 block of 35th St NW,2021-04-25 04:00:00+00:00,1142,2021/04/25 04:00:00+00,2021,4,2D,Ward 2,Ethnicity/National Origin,Japanese,Damage/Defacing/Destruction of Property,38.90547463,-77.06897133,2021,Sunday,April
Unit block of H St NW,2021-05-05 04:00:00+00:00,1455,2021/05/07 04:00:00+00,2021,5,1D,Ward 6,Ethnicity/National Origin,Asian,Threats,38.90020742,-77.01061888,2021,Wednesday,May
1100 block of 4th ST SW,2021-05-07 04:00:00+00:00,2322,2021/05/08 04:00:00+00,2021,5,1D,Ward 6,Sexual Orientation,,Threats,38.87786661,-77.01763474,2021,Friday,May
700 block of 2nd St NE,2021-05-09 04:00:00+00:00,2154,2021/05/09 04:00:00+00,2021,5,1D,Ward 6,Race,Black,Simple Assault,38.90011776,-77.00354158,2021,Sunday,May
1500 block of Potomac Ave SE,2021-05-09 04:00:00+00:00,1130,2021/05/09 04:00:00+00,2021,5,1D,Ward 6/Ward 7,Race,White,Simple Assault,38.88117686,-76.98340915,2021,Sunday,May
1400 block of 14th St NW,2021-05-12 04:00:00+00:00,2110,2021/05/13 04:00:00+00,2021,5,2D,Ward 2,Race,Black,Simple Assault,38.9092426,-77.03195176,2021,Wednesday,May
700 block of 51st St NE,2021-05-14 04:00:00+00:00,1821,2021/05/14 04:00:00+00,2021,5,6D,Ward 7,Sexual Orientation,,ADW,38.89882714,-76.92746329,2021,Friday,May
1400 block of Otis Pl NW,2021-05-18 04:00:00+00:00,2003,2021/05/19 04:00:00+00,2021,5,4D,Ward 1,Sexual Orientation,,Threats,38.93523497,-77.03377296,2021,Tuesday,May
1100 block of Massachusetts Ave NW,2021-05-20 04:00:00+00:00,0900,2021/05/20 04:00:00+00,2021,5,3D,Ward 2,Ethnicity/National Origin,Jewish,Displaying Symbols,38.9040311,-77.02728797,2021,Thursday,May
800 block of 5th St NW,2021-05-25 04:00:00+00:00,1615,2021/05/25 04:00:00+00,2021,5,1D,Ward 6,Ethnicity/National Origin,African,Simple Assault,38.90033609,-77.01892869,2021,Tuesday,May
200 block of 57th St NE,2021-05-30 04:00:00+00:00,1813,2021/05/30 04:00:00+00,2021,5,6D,Ward 7,Gender Identity/Expression,,Simple Assault,38.89237312,-76.91958653,2021,Sunday,May
1600 block of Benning Rd NE,2021-06-06 04:00:00+00:00,1752,2021/06/06 04:00:00+00,2021,6,5D,Ward 5/Ward 7,Gender Identity/Expression,,ADW,38.89961512,-76.98038661,2021,Sunday,June
Unit block of Q St SW,2021-06-07 04:00:00+00:00,1720,2021/06/07 04:00:00+00,2021,6,1D,Ward 6,Sexual Orientation,,Damage/Defacing/Destruction of Property,38.87074779,-77.01020887,2021,Monday,June
1700 block of Lanier Pl NW,2021-06-08 04:00:00+00:00,1331,2021/06/08 04:00:00+00,2021,6,3D,Ward 1,Race,Black,Simple Assault,38.92563491,-77.04029929,2021,Tuesday,June
500 block of Florida Ave NW,2021-06-12 04:00:00+00:00,1500,2021/06/12 04:00:00+00,2021,6,3D,Ward 1/Ward 2,Sexual Orientation,,ADW,38.91522301,-77.01945325,2021,Saturday,June
1200 block of Girard St NW,2021-06-16 04:00:00+00:00,2115,2021/06/17 04:00:00+00,2021,6,3D,Ward 1,Sexual Orientation,,Damage/Defacing/Destruction of Property,38.9257475,-77.02837548,2021,Wednesday,June
1200 block of Massachusetts Ave NW,2021-06-16 04:00:00+00:00,0750,2021/06/16 04:00:00+00,2021,6,2D,Ward 2,Ethnicity/National Origin,Hispanic,Threats,38.90457213,-77.02885069,2021,Wednesday,June
1700 block of Columbia Rd NW,2021-06-17 04:00:00+00:00,0112,2021/06/17 04:00:00+00,2021,6,3D,Ward 1,Ethnicity/National Origin,Asian,Simple Assault,38.92465629,-77.03965317,2021,Thursday,June
200 block of 63rd St NE,2021-06-18 04:00:00+00:00,2100,2021/06/18 04:00:00+00,2021,6,6D,Ward 7,Sexual Orientation,,ADW,38.89242687,-76.91092708,2021,Friday,June
800 block of Venable Pl NW,2021-06-19 04:00:00+00:00,1311,2021/06/19 04:00:00+00,2021,6,4D,Ward 4,Ethnicity/National Origin,Chinese,Threats,38.97073729,-77.0255716,2021,Saturday,June
2700 block of M St NW,2021-06-19 04:00:00+00:00,1230,2021/06/19 04:00:00+00,2021,6,2D,Ward 2,Race,Black,Simple Assault,38.90525363,-77.05588104,2021,Saturday,June
1400 block of Otis Pl NW,2021-06-25 04:00:00+00:00,0500,2021/06/28 04:00:00+00,2021,6,4D,Ward 1,Sexual Orientation,,Simple Assault,38.93523497,-77.03377296,2021,Friday,June
5200 block of Georgia Ave NW,2021-07-05 04:00:00+00:00,1234,2021/07/06 04:00:00+00,2021,7,4D,Ward 4,Sexual Orientation,,Simple Assault,38.95349367,-77.02765359,2021,Monday,July
6100 block of 14th St NW,2021-07-06 04:00:00+00:00,1100,2021/07/07 04:00:00+00,2021,7,4D,Ward 4,Sexual Orientation,,Threats,38.96472186,-77.03341677,2021,Tuesday,July
3500 block of Connecticut Ave NW,2021-07-07 04:00:00+00:00,1615,2021/07/07 04:00:00+00,2021,7,2D,Ward 3,Sex/Gender,Female,Robbery,38.93619504,-77.05887669,2021,Wednesday,July
1100 block of 2nd Pl SE,2021-07-08 04:00:00+00:00,2322,2021/07/09 04:00:00+00,2021,7,1D,Ward 8,Sexual Orientation,,Simple Assault,38.87700553,-77.00295395,2021,Thursday,July
600 block of H St NW,2021-07-10 04:00:00+00:00,0050,2021/07/10 04:00:00+00,2021,7,1D,Ward 2,Ethnicity/National Origin,Chinese,Threats,38.89981191,-77.0209122,2021,Saturday,July
3000 block of K St NW,2021-07-11 04:00:00+00:00,2357,2021/07/12 04:00:00+00,2021,7,2D,Ward 2,Race,Black,Threats,38.90259243,-77.05960938,2021,Sunday,July
400 block of Massachusetts Ave NW,2021-07-17 04:00:00+00:00,2137,2021/07/17 04:00:00+00,2021,7,1D,Ward 6,Ethnicity/National Origin,Jewish,Threats,38.90052346,-77.0171897,2021,Saturday,July
1100 block of I St NW,2021-07-20 04:00:00+00:00,2035,2021/07/20 04:00:00+00,2021,7,2D,Ward 2,Sexual Orientation,,ADW,38.90133151,-77.02755601,2021,Tuesday,July
1900 block of 9th ST NW,2021-07-21 04:00:00+00:00,2213,2021/07/21 04:00:00+00,2021,7,3D,Ward 1,Gender Identity/Expression,,Threats,38.9162802,-77.02396659,2021,Wednesday,July
2300 block of 18th St NW,2021-07-24 04:00:00+00:00,1946,2021/07/24 04:00:00+00,2021,7,3D,Ward 1,Sexual Orientation,,Simple Assault,38.92012523,-77.04185915,2021,Saturday,July
3300 block of Prospect St NW,2021-07-25 04:00:00+00:00,0135,2021/07/25 04:00:00+00,2021,7,2D,Ward 2,Sexual Orientation,,Leaving After Colliding,38.9059384,-77.06693827,2021,Sunday,July
1900 block of 2nd ST NW,2021-07-25 04:00:00+00:00,1718,2021/07/25 04:00:00+00,2021,7,3D,Ward 1,Ethnicity/National Origin,Chinese,Damage/Defacing/Destruction of Property,38.91608287,-77.01439631,2021,Sunday,July
2000 block of P St NW,2021-08-04 04:00:00+00:00,0440,2021/08/04 04:00:00+00,2021,8,2D,Ward 2,Ethnicity/National Origin,Turkish,Displaying Symbols,38.90964184,-77.0453223,2021,Wednesday,August
800 block of 26th St NE,2021-08-05 04:00:00+00:00,2330,2021/08/06 04:00:00+00,2021,8,5D,Ward 5,Gender Identity/Expression,,Robbery,38.90063768,-76.97023025,2021,Thursday,August
2200 block of Georgia Ave NW,2021-08-13 04:00:00+00:00,2240,2021/08/14 04:00:00+00,2021,8,3D,Ward 1,Sexual Orientation,,Simple Assault,38.91949073,-77.0219009,2021,Friday,August
2800 block of Georgia Ave NW,2021-08-18 04:00:00+00:00,1530,2021/08/18 04:00:00+00,2021,8,3D,Ward 1,Ethnicity/National Origin,Hispanic,Threats,38.92639173,-77.022842,2021,Wednesday,August
900 block of Rhode Island Ave NE,2021-08-18 04:00:00+00:00,1015,2021/08/18 04:00:00+00,2021,8,5D,Ward 5,Race,White,ADW,38.9222166,-76.9931402,2021,Wednesday,August
1400 block of 14th St NW,2021-08-20 04:00:00+00:00,0148,2021/08/20 04:00:00+00,2021,8,2D,Ward 2,Race,Black,Simple Assault,38.9092426,-77.03195176,2021,Friday,August
600 block of Massachusetts Ave NW,2021-08-24 04:00:00+00:00,1824,2021/08/24 04:00:00+00,2021,8,1D,Ward 2,Race,Black,Simple Assault,38.90181186,-77.02090564,2021,Tuesday,August
1200 block of New Hampshire Ave NW,2021-08-28 04:00:00+00:00,1000,2021/08/28 04:00:00+00,2021,8,2D,Ward 2,Religion,Jewish,Simple Assault,38.90558552,-77.04724693,2021,Saturday,August
1000 block of 31st St NW,2021-08-28 04:00:00+00:00,0700,2021/09/09 04:00:00+00,2021,9,2D,Ward 2,Ethnicity/National Origin,Jewish,Displaying Symbols,38.90301368,-77.06113659,2021,Saturday,August
800 block of 5th St NW,2021-08-29 04:00:00+00:00,1740,2021/08/29 04:00:00+00,2021,8,1D,Ward 6,Sexual Orientation,,Simple Assault,38.90033609,-77.01892869,2021,Sunday,August
500 block of K St NW,2021-08-30 04:00:00+00:00,2010,2021/08/30 04:00:00+00,2021,8,1D,Ward 6,Ethnicity/National Origin,Chinese,Simple Assault,38.90252026,-77.01941739,2021,Monday,August
1300 block of Delaware Ave SW,2021-08-31 04:00:00+00:00,1500,2021/09/03 04:00:00+00,2021,9,1D,Ward 6,Religion,Jewish,Damage/Defacing/Destruction of Property,38.8746523,-77.01443782,2021,Tuesday,August
1800 block of Perry Pl NE,2021-09-02 04:00:00+00:00,1200,2021/09/02 04:00:00+00,2021,9,5D,Ward 5,Race,Black,Simple Assault,38.93643627,-76.97862907,2021,Thursday,September
5200 block of Georgia Ave NW,2021-09-09 04:00:00+00:00,1952,2021/09/09 04:00:00+00,2021,9,4D,Ward 4,Race,Black,Threats,38.95349367,-77.02765359,2021,Thursday,September
500 block of G St NW,2021-09-11 04:00:00+00:00,2352,2021/09/12 04:00:00+00,2021,9,1D,Ward 2,Race,Black,Threats,38.89831102,-77.01941855,2021,Saturday,September
2500 block of M St NW,2021-09-13 04:00:00+00:00,0700,2021/09/13 04:00:00+00,2021,9,2D,Ward 2,Race,White,Simple Assault,38.90525702,-77.05402268,2021,Monday,September
2200 block of M St NW,2021-09-13 04:00:00+00:00,1513,2021/09/13 04:00:00+00,2021,9,2D,Ward 2,Race,White,Simple Assault,38.90526517,-77.04946064,2021,Monday,September
2200 block of Wisconsin Ave NW,2021-09-15 04:00:00+00:00,2100,2021/09/15 04:00:00+00,2021,9,2D,Ward 3,Race,White,Simple Assault,38.91966658,-77.0710366,2021,Wednesday,September
2200 block of 25th Pl NE,2021-09-17 04:00:00+00:00,1215,2021/09/17 04:00:00+00,2021,9,5D,Ward 5,Race,Black,Damage/Defacing/Destruction of Property,38.92103499,-76.97091928,2021,Friday,September
2200 block of 25th Pl NE,2021-09-17 04:00:00+00:00,0854,2021/09/17 04:00:00+00,2021,9,5D,Ward 5,Race,White,ADW,38.92103499,-76.97091928,2021,Friday,September
200 block of L St NE,2021-09-18 04:00:00+00:00,0933,2021/09/18 04:00:00+00,2021,9,5D,Ward 6,Gender Identity/Expression,,ADW,38.90373102,-77.00317492,2021,Saturday,September
3300 block of 14th Pl SE,2021-09-19 04:00:00+00:00,1840,2021/09/19 04:00:00+00,2021,9,7D,Ward 8,Sexual Orientation,,Simple Assault,38.84345664,-76.9844361,2021,Sunday,September
4900 block of Wisconsin Ave NW,2021-09-26 04:00:00+00:00,0257,2021/09/26 04:00:00+00,2021,9,2D,Ward 3,Ethnicity/National Origin,Middle Eastern,Simple Assault,38.95358489,-77.08206457,2021,Sunday,September
2200 block of Hunter Pl SE,2021-09-29 04:00:00+00:00,1255,2021/09/29 04:00:00+00,2021,9,7D,Ward 8,Ethnicity/National Origin,Middle Eastern,Simple Assault,38.85931888,-76.98462013,2021,Wednesday,September
600 block of Edgewood St NE,2021-10-02 04:00:00+00:00,1650,2021/10/02 04:00:00+00,2021,10,5D,Ward 5,Gender Identity/Expression,,Simple Assault,38.92423879,-76.99790392,2021,Saturday,October
2000 block of 14th St NW,2021-10-20 04:00:00+00:00,1852,2021/10/20 04:00:00+00,2021,10,3D,Ward 1,Race,White,Threats,38.91755504,-77.0319511,2021,Wednesday,October
3800 block of Massachusetts Ave NW,2021-10-21 04:00:00+00:00,1800,2021/10/21 04:00:00+00,2021,10,2D,Ward 3,Ethnicity/National Origin,Jewish,Displaying Symbols,38.93058325,-77.07586891,2021,Thursday,October
Unit block of M St NE,2021-10-21 04:00:00+00:00,2306,2021/10/22 04:00:00+00,2021,10,5D,Ward 6,Race,Black,Simple Assault,38.9056424,-77.00747409,2021,Thursday,October
3100 block of Rhode Island Ave NE,2021-10-23 04:00:00+00:00,1938,2021/10/23 04:00:00+00,2021,10,5D,Ward 5,Gender Identity/Expression,,ADW,38.93453811,-76.96477988,2021,Saturday,October
Unit block of Massachusetts Ave NE,2021-10-24 04:00:00+00:00,0938,2021/10/24 04:00:00+00,2021,10,1D,Ward 6,Gender Identity/Expression,,Simple Assault,38.89720394,-77.00838793,2021,Sunday,October
1000 block of Connecticut Ave NW,2021-10-31 04:00:00+00:00,1923,2021/10/31 04:00:00+00,2021,10,2D,Ward 2,Ethnicity/National Origin,Iranian,Damage/Defacing/Destruction of Property,38.90314383,-77.03966715,2021,Sunday,October
600 block of 22nd St NW,2021-10-31 04:00:00+00:00,1015,2021/10/31 04:00:00+00,2021,10,2D,Ward 2,Religion,Jewish,Burglary,38.89784435,-77.04884163,2021,Sunday,October
200 block of 57th Pl NE,2021-11-05 04:00:00+00:00,1104,2021/11/05 04:00:00+00,2021,11,6D,Ward 7,Gender Identity/Expression,,Damage/Defacing/Destruction of Property,38.89188886,-76.91884071,2021,Friday,November
3200 block of 14th St NW,2021-11-16 05:00:00+00:00,1300,2021/11/16 05:00:00+00,2021,11,3D,Ward 1,Race,Black,"Lewd, Indecent, Obscene Acts",38.92951689,-77.03272986,2021,Tuesday,November
4500 block of Wisconsin Ave NW,2021-11-16 05:00:00+00:00,0710,2021/11/16 05:00:00+00,2021,11,2D,Ward 3,Gender Identity/Expression,,Threats,38.94835706,-77.07993731,2021,Tuesday,November
800 block of Barnaby Rd SE,2021-11-16 05:00:00+00:00,1040,2021/11/16 05:00:00+00,2021,11,7D,Ward 8,Sexual Orientation,,Threats,38.82785939,-76.99596662,2021,Tuesday,November
1000 block of L St NW,2021-11-18 05:00:00+00:00,0742,2021/11/18 05:00:00+00,2021,11,3D,Ward 2,Ethnicity/National Origin,Jewish,Displaying Symbols,38.90417154,-77.02651363,2021,Thursday,November
400 block of Condon Ter SE,2021-11-18 05:00:00+00:00,1641,2021/11/18 05:00:00+00,2021,11,7D,Ward 8,Gender Identity/Expression,,Simple Assault,38.83163389,-76.99989393,2021,Thursday,November
Unit block of Massachusetts Ave NW,2021-11-19 05:00:00+00:00,0459,2021/11/19 05:00:00+00,2021,11,1D,Ward 6,Race,Black,Threats,38.89789907,-77.0101233,2021,Friday,November
2100 block of Newport Pl NW,2021-11-21 05:00:00+00:00,0339,2021/11/21 05:00:00+00,2021,11,2D,Ward 2,Race,Black,Damage/Defacing/Destruction of Property,38.90790228,-77.04771667,2021,Sunday,November
4000 block of 1st St SE,2021-12-02 05:00:00+00:00,0817,2021/12/02 05:00:00+00,2021,12,7D,Ward 8,Sexual Orientation,,Threats,38.83071173,-77.00588679,2021,Thursday,December
1500 block of Rhode Island Ave NE,2021-12-10 05:00:00+00:00,1142,2021/12/10 05:00:00+00,2021,12,5D,Ward 5,Gender Identity/Expression,,Simple Assault,38.92554881,-76.98347902,2021,Friday,December
3900 block of 1st St SE,2021-12-11 05:00:00+00:00,1830,2021/12/11 05:00:00+00,2021,12,7D,Ward 8,Sexual Orientation,,ADW,38.83255053,-77.00588488,2021,Saturday,December
4300 block of Wisconsin Ave NW,2021-12-12 05:00:00+00:00,1919,2021/12/12 05:00:00+00,2021,12,2D,Ward 3,Ethnicity/National Origin,Lebanese,Threats,38.94513863,-77.07812667,2021,Sunday,December
4100 block of Gault Pl NE,2021-12-13 05:00:00+00:00,0014,2021/12/13 05:00:00+00,2021,12,6D,Ward 7,Sexual Orientation,,Simple Assault,38.89905796,-76.94436833,2021,Monday,December
Unit block of Massachusetts Ave NE,2021-12-15 05:00:00+00:00,1545,2021/12/15 05:00:00+00,2021,12,1D,Ward 6,Ethnicity/National Origin,Asian,Simple Assault,38.89720394,-77.00838793,2021,Wednesday,December
100 block of Q St NE,2021-12-15 05:00:00+00:00,2110,2021/12/15 05:00:00+00,2021,12,5D,Ward 5,Gender Identity/Expression,,Simple Assault,38.91111435,-77.00566814,2021,Wednesday,December
4800 block of Quarles St NE,2022-01-05 05:00:00+00:00,1230,2022/01/05 05:00:00+00,2022,1,6D,Ward 7,Sexual Orientation,,Threats,38.90888961,-76.93210108,2022,Wednesday,January
1600 block of Rhode Island Ave NW,2022-01-07 05:00:00+00:00,0000,2022/01/13 05:00:00+00,2022,1,2D,Ward 2,Gender Identity/Expression,,Threats,38.90699416,-77.03726404,2022,Friday,January
3900 block of Chesapeake St NW,2022-01-14 05:00:00+00:00,1410,2022/01/14 05:00:00+00,2022,1,2D,Ward 3,Race; Ethnicity/National Origin; Gender Identity/Expression,White; Jewish,Displaying Symbols,38.95072757,-77.07673285,2022,Friday,January
3000 block of 14th ST NW,2022-01-16 05:00:00+00:00,0000,2022/01/16 05:00:00+00,2022,1,3D,Ward 1,Religion,Muslim,Threats,38.9281718,-77.03259028,2022,Sunday,January
Columbia Rd NW and Wyoming Ave NW,2022-01-23 05:00:00+00:00,1131,2023/01/23 05:00:00+00,2023,1,3D,Ward 1,Ethnicity/National Origin,Jewish,Simple Assault,38.91838527,-77.04520541,2022,Sunday,January
Unit block of Massachusetts Ave NE,2022-01-28 05:00:00+00:00,0045,2022/01/28 05:00:00+00,2022,1,1D,Ward 6,Ethnicity/National Origin,Jewish,Displaying Symbols,38.89720394,-77.00838793,2022,Friday,January
2200 block of Bryan Pl SE,2022-02-09 05:00:00+00:00,2100,2022/02/09 05:00:00+00,2022,2,7D,Ward 8,Sexual Orientation,,Simple Assault,38.86000741,-76.98690879,2022,Wednesday,February
1100 block of New Jersey Ave SE,2022-02-10 05:00:00+00:00,1630,2022/02/10 05:00:00+00,2022,2,1D,Ward 6/Ward 8,Race,Black,Simple Assault,38.8770044,-77.00435314,2022,Thursday,February
2500 block of 17th St NW,2022-02-13 05:00:00+00:00,1651,2022/02/13 05:00:00+00,2022,2,3D,Ward 1,Sexual Orientation,,Threats,38.9239152,-77.03903879,2022,Sunday,February
300 block of Indiana Ave NW,2022-02-18 05:00:00+00:00,0410,2022/02/18 05:00:00+00,2022,2,1D,Ward 6,Race,Black,Simple Assault,38.89481048,-77.01755282,2022,Friday,February
1800 block of Connecticut Ave NW,2022-02-25 05:00:00+00:00,1730,2022/02/25 05:00:00+00,2022,2,2D,Ward 1/Ward 2,Ethnicity/National Origin,Russian,Damage/Defacing/Destruction of Property,38.91460355,-77.04622115,2022,Friday,February
1000 block of 17th St NW,2022-02-26 05:00:00+00:00,0012,2022/02/26 05:00:00+00,2022,2,2D,Ward 2,Gender Identity/Expression,,Threats,38.90313278,-77.03850908,2022,Saturday,February
1400 block of Belmont St NW,2022-02-27 05:00:00+00:00,1925,2022/02/27 05:00:00+00,2022,2,3D,Ward 1,Sexual Orientation,,Threats,38.92051037,-77.03336008,2022,Sunday,February
700 block of New York Ave NE,2022-03-03 05:00:00+00:00,0554,2022/03/03 05:00:00+00,2022,3,5D,Ward 5,Homelessness,ADW,,38.91265961,-76.99372317,2022,Thursday,March
400 block of New York Ave NE,2022-03-09 05:00:00+00:00,0252,2022/03/09 05:00:00+00,2022,3,5D,Ward 5,Homelessness,Homicide,,38.91265961,-76.99372317,2022,Wednesday,March
3800 block of Wisconsin Ave NW,2022-04-02 04:00:00+00:00,1807,2022/04/03 04:00:00+00,2022,4,2D,Ward 3,Race,White,Damage/Defacing/Destruction of Property,38.93884059,-77.074648,2022,Saturday,April
4800 block of Wisconsin Ave NW,2022-04-04 04:00:00+00:00,1033,2022/04/05 04:00:00+00,2022,4,2D,Ward 3,Race,White,Simple Assault,38.95271013,-77.08161767,2022,Monday,April
Unit block of I St NW,2022-04-05 04:00:00+00:00,0955,2022/04/05 04:00:00+00,2022,4,1D,Ward 6,Ethnicity/National Origin,Chinese,Simple Assault,38.9013174,-77.01178779,2022,Tuesday,April
1800 block of 14th St NW,2022-04-06 04:00:00+00:00,0005,2022/04/06 04:00:00+00,2022,4,3D,Ward 2,Sexual Orientation,,Simple Assault,38.91446221,-77.03195329,2022,Wednesday,April
1300 block of I St NW,2022-04-10 04:00:00+00:00,0200,2022/04/12 04:00:00+00,2022,4,2D,Ward 2,Gender Identity/Expression,,Threats,38.90133151,-77.03079307,2022,Sunday,April
3400 block of 23rd St SE,2017-06-17 04:00:00+00:00,2156,2017/06/17 04:00:00+00,2017,6,7D,Ward 8,Race,Black,Displaying Symbols,38.84646149,-76.97163624,2017,Saturday,June
1800 block of 23rd St NW,2017-06-18 04:00:00+00:00,1952,2017/06/18 04:00:00+00,2017,6,2D,Ward 2,Ethnicity/National Origin,Jewish,Displaying Symbols,38.91446057,-77.05061972,2017,Sunday,June
1600 block of R St NW,2017-06-20 04:00:00+00:00,2200,2017/06/22 04:00:00+00,2017,6,3D,Ward 2,Sexual Orientation,,Simple Assault,38.91260899,-77.03749919,2017,Tuesday,June
3800 block of Connecticut Ave NW,2017-06-20 04:00:00+00:00,0732,2017/06/24 04:00:00+00,2017,6,2D,Ward 3,Religion,Jewish,Displaying Symbols,38.94018074,-77.06119338,2017,Tuesday,June
3100 block of Fort Lincoln Dr NE,2017-06-20 04:00:00+00:00,1600,2017/06/20 04:00:00+00,2017,6,5D,Ward 5,Race,Black,Displaying Symbols,38.92766568,-76.95874246,2017,Tuesday,June
1500 block of 17th St NW,2017-07-03 04:00:00+00:00,2354,2017/07/04 04:00:00+00,2017,7,2D,Ward 2,Sexual Orientation,,Threats,38.910014,-77.03848801,2017,Monday,July
Central Ave SE and Southern Ave SE,2017-07-07 04:00:00+00:00,2035,2017/07/07 04:00:00+00,2017,7,2D,Ward 7,Sexual Orientation,,ADW,38.88570973,-76.91856593,2017,Friday,July
2100 block of Queens Chapel Rd NE,2017-07-16 04:00:00+00:00,0245,2017/07/17 04:00:00+00,2017,7,5D,Ward 5,Sexual Orientation,,ADW,38.91912162,-76.97240933,2017,Sunday,July
4600 block of 41st ST NW,2017-07-17 04:00:00+00:00,1450,2017/07/17 04:00:00+00,2017,7,2D,Ward 3,Race,White,Damage/Defacing/Destruction of Property,38.95020341,-77.08031178,2017,Monday,July
6700 block of Georgia Ave NW,2017-07-20 04:00:00+00:00,0142,2017/07/20 04:00:00+00,2017,7,4D,Ward 4,Race,Black,Threats,38.97191325,-77.02707151,2017,Thursday,July
4000 block of Minnesota Ave NE,2017-07-21 04:00:00+00:00,2100,2017/07/24 04:00:00+00,2017,7,6D,Ward 7,Sexual Orientation,,Simple Assault,38.89665588,-76.94764751,2017,Friday,July
4000 block of Minnesota Ave NE,2017-07-23 04:00:00+00:00,0900,2017/07/25 04:00:00+00,2017,7,6D,Ward 7,Sexual Orientation,,Threats,38.89665588,-76.94764751,2017,Sunday,July
600 block of 13th ST NW,2017-07-27 04:00:00+00:00,1956,2017/07/27 04:00:00+00,2017,7,2D,Ward 2,Sexual Orientation,,Threats,38.89782585,-77.02961894,2017,Thursday,July
1200 block of New Hampshire Ave NW,2017-07-29 04:00:00+00:00,1838,2017/07/29 04:00:00+00,2017,7,2D,Ward 2,Political Affiliation,,ADW,38.90558552,-77.04724693,2017,Saturday,July
400 block of Massachusetts Ave NW,2017-08-02 04:00:00+00:00,2030,2017/08/02 04:00:00+00,2017,8,1D,Ward 6,Ethnicity/National Origin,Jewish,Damage/Defacing/Destruction of Property,38.90052346,-77.0171897,2017,Wednesday,August
1700 block of New York Ave NW,2017-08-03 04:00:00+00:00,1000,2017/08/03 04:00:00+00,2017,8,2D,Ward 2,Ethnicity/National Origin,Jewish,Threats,38.89651769,-77.03978808,2017,Thursday,August
1200 block of U St NW,2017-08-05 04:00:00+00:00,1908,2017/08/05 04:00:00+00,2017,8,3D,Ward 1,Race,Black,Threats,38.91699977,-77.02885249,2017,Saturday,August
1500 block of 21st ST NW,2017-08-06 04:00:00+00:00,0407,2017/08/06 04:00:00+00,2017,8,2D,Ward 2,Race,White,Robbery,38.91019435,-77.0466344,2017,Sunday,August
1800 block of I St NW,2017-08-12 04:00:00+00:00,0343,2017/08/12 04:00:00+00,2017,8,2D,Ward 2,Sexual Orientation,,ADW,38.90133519,-77.04257949,2017,Saturday,August
1600 block of Gales St NE,2017-08-14 04:00:00+00:00,0858,2017/08/14 04:00:00+00,2017,8,5D,Ward 7,Sexual Orientation,,Damage/Defacing/Destruction of Property,38.89830159,-76.98076544,2017,Monday,August
100 block of I St SE,2017-08-15 04:00:00+00:00,2259,2017/08/16 04:00:00+00,2017,8,1D,Ward 6,Race,Black,Simple Assault,38.87928414,-77.00666828,2017,Tuesday,August
1700 block of 38th ST NW,2017-08-16 04:00:00+00:00,0700,2017/08/16 04:00:00+00,2017,8,2D,Ward 2,Ethnicity/National Origin,Jewish,Damage/Defacing/Destruction of Property,38.91399208,-77.0741715,2017,Wednesday,August
1700 block of Columbia Rd NW,2017-08-17 04:00:00+00:00,2000,2017/08/18 04:00:00+00,2017,8,3D,Ward 1,Race,Black,Damage/Defacing/Destruction of Property,38.92465629,-77.03965317,2017,Thursday,August
1200 block of South Capitol ST SE,2017-08-24 04:00:00+00:00,0900,2017/08/24 04:00:00+00,2017,8,1D,Ward 6,Race,Black,Displaying Symbols,38.87652596,-77.00909794,2017,Thursday,August
700 block of 8th St NW,2017-08-25 04:00:00+00:00,0557,2017/08/25 04:00:00+00,2017,8,1D,Ward 2,Race,Black,Damage/Defacing/Destruction of Property,38.89913473,-77.02294002,2017,Friday,August
900 block of 16th ST NW,2017-08-28 04:00:00+00:00,1413,2017/08/28 04:00:00+00,2017,8,2D,Ward 2,Race,White,ADW,38.90193467,-77.03654363,2017,Monday,August
Unit block of O St NW,2017-08-30 04:00:00+00:00,0740,2017/08/30 04:00:00+00,2017,8,3D,Ward 5,Gender Identity/Expression,,Threats,38.90856644,-77.01067524,2017,Wednesday,August
700 block of 8th St NW,2017-09-03 04:00:00+00:00,0220,2017/09/03 04:00:00+00,2017,9,1D,Ward 2,Race,Black,Damage/Defacing/Destruction of Property,38.89913473,-77.02294002,2017,Sunday,September
1500 block of C ST SE,2017-09-06 04:00:00+00:00,1200,2017/09/07 04:00:00+00,2017,9,1D,Ward 7,Ethnicity/National Origin,Jewish,Displaying Symbols,38.88535113,-76.98293572,2017,Wednesday,September
1000 block of U St NW,2017-09-09 04:00:00+00:00,0234,2017/09/09 04:00:00+00,2017,9,3D,Ward 1,Sexual Orientation,,Simple Assault,38.91699681,-77.02651355,2017,Saturday,September
400 block of 2nd St NW,2017-09-11 04:00:00+00:00,1720,2017/09/11 04:00:00+00,2017,9,1D,Ward 6,Political Affiliation,,Damage/Defacing/Destruction of Property,38.89543686,-77.01478638,2017,Monday,September
200 block of Elmira St SW,2017-09-11 04:00:00+00:00,1458,2017/09/11 04:00:00+00,2017,9,7D,Ward 8,Sexual Orientation,,Threats,38.82605094,-77.0132525,2017,Monday,September
Unit block of Washington Cir NW,2017-09-11 04:00:00+00:00,0000,2017/09/18 04:00:00+00,2017,9,2D,Ward 2,Ethnicity/National Origin,Jewish,Displaying Symbols,38.90208087,-77.04972912,2017,Monday,September
1100 block of Connecticut Ave NW,2017-09-13 04:00:00+00:00,0224,2017/09/13 04:00:00+00,2017,9,2D,Ward 2,Political Affiliation,,Robbery,38.90423795,-77.0402985,2017,Wednesday,September
2300 block of Georgia Ave NW,2017-09-17 04:00:00+00:00,0213,2017/09/17 04:00:00+00,2017,9,3D,Ward 1,Sexual Orientation,,Simple Assault,38.92047649,-77.02198931,2017,Sunday,September
200 block of H St NW,2017-09-19 04:00:00+00:00,1200,2017/09/20 04:00:00+00,2017,9,1D,Ward 6,Ethnicity/National Origin,Jewish,Damage/Defacing/Destruction of Property,38.9002253,-77.01442689,2017,Tuesday,September
600 block of I St NW,2019-11-29 05:00:00+00:00,1530,2019/12/02 05:00:00+00,2019,12,1D,Ward 2,Ethnicity/National Origin,Jewish,Damage/Defacing/Destruction of Property,38.90086787,-77.02090986,2019,Friday,November
4700 block of Kansas Ave NW,2019-11-30 05:00:00+00:00,1401,2019/11/30 05:00:00+00,2019,11,4D,Ward 4,Ethnicity/National Origin,Latino/Hispanic,Robbery,38.9481149,-77.02129691,2019,Saturday,November
4200 block of 2nd St NW,2019-12-07 05:00:00+00:00,1528,2019/12/07 05:00:00+00,2019,12,4D,Ward 4,Ethnicity/National Origin,Latino/Hispanic,ADW,38.94274871,-77.01383982,2019,Saturday,December
2200 block of P St NW,2019-12-13 05:00:00+00:00,0130,2019/12/18 05:00:00+00,2019,12,2D,Ward 2,Race,White,Simple Assault,38.90963474,-77.04906866,2019,Friday,December
1400 block of U St NW,2019-12-19 05:00:00+00:00,2213,2019/12/19 05:00:00+00,2019,12,3D,Ward 2,Ethnicity/National Origin,Black/African,ADW,38.9169968,-77.03324151,2019,Thursday,December
1200 block of 9th St NW,2019-12-31 05:00:00+00:00,1729,2019/12/31 05:00:00+00,2019,12,3D,Ward 2,Sexual Orientation,,Damage/Defacing/Destruction of Property,38.90644462,-77.02397769,2019,Tuesday,December
3900 block of Chesapeake St NW,2020-01-02 05:00:00+00:00,1145,2020/01/02 05:00:00+00,2020,1,2D,Ward 3,Ethnicity/National Origin,Jewish,Displaying Symbols,38.95072757,-77.07673285,2020,Thursday,January
800 block of Upshur St NW,2020-01-03 05:00:00+00:00,2320,2020/01/04 05:00:00+00,2020,1,4D,Ward 4,Sexual Orientation,,Stalking,38.94190348,-77.02420671,2020,Friday,January
1200 block of Taylor St NW,2020-01-06 05:00:00+00:00,1050,2020/01/06 05:00:00+00,2020,1,4D,Ward 4,Sexual Orientation,,Simple Assault,38.94080258,-77.02821479,2020,Monday,January
800 block of 17th St NW,2020-01-11 05:00:00+00:00,1800,2020/01/11 05:00:00+00,2020,1,2D,Ward 2,Race,Black,Simple Assault,38.9007739,-77.03944725,2020,Saturday,January
1400 block of 14th St NW,2020-01-12 05:00:00+00:00,0144,2020/01/12 05:00:00+00,2020,1,2D,Ward 2,Sexual Orientation,,Simple Assault,38.9092426,-77.03195176,2020,Sunday,January
1000 block of H St NW,2019-10-24 04:00:00+00:00,0149,2019/10/24 04:00:00+00,2019,10,2D,Ward 2,Ethnicity/National Origin,Jewish,Displaying Symbols,38.89981699,-77.0265142,2019,Thursday,October
4000 block of Minnesota Ave NE,2019-10-29 04:00:00+00:00,1635,2019/10/29 04:00:00+00,2019,10,6D,Ward 7,Sexual Orientation,,Stalking,38.89665588,-76.94764751,2019,Tuesday,October
1100 block of Connecticut Ave NW,2019-10-31 04:00:00+00:00,1228,2019/10/31 04:00:00+00,2019,10,2D,Ward 2,Ethnicity/National Origin,Russian,Threats,38.90423795,-77.0402985,2019,Thursday,October
1900 block of Maryland Ave NE,2019-11-07 05:00:00+00:00,1604,2019/11/07 05:00:00+00,2019,11,5D,Ward 5,Ethnicity/National Origin,Latino/Hispanic,Robbery,38.90347863,-76.97519277,2019,Thursday,November
1900 block of 15th St NW,2019-11-16 05:00:00+00:00,2009,2019/11/16 05:00:00+00,2019,11,3D,Ward 2,Sexual Orientation,,Damage/Defacing/Destruction of Property,38.9159302,-77.03453823,2019,Saturday,November
3900 block of Chesapeake St NW,2019-11-18 05:00:00+00:00,1400,2019/11/20 05:00:00+00,2019,11,2D,Ward 3,Ethnicity/National Origin,Jewish,Displaying Symbols,38.95072757,-77.07673285,2019,Monday,November
5600 block of Georgia Ave NW,2019-11-20 05:00:00+00:00,2330,2019/11/21 05:00:00+00,2019,11,4D,Ward 4,Ethnicity/National Origin,Black/African,Simple Assault,38.95781489,-77.02823064,2019,Wednesday,November
2200 block of 18th St NW,2019-11-23 05:00:00+00:00,0333,2019/11/23 05:00:00+00,2019,11,3D,Ward 1,Ethnicity/National Origin,Middle Eastern,Robbery,38.91920176,-77.04168137,2019,Saturday,November
1300 block of M St NW,2023-05-30 04:00:00+00:00,1920,2023/06/02 04:00:00+00,2023,6,3D,Ward 2,Religion,Jewish,Theft,38.90564747,-77.03055674,2023,Tuesday,May
1300 block of North Capitol St NW,2023-06-01 04:00:00+00:00,2250,2023/06/07 04:00:00+00,2023,6,3D,Ward 5,Sexual Orientation,,Simple Assault,38.90764277,-77.00905302,2023,Thursday,June
800 block of Water St SW,2023-06-03 04:00:00+00:00,2110,2023/06/03 04:00:00+00,2023,6,1D,Ward 6,Ethnicity/National Origin,Hispanic,Simple Assault,38.87963299,-77.02495545,2023,Saturday,June
2800 block of Wisconsin Ave NW,2023-06-04 04:00:00+00:00,1400,2023/06/04 04:00:00+00,2023,6,2D,Ward 3,Sexual Orientation,,Theft,38.9268556,-77.07318789,2023,Sunday,June
18th St NW and Columbia Rd NW,2023-06-08 04:00:00+00:00,1800,2023/06/14 04:00:00+00,2023,6,3D,Ward 1,Race,Black,Damage/Defacing/Destruction of Property,38.92266078,-77.04268424,2023,Thursday,June
2100 block of Pennsylvania Ave NW,2023-06-11 04:00:00+00:00,1730,2023/08/13 04:00:00+00,2023,8,2D,Ward 2,Sexual Orientation,,Sexual Assault,38.90169903,-77.04774446,2023,Sunday,June
5200 block of 43rd St NW,2023-06-12 04:00:00+00:00,2143,2023/06/12 04:00:00+00,2023,6,2D,Ward 3,Sexual Orientation,,Threats,38.95852093,-77.08376295,2023,Monday,June
2100 block of 8th St NW,2023-06-12 04:00:00+00:00,0201,2023/06/12 04:00:00+00,2023,6,3D,Ward 1,Sexual Orientation,,Simple Assault,38.91931666,-77.0229517,2023,Monday,June
1100 block of New Jersey Ave SE,2023-06-13 04:00:00+00:00,1711,2023/06/13 04:00:00+00,2023,6,1D,Ward 6,Gender Identity/Expression,,Simple Assault,38.8770044,-77.00435314,2023,Tuesday,June
3200 block of O St NW,2023-06-16 04:00:00+00:00,1745,2023/06/20 04:00:00+00,2023,6,2D,Ward 2,Sexual Orientation,,Damage/Defacing/Destruction of Property,38.90783543,-77.06443204,2023,Friday,June
Unit block of R St NW,2023-06-17 04:00:00+00:00,0939,2023/06/17 04:00:00+00,2023,6,3D,Ward 5,Sexual Orientation,,Damage/Defacing/Destruction of Property,38.91260236,-77.0106032,2023,Saturday,June
1200 block of 23rd St NW,2023-06-20 04:00:00+00:00,1504,2023/06/20 04:00:00+00,2023,6,2D,Ward 2,Ethnicity/National Origin,Mexican,Simple Assault,38.90625455,-77.0501035,2023,Tuesday,June
14th St NW and T St NW,2023-06-25 04:00:00+00:00,0300,2023/06/25 04:00:00+00,2023,6,3D,Ward 1/Ward 2,Sexual Orientation,,Simple Assault,38.91556834,-77.03195552,2023,Sunday,June
100 block of Randolph Pl NW,2023-07-05 04:00:00+00:00,2055,2023/07/07 04:00:00+00,2023,7,3D,Ward 5,Sexual Orientation,,Threats,38.91334395,-77.01312142,2023,Wednesday,July
1600 block of 17th St NW,2023-07-05 04:00:00+00:00,1744,2023/07/05 04:00:00+00,2023,7,3D,Ward 2,Ethnicity/National Origin,Hispanic,Simple Assault,38.9114974,-77.03848454,2023,Wednesday,July
3200 block of Northampton St NW,2023-07-06 04:00:00+00:00,1720,2023/07/06 04:00:00+00,2023,7,2D,Ward 4,Race,Black,Simple Assault,38.96581246,-77.0651334,2023,Thursday,July
1100 block of Euclid St NW,2023-07-07 04:00:00+00:00,2330,2023/07/11 04:00:00+00,2023,7,3D,Ward 1,Ethnicity/National Origin,Hispanic,Sexual Assault,38.92376281,-77.02753769,2023,Friday,July
1000 block of 14th St NW,2023-07-08 04:00:00+00:00,0300,2023/07/08 04:00:00+00,2023,7,2D,Ward 2,Sexual Orientation,,Sex Abuse,38.90312998,-77.03195398,2023,Saturday,July
1400 block of P St NW,2023-07-09 04:00:00+00:00,1109,2023/07/09 04:00:00+00,2023,7,2D,Ward 2,Sexual Orientation,,Threats,38.90965158,-77.03325434,2023,Sunday,July
1100 block of Vermont Ave NW,2023-07-13 04:00:00+00:00,1800,2023/07/14 04:00:00+00,2023,7,2D,Ward 2,Sexual Orientation,,Threats,38.90452619,-77.03261406,2023,Thursday,July
600 block of Pennsylvania Ave SE,2023-07-15 04:00:00+00:00,1045,2023/07/15 04:00:00+00,2023,7,1D,Ward 6,Sexual Orientation,,Simple Assault,38.8851343,-76.99731546,2023,Saturday,July
200 block of Florida Ave NW,2023-07-21 04:00:00+00:00,2201,2023/07/21 04:00:00+00,2023,7,3D,Ward 5,Race,White,Simple Assault,38.91277032,-77.01369668,2023,Friday,July
1300 block of D St SE,2023-07-22 04:00:00+00:00,1942,2023/07/23 04:00:00+00,2023,7,1D,Ward 6,Religion,Jewish,Damage/Defacing/Destruction of Property,38.88410402,-76.98691567,2023,Saturday,July
1000 block of 5th St NE,2023-07-27 04:00:00+00:00,0239,2023/07/27 04:00:00+00,2023,7,5D,Ward 6,Gender Identity/Expression,,ADW,38.90312048,-76.99950715,2023,Thursday,July
2300 block of 18th St NW,2023-08-05 04:00:00+00:00,0339,2023/08/05 04:00:00+00,2023,8,3D,Ward 1,Gender Identity/Expression,,Simple Assault,38.92012523,-77.04185915,2023,Saturday,August
1300 block of Park Rd NW,2023-08-08 04:00:00+00:00,1716,2023/08/08 04:00:00+00,2023,8,3D,Ward 1,Gender Identity/Expression,,Simple Assault,38.93112805,-77.03027968,2023,Tuesday,August
Georgia Ave NW and Randolph St NW,2023-08-16 04:00:00+00:00,1647,2023/08/16 04:00:00+00,2023,8,4D,Ward 4,Ethnicity/National Origin,Hispanic,Theft,38.93868418,-77.02469029,2023,Wednesday,August
1300 block of Morris Rd SE,2023-08-17 04:00:00+00:00,2111,2023/08/17 04:00:00+00,2023,8,7D,Ward 8,Race,White,Simple Assault,38.86163044,-76.98945991,2023,Thursday,August
1300 block of New York Ave NE,2023-08-20 04:00:00+00:00,0530,2023/08/20 04:00:00+00,2023,8,5D,Ward 5,Ethnicity/National Origin,African,Simple Assault,38.91514531,-76.98655712,2023,Sunday,August
1600 block of Connecticut Ave NW,2023-08-23 04:00:00+00:00,1442,2023/08/23 04:00:00+00,2023,8,2D,Ward 2,Race,White,Threats,38.90992743,-77.04360696,2023,Wednesday,August
1400 block of Sheridan St NW,2023-08-26 04:00:00+00:00,1757,2023/08/26 04:00:00+00,2023,8,4D,Ward 4,Sexual Orientation,,Simple Assault,38.96613491,-77.03490168,2023,Saturday,August
300 block of 7th St NW,2023-09-01 04:00:00+00:00,1031,2023/09/01 04:00:00+00,2023,9,1D,Ward 2,Race,White,Simple Assault,38.89358578,-77.02191474,2023,Friday,September
100 block of Q St SW,2023-09-01 04:00:00+00:00,2241,2023/09/02 04:00:00+00,2023,9,1D,Ward 6,Race,White,Simple Assault,38.87074242,-77.01292004,2023,Friday,September
1200 block of Wisconsin Ave NW,2023-09-01 04:00:00+00:00,2120,2023/09/01 04:00:00+00,2023,9,2D,Ward 2,Race,Black,Simple Assault,38.90560134,-77.06282229,2023,Friday,September
2000 block of 8th St NW,2023-09-06 04:00:00+00:00,0800,2023/09/10 04:00:00+00,2023,9,3D,Ward 1,Sexual Orientation,,Damage/Defacing/Destruction of Property,38.91723646,-77.02294573,2023,Wednesday,September
700 block of 4th St NW,2023-09-13 04:00:00+00:00,1900,2023/09/14 04:00:00+00,2023,9,1D,Ward 6,Ethnicity/National Origin,Jewish,Displaying Symbols,38.89905938,-77.01618629,2023,Wednesday,September
2nd St NW and F St NW,2023-09-13 04:00:00+00:00,1800,2023/09/13 04:00:00+00,2023,9,1D,Ward 6,Ethnicity/National Origin,Jewish,Displaying Symbols,38.89733902,-77.01365025,2023,Wednesday,September
600 block of H St NW,2023-09-16 04:00:00+00:00,1846,2023/09/16 04:00:00+00,2023,9,1D,Ward 2,Gender Identity/Expression,,Threats,38.89981191,-77.0209122,2023,Saturday,September
1300 block of Connecticut Ave NW,2023-09-17 04:00:00+00:00,1246,2023/09/17 04:00:00+00,2023,9,2D,Ward 2,Ethnicity/National Origin,Jewish,Displaying Symbols,38.90992743,-77.04360696,2023,Sunday,September
2100 block of I St NE,2023-09-26 04:00:00+00:00,1536,2023/09/26 04:00:00+00,2023,9,5D,Ward 5,Ethnicity/National Origin,African,ADW,38.9032552,-76.97303375,2023,Tuesday,September
3700 block of Connecticut Ave NW,2023-09-26 04:00:00+00:00,1816,2023/09/26 04:00:00+00,2023,9,2D,Ward 3,Sexual Orientation,,Simple Assault,38.93880748,-77.06039621,2023,Tuesday,September
1500 block of M St NW,2023-09-27 04:00:00+00:00,1551,2023/09/27 04:00:00+00,2023,9,2D,Ward 2,Ethnicity/National Origin; Race,Black; Jewish,Displaying Symbols,38.90565029,-77.0355515,2023,Wednesday,September
30th St NW and M St NW,2023-10-02 04:00:00+00:00,1747,2023/10/02 04:00:00+00,2023,10,2D,Ward 2,Ethnicity/National Origin,Jewish,Robbery,38.90521862,-77.05916771,2023,Monday,October
2300 block of L St NW,2023-10-06 04:00:00+00:00,1845,2023/10/06 04:00:00+00,2023,10,2D,Ward 2,Religion,Muslim,Simple Assault,38.90373697,-77.05076337,2023,Friday,October
17th St NW and Corcoran St NW,2023-10-07 04:00:00+00:00,1915,2023/10/07 04:00:00+00,2023,10,3D,Ward 2,Sexual Orientation,,Simple Assault,38.91186927,-77.03848371,2023,Saturday,October
2900 block of Nash Pl SE,2023-10-14 04:00:00+00:00,2044,2023/10/14 04:00:00+00,2023,10,6D,Ward 7,Sexual Orientation; Personal Appearance,,Robbery,38.87587372,-76.96745793,2023,Saturday,October
2100 block of 37th St NW,2023-10-18 04:00:00+00:00,0729,2023/10/18 04:00:00+00,2023,10,2D,Ward 3,Ethnicity/National Origin,Israeli,Damage/Defacing/Destruction of Property,38.91844009,-77.07293883,2023,Wednesday,October
1700 P St NW,2023-10-19 04:00:00+00:00,1906,2023/10/19 04:00:00+00,2023,10,2D,Ward 2,Ethnicity/National Origin,Israeli,Damage/Defacing/Destruction of Property,38.90964547,-77.04008007,2023,Thursday,October
2100 block of Queens Chapel Rd NE,2023-10-22 04:00:00+00:00,0300,2023/10/24 04:00:00+00,2023,10,5D,Ward 5,Gender Identity/Expression,,Simple Assault,38.91912162,-76.97240933,2023,Sunday,October
2600 block of Virginia Ave NW,2023-10-23 04:00:00+00:00,1100,2023/10/23 04:00:00+00,2023,10,2D,Ward 2,Ethnicity/National Origin,Jewish,Displaying Symbols,38.89977437,-77.05495496,2023,Monday,October
600 block of H St NE,2023-10-23 04:00:00+00:00,1623,2023/10/23 04:00:00+00,2023,10,1D,Ward 6,Ethnicity/National Origin,Jewish,Displaying Symbols,38.90020336,-76.99730482,2023,Monday,October
400 block of T St NW,2023-10-27 04:00:00+00:00,1805,2023/10/27 04:00:00+00,2023,10,3D,Ward 1,Race,White,Simple Assault,38.91584906,-77.01794232,2023,Friday,October
Buchanan St NW and Georgia Ave NW,2023-10-27 04:00:00+00:00,1717,2023/10/27 04:00:00+00,2023,10,4D,Ward 4,Sexual Orientation; Race,White,ADW,38.94612542,-77.02660006,2023,Friday,October
200 block of M St NE,2023-10-28 04:00:00+00:00,1626,2023/10/28 04:00:00+00,2023,10,5D,Ward 6,Sexual Orientation,,Threats,38.90564363,-77.00447272,2023,Saturday,October
1600 block of Maryland Ave NE,2023-10-28 04:00:00+00:00,2120,2023/10/28 04:00:00+00,2023,10,5D,Ward 5,Disability,,Threats,38.9015468,-76.97993763,2023,Saturday,October
1000 block of 4th St SW,2023-10-30 04:00:00+00:00,2200,2023/11/03 04:00:00+00,2023,11,1D,Ward 6,Religion,Jewish,Damage/Defacing/Destruction of Property,38.87786661,-77.01763474,2023,Monday,October
1600 block of 16th ST NW,2023-11-04 04:00:00+00:00,1614,2023/11/04 04:00:00+00,2023,11,3D,Ward 2,Ethnicity/National Origin,Israeli,Damage/Defacing/Destruction of Property,38.91149641,-77.03651636,2023,Saturday,November
1200 block of 33rd St NW,2023-11-05 04:00:00+00:00,1350,2023/11/06 05:00:00+00,2023,11,2D,Ward 2,Ethnicity/National Origin,Israeli,Damage/Defacing/Destruction of Property,38.90553414,-77.06607055,2023,Sunday,November
1600 block of Rhode Island Ave NW,2023-11-08 05:00:00+00:00,1050,2023/11/08 05:00:00+00,2023,11,2D,Ward 2,Sexual Orientation,,Threats,38.90699416,-77.03726404,2023,Wednesday,November
5800 block of Georgia Ave NW,2023-11-09 05:00:00+00:00,1425,2023/11/09 05:00:00+00,2023,11,4D,Ward 4,Ethnicity/National Origin,Hispanic,Robbery,38.95968259,-77.02813619,2023,Thursday,November
23rd St NW and Q St NW,2023-11-10 05:00:00+00:00,2023,2023/11/10 05:00:00+00,2023,11,2D,Ward 2,Ethnicity/National Origin,Israeli,Damage/Defacing/Destruction of Property,38.91107534,-77.05074832,2023,Friday,November
1200 block of 28th ST NW,2023-11-11 05:00:00+00:00,1800,2023/11/11 05:00:00+00,2023,11,2D,Ward 2,Religion,Jewish,Simple Assault,38.90565935,-77.05703519,2023,Saturday,November
800 block of Bladensburg Rd NE,2023-11-14 05:00:00+00:00,1710,2023/11/14 05:00:00+00,2023,11,5D,Ward 5,Ethnicity/National Origin,Israeli,Threats,38.90045504,-76.98314199,2023,Tuesday,November
1400 block of Q St NW,2023-11-17 05:00:00+00:00,2046,2023/11/17 05:00:00+00,2023,11,3D,Ward 2,Ethnicity/National Origin,Jewish,Simple Assault,38.91112669,-77.03325399,2023,Friday,November
400 block of K St NE,2023-11-21 05:00:00+00:00,0130,2023/11/21 05:00:00+00,2023,11,5D,Ward 6,Gender Identity/Expression,,Robbery,38.90251305,-77.00004047,2023,Tuesday,November
1300 block of New Hampshire Ave NW,2023-12-01 05:00:00+00:00,0255,2023/12/06 05:00:00+00,2023,12,2D,Ward 2,Ethnicity/National Origin,Palestinian,Stalking,38.90765101,-77.04530051,2023,Friday,December
4th St NE and F St NE,2023-12-01 05:00:00+00:00,1535,2023/12/01 05:00:00+00,2023,12,1D,Ward 6,Race,Black,Threats,38.89733477,-77.0005712,2023,Friday,December
1300 block of 14th St NW,2023-12-04 05:00:00+00:00,1645,2023/12/05 05:00:00+00,2023,12,2D,Ward 2,Gender Identity/Expression,,Threats,38.90803854,-77.03195018,2023,Monday,December
12th St NW and N St NW,2023-12-14 05:00:00+00:00,1534,2023/12/14 05:00:00+00,2023,12,3D,Ward 2,Sexual Orientation,,Simple Assault,38.90723996,-77.02808826,2023,Thursday,December
2800 block of Wisconsin Ave NW,2023-12-17 05:00:00+00:00,0812,2023/12/17 05:00:00+00,2023,12,2D,Ward 3,Religion,Jewish,Threats,38.9268556,-77.07318789,2023,Sunday,December
1900 block of 12th St NW,2023-12-18 05:00:00+00:00,1530,2023/12/18 05:00:00+00,2023,12,3D,Ward 1,Race,White,Simple Assault,38.91628523,-77.02808137,2023,Monday,December
600 block of I St NW,2023-12-18 05:00:00+00:00,0430,2023/12/18 05:00:00+00,2023,12,1D,Ward 2,Religion,Jewish,Threats,38.90086787,-77.02090986,2023,Monday,December
5000 block of North Capitol St NE,2023-05-28 04:00:00+00:00,0450,2023/05/28 04:00:00+00,2023,5,4D,Ward 4/Ward 5,Sexual Orientation,,Threats,38.95172359,-77.00895848,2023,Sunday,May
4000 block of Minnesota Ave NE,2023-12-19 05:00:00+00:00,1545,2023/12/19 05:00:00+00,2023,12,6D,Ward 7,Ethnicity/National Origin,Jewish,Displaying Symbols,38.89665588,-76.94764751,2023,Tuesday,December
2700 block of Pennsylvania Ave NW,2023-12-23 05:00:00+00:00,0900,2023/12/29 05:00:00+00,2023,12,2D,Ward 2,Ethnicity/National Origin,Jewish,Simple Assault,38.90453142,-77.05590203,2023,Saturday,December
2700 block of New York Ave NE,2023-12-24 05:00:00+00:00,0232,2023/12/24 05:00:00+00,2023,12,5D,Ward 5,Race,Black,Threats,38.91713721,-76.96513406,2023,Sunday,December
2000 block of 14th St SE,2012-07-08 04:00:00+00:00,0930,2012/07/08 04:00:00+00,2012,7,7D,Ward 8,Sexual Orientation,,Damage/Defacing/Destruction of Property,38.86547877,-76.9855106,2012,Sunday,July
1500 block of Spring Pl NW,2012-08-18 04:00:00+00:00,1341,2012/08/18 04:00:00+00,2012,8,4D,Ward 1,Sexual Orientation,,Threats,38.93673468,-77.03526907,2012,Saturday,August
2100 block of 18th St NW,2012-08-25 04:00:00+00:00,1957,2012/08/25 04:00:00+00,2012,8,3D,Ward 1,Religion,Jewish,Simple Assault,38.9182812,-77.04168083,2012,Saturday,August
200 block of W St NW,2012-10-07 04:00:00+00:00,0509,2012/10/07 04:00:00+00,2012,10,3D,Ward 1,Sexual Orientation,,ADW,38.91951641,-77.01633715,2012,Sunday,October
2800 block of Georgia Ave NW,2012-10-31 04:00:00+00:00,2339,2012/10/31 04:00:00+00,2012,10,3D,Ward 1,Sexual Orientation,,Threats,38.92639173,-77.022842,2012,Wednesday,October
4200 block of 3rd St NW,2012-12-22 05:00:00+00:00,0235,2012/12/22 05:00:00+00,2012,12,4D,Ward 4,Sexual Orientation,,Simple Assault,38.94269977,-77.01543038,2012,Saturday,December
1300 block of U St NW,2013-01-13 05:00:00+00:00,0214,2013/01/13 05:00:00+00,2013,1,3D,Ward 1,Sexual Orientation,,Simple Assault,38.91700008,-77.03078611,2013,Sunday,January
2100 block of Queens Chapel Rd NE,2013-02-27 05:00:00+00:00,0020-0022,2013/02/27 05:00:00+00,2013,2,5D,Ward 5,Race,White,Threats,38.91912162,-76.97240933,2013,Wednesday,February
Connecticut Ave NW and Jefferson Pl NW,2013-03-17 04:00:00+00:00,2230,2013/03/17 04:00:00+00,2013,3,2D,Ward 2,Ethnicity/National Origin,Arab/Middle Eastern,Threats,38.90645968,-77.04159094,2013,Sunday,March
1300 block of Potomac Ave SE,2013-05-11 04:00:00+00:00,1701-1711,2013/05/11 04:00:00+00,2013,5,1D,Ward 6,Race,White,Simple Assault,38.87923245,-76.98819709,2013,Saturday,May
Unit block of Massachusetts Ave NW,2013-06-11 04:00:00+00:00,1433-1440,2013/06/11 04:00:00+00,2013,6,1D,Ward 6,Race,Black,Threats,38.89789907,-77.0101233,2013,Tuesday,June
400 block of Eastern Ave NE,2013-06-26 04:00:00+00:00,0345-0355,2013/06/26 04:00:00+00,2013,6,6D,Ward 7,Gender Identity/Expression,,Robbery,38.89519701,-76.91237329,2013,Wednesday,June
7th ST NW and P St NW,2013-07-12 04:00:00+00:00,0000,2013/07/12 04:00:00+00,2013,7,3D,Ward 2,Sexual Orientation,,Simple Assault,38.90964515,-77.02191587,2013,Friday,July
2500 block of Alabama Ave SE,2013-08-12 04:00:00+00:00,0025-0030,2013/08/12 04:00:00+00,2013,8,7D,Ward 8,Sexual Orientation,,Simple Assault,38.85787887,-76.96907037,2013,Monday,August
100 block of 58th St SE,2013-09-28 04:00:00+00:00,13-139078,2013/09/28 04:00:00+00,2013,9,6D,Ward 7,Sexual Orientation,,ADW,38.88833055,-76.91742771,2013,Saturday,September
1500 block of K St NW,2013-11-07 05:00:00+00:00,1800-1045,2013/11/08 05:00:00+00,2013,11,2D,Ward 2,Religion,Jewish,Damage/Defacing/Destruction of Property,38.90252403,-77.03556009,2013,Thursday,November
1700 block of 1st St NW,2014-02-03 05:00:00+00:00,0745-1600,2014/02/03 05:00:00+00,2014,2,3D,Ward 5,Race,Black,Damage/Defacing/Destruction of Property,38.91297462,-77.01215788,2014,Monday,February
1500 block of K St NW,2014-02-21 05:00:00+00:00,1155-1200,2014/02/21 05:00:00+00,2014,2,2D,Ward 2,Religion,Jewish,Damage/Defacing/Destruction of Property,38.90252403,-77.03556009,2014,Friday,February
700 block of Quincy St NW,2014-04-11 04:00:00+00:00,1200 - 1000,2014/04/12 04:00:00+00,2014,4,4D,Ward 4,Religion,Jewish,Damage/Defacing/Destruction of Property,38.93767438,-77.02227513,2014,Friday,April
700 block of 8TH St SE,2014-05-20 04:00:00+00:00,1618-1620,2014/05/20 04:00:00+00,2014,5,1D,Ward 6,Sexual Orientation,,Simple Assault,38.88027577,-76.9949766,2014,Tuesday,May
1600 block of F St NE,2014-06-16 04:00:00+00:00,2135-2140,2014/06/16 04:00:00+00,2014,6,5D,Ward 7,Gender Identity/Expression,,ADW,38.89666444,-76.98148786,2014,Monday,June
1300 block of New Hampshire Ave NW,2014-07-14 04:00:00+00:00,2049-2132,2014/07/14 04:00:00+00,2014,7,2D,Ward 2,Religion,Jewish,Threats,38.90765101,-77.04530051,2014,Monday,July
H St NW and Vermont Ave NW,2014-07-20 04:00:00+00:00,1900-1910,2014/07/20 04:00:00+00,2014,7,2D,Ward 2,Ethnicity/National Origin,Black/African,Simple Assault,38.90020201,-77.03512903,2014,Sunday,July
1700 block of Columbia Rd NW,2014-08-03 04:00:00+00:00,1401,2014/08/03 04:00:00+00,2014,8,3D,Ward 1,Race,Black,Simple Assault,38.92465629,-77.03965317,2014,Sunday,August
5100 block of Nannie Helen Burroughs Ave NE,2014-10-03 04:00:00+00:00,1320-1321,2014/10/03 04:00:00+00,2014,10,6D,Ward 7,Sexual Orientation,,Threats,38.89834838,-76.9265671,2014,Friday,October
900 block of Division Ave NE,2014-11-06 05:00:00+00:00,1820-1830,2014/11/03 05:00:00+00,2014,11,6D,Ward 7,Sexual Orientation,,ADW,38.90193473,-76.92436576,2014,Thursday,November
2900 block of Martin Luther King Jr Ave SE,2015-02-05 05:00:00+00:00,0230-0250,2015/02/05 05:00:00+00,2015,2,7D,Ward 8,Gender Identity/Expression,,ADW,38.84585837,-76.99681372,2015,Thursday,February
800 block of Pennsylvania Ave SE,2015-03-26 04:00:00+00:00,1058-1059,2015/03/26 04:00:00+00,2015,3,1D,Ward 6,Sexual Orientation,,Simple Assault,38.88394459,-76.99438404,2015,Thursday,March
400 block of Riggs Rd NE,2015-05-21 04:00:00+00:00,2150-2155,2015/05/21 04:00:00+00,2015,5,4D,Ward 4,Race,White,ADW,38.95915728,-77.00084699,2015,Thursday,May
1100 block of Howard Rd SE,2015-06-18 04:00:00+00:00,0200-0215,2015/06/20 04:00:00+00,2015,6,7D,Ward 8,Sexual Orientation,,Simple Assault,38.8622877,-76.99487278,2015,Thursday,June
2100 block of E St NW,2015-07-18 04:00:00+00:00,1625-1629,2015/07/18 04:00:00+00,2015,7,2D,Ward 2,Religion,Muslim,Damage/Defacing/Destruction of Property,38.89601815,-77.04734676,2015,Saturday,July
1500 block of Benning Rd NE,2015-08-27 04:00:00+00:00,1940-1952,2015/08/27 04:00:00+00,2015,8,5D,Ward 7,Gender Identity/Expression,,Threats,38.89997642,-76.98246021,2015,Thursday,August
1800 block of East Capitol St NE,2015-09-15 04:00:00+00:00,1955-1958,2015/09/15 04:00:00+00,2015,9,1D,Ward 7,Race,White,Robbery,38.88980011,-76.97812481,2015,Tuesday,September
2100 block of 4th St NW,2015-10-13 04:00:00+00:00,0935-0951,2015/10/13 04:00:00+00,2015,10,3D,Ward 1,Gender Identity/Expression,,ADW,38.91887246,-77.01779225,2015,Tuesday,October
7th St NW and Indiana Ave NW,2015-11-05 05:00:00+00:00,1820-1828,2015/11/05 05:00:00+00,2015,11,1D,Ward 2,Ethnicity/National Origin,Arab/Middle Eastern,Simple Assault,38.89387694,-77.02191088,2015,Thursday,November
800 block of Connecticut Ave NW,2015-12-19 05:00:00+00:00,0230-0230,2015/12/21 05:00:00+00,2015,12,2D,Ward 2,Ethnicity/National Origin,Latino/Hispanic,ADW,38.90076456,-77.03828024,2015,Saturday,December
1300 block of 7th St NW,2016-01-29 05:00:00+00:00,0001,2016/01/29 05:00:00+00,2016,1,3D,Ward 2,Sexual Orientation,,Simple Assault,38.90790537,-77.02191672,2016,Friday,January
1500 block of North Capitol ST NW,2016-03-14 04:00:00+00:00,1800-1810,2016/03/14 04:00:00+00,2016,3,3D,Ward 5,Race,White,Threats,38.91000719,-77.0090509,2016,Monday,March
6200 block of Dix St NE,2016-04-04 04:00:00+00:00,1108-1120,2016/04/04 04:00:00+00,2016,4,6D,Ward 7,Gender Identity/Expression,,Simple Assault,38.89432481,-76.91174401,2016,Monday,April
5500 block of Conn Ave NW,2016-04-21 04:00:00+00:00,2239-2346,2016/04/21 04:00:00+00,2016,4,2D,Ward 3,Religion,Muslim,Simple Assault,38.96354534,-77.07478453,2016,Thursday,April
2000 block of 14th St NW,2016-05-13 04:00:00+00:00,0456-0500,2016/05/13 04:00:00+00,2016,5,3D,Ward 1,Sexual Orientation,,Threats,38.91755504,-77.0319511,2016,Friday,May
900 block of Hamlin ST NE,2017-10-05 04:00:00+00:00,1918,2017/10/05 04:00:00+00,2017,10,5D,Ward 5,Sexual Orientation,,Threats,38.92748133,-76.99305712,2017,Thursday,October
900 block of Varney ST SE,2017-10-10 04:00:00+00:00,0858,2017/10/10 04:00:00+00,2017,10,7D,Ward 8,Sexual Orientation,,Simple Assault,38.83539124,-76.99152125,2017,Tuesday,October
4200 block of 4th ST SE,2017-10-23 04:00:00+00:00,2228,2017/10/23 04:00:00+00,2017,10,7D,Ward 8,Sexual Orientation,,Threats,38.82802987,-77.00056581,2017,Monday,October
2400 block of Pennsylvania Ave NW,2017-10-31 04:00:00+00:00,1730,2017/11/01 04:00:00+00,2017,11,2D,Ward 2,Ethnicity/National Origin,Jewish,Damage/Defacing/Destruction of Property,38.90330675,-77.05235979,2017,Tuesday,October
4400 block of South Dakota Ave NE,2017-11-05 04:00:00+00:00,0100,2017/11/05 04:00:00+00,2017,11,4D,Ward 5,Ethnicity/National Origin,Black/African,ADW,38.94356917,-76.98460449,2017,Sunday,November
800 block of 7th ST NW,2017-11-22 05:00:00+00:00,1840,2017/11/22 05:00:00+00,2017,11,1D,Ward 2,Ethnicity/National Origin,Jewish,Damage/Defacing/Destruction of Property,38.9003416,-77.0219152,2017,Wednesday,November
1300 block of 14th ST NW,2017-11-27 05:00:00+00:00,1354,2017/11/27 05:00:00+00,2017,11,2D,Ward 2,Race,White,Threats,38.90803854,-77.03195018,2017,Monday,November
1300 block of 14th ST NW,2017-12-04 05:00:00+00:00,0224,2017/12/28 05:00:00+00,2017,12,3D,Ward 2,Sexual Orientation,,Stalking,38.90803854,-77.03195018,2017,Monday,December
600 block of Water St SW,2017-12-22 05:00:00+00:00,2100,2017/12/28 05:00:00+00,2017,12,1D,Ward 6,Sexual Orientation,,Simple Assault,38.8772048,-77.02214227,2017,Friday,December
1000 block of K St NW,2017-12-27 05:00:00+00:00,1155,2017/12/27 05:00:00+00,2017,12,1D,Ward 2,Ethnicity/National Origin,Jewish,Damage/Defacing/Destruction of Property,38.90252175,-77.02651301,2017,Wednesday,December
1300 block of Connecticut Ave NW,2018-02-11 05:00:00+00:00,1634,2018/02/11 05:00:00+00,2018,2,2D,Ward 2,Sexual Orientation,,Threats,38.90992743,-77.04360696,2018,Sunday,February
1600 block of 35th St NW,2018-02-25 05:00:00+00:00,1826,2018/02/25 05:00:00+00,2018,2,2D,Ward 2,Ethnicity/National Origin,Jewish,Damage/Defacing/Destruction of Property,38.91118787,-77.0691837,2018,Sunday,February
7700 block of 16th ST NW,2018-03-23 04:00:00+00:00,1443,2018/03/23 04:00:00+00,2018,3,4D,Ward 4,Religion,Jewish,Threats,38.98368404,-77.0363403,2018,Friday,March
1000 block of 13th St SE,2018-04-03 04:00:00+00:00,1930,2018/04/05 04:00:00+00,2018,4,1D,Ward 6,Religion,Muslim,Threats,38.87799254,-76.98831377,2018,Tuesday,April
3600 block of 14th ST NW,2018-04-15 04:00:00+00:00,2302,2018/04/16 04:00:00+00,2018,4,4D,Ward 1,Ethnicity/National Origin,Latino/Hispanic,Robbery,38.93667092,-77.03273026,2018,Sunday,April
3100 block of Mount Pleasant St NW,2018-04-23 04:00:00+00:00,1820,2018/04/23 04:00:00+00,2018,4,3D,Ward 1,Ethnicity/National Origin,Latino/Hispanic,Simple Assault,38.92932598,-77.03758745,2018,Monday,April
700 block of Harvard St NW,2018-05-20 04:00:00+00:00,0100,2018/05/21 04:00:00+00,2018,5,3D,Ward 1,Sexual Orientation,,Robbery,38.92698623,-77.02443426,2018,Sunday,May
500 block of H St NW,2018-06-05 04:00:00+00:00,2307,2018/06/06 04:00:00+00,2018,6,1D,Ward 2,Race,Black,Threats,38.89981073,-77.01942057,2018,Tuesday,June
1600 block of P St NW,2018-06-13 04:00:00+00:00,1746,2018/06/13 04:00:00+00,2018,6,2D,Ward 2,Ethnicity/National Origin,Latino/Hispanic,Threats,38.9096429,-77.03750663,2018,Wednesday,June
1200 block of 6th St NE,2018-06-21 04:00:00+00:00,1206,2018/06/21 04:00:00+00,2018,6,5D,Ward 6,Ethnicity/National Origin,Latino/Hispanic,Threats,38.90594369,-76.9984423,2018,Thursday,June
2300 block of 18th St NW,2018-06-29 04:00:00+00:00,0049,2018/06/29 04:00:00+00,2018,6,3D,Ward 1,Political Affiliation,,ADW,38.92012523,-77.04185915,2018,Friday,June
3100 block of 14th St NW,2018-07-03 04:00:00+00:00,2040,2018/07/03 04:00:00+00,2018,7,3D,Ward 1,Sexual Orientation,,Simple Assault,38.92951689,-77.03272986,2018,Tuesday,July
700 block of 6th St NW,2018-07-07 04:00:00+00:00,2334,2018/07/07 04:00:00+00,2018,7,1D,Ward 2,Race,Black,Simple Assault,38.89906025,-77.01990581,2018,Saturday,July
700 block of 9th ST NW,2018-07-19 04:00:00+00:00,1625,2018/07/19 04:00:00+00,2018,7,1D,Ward 2,Ethnicity/National Origin,Black/African,Simple Assault,38.89874996,-77.02396669,2018,Thursday,July
3600 block of 16th St NW,2018-08-08 04:00:00+00:00,0940,2018/08/16 04:00:00+00,2018,8,3D,Ward 1,Sexual Orientation,,Threats,38.93588403,-77.03645008,2018,Wednesday,August
4000 block of 22nd St NE,2018-08-27 04:00:00+00:00,1119,2018/08/27 04:00:00+00,2018,8,5D,Ward 5,Race,White,Simple Assault,38.93897877,-76.97417703,2018,Monday,August
1100 block of K St NW,2018-08-30 04:00:00+00:00,0818,2018/08/30 04:00:00+00,2018,8,2D,Ward 2,Ethnicity/National Origin,Black/African,Simple Assault,38.90252232,-77.02756016,2018,Thursday,August
Unit block of Dupont Cir NW,2018-09-08 04:00:00+00:00,1706,2018/09/08 04:00:00+00,2018,9,2D,Ward 2,Homelessness,,ADW,38.90936484,-77.04414667,2018,Saturday,September
500 block of 4th St SW,2018-09-20 04:00:00+00:00,1700,2018/09/20 04:00:00+00,2018,9,1D,Ward 6,Race,Black,Destruction of Property,38.88226199,-77.01756103,2018,Thursday,September
400 block of Florida Ave NW,2018-09-29 04:00:00+00:00,0300,2018/10/03 04:00:00+00,2018,10,3D,Ward 1,Sexual Orientation,,Threats,38.91415456,-77.0169422,2018,Saturday,September
3400 block of 4th St SE,2018-10-05 04:00:00+00:00,1518,2018/10/05 04:00:00+00,2018,10,7D,Ward 8,Sexual Orientation,,Threats,38.83942837,-77.00057362,2018,Friday,October
1400 block of Foxhall Rd NW,2018-10-08 04:00:00+00:00,1036,2018/10/08 04:00:00+00,2018,10,2D,Ward 3,Ethnicity/National Origin,Non-European,Damage/Defacing/Destruction of Property,38.90669802,-77.0809625,2018,Monday,October
6300 block of 5th St NW,2018-10-16 04:00:00+00:00,1245,2018/10/16 04:00:00+00,2018,10,4D,Ward 4,Sexual Orientation,,Simple Assault,38.96642273,-77.01989705,2018,Tuesday,October
1400 block of Girard St NW,2018-10-23 04:00:00+00:00,1850,2018/10/23 04:00:00+00,2018,10,3D,Ward 1,Gender Identity/Expression,,Threats,38.9254031,-77.03386967,2018,Tuesday,October
3300 block of Wisconsin Ave NW,2018-10-29 04:00:00+00:00,0130,2018/10/29 04:00:00+00,2018,10,2D,Ward 3,Political Affiliation,,Stalking,38.93406237,-77.07242173,2018,Monday,October
2900 block of Chain Bridge Rd NW,2018-11-07 05:00:00+00:00,1835,2018/11/07 05:00:00+00,2018,11,2D,Ward 3,Political Affiliation,,Deface Private/Public Property,38.9274849,-77.0954515,2018,Wednesday,November
3100 block of South Dakota Ave NE,2018-11-11 05:00:00+00:00,1627,2018/11/11 05:00:00+00,2018,11,5D,Ward 5,Sexual Orientation,,Simple Assault,38.9305836,-76.9708282,2018,Sunday,November
1600 block of Jonquil St NW,2018-11-19 05:00:00+00:00,0282,2018/11/19 05:00:00+00,2018,11,4D,Ward 4,Religion,Jewish,Stalking,38.98416035,-77.03760853,2018,Monday,November
1600 block of U St NW,2018-12-09 05:00:00+00:00,0004,2018/12/09 05:00:00+00,2018,12,3D,Ward 1/Ward 2,Sexual Orientation,,Simple Assault,38.91700245,-77.03748236,2018,Sunday,December
1100 block of 23rd St NW,2018-12-18 05:00:00+00:00,2136,2018/12/18 05:00:00+00,2018,12,2D,Ward 2,Race,Black,Damage/Defacing/Destruction of Property,38.9044999,-77.0501146,2018,Tuesday,December
1700 block of P St NW,2019-01-01 05:00:00+00:00,1700,2019/01/01 05:00:00+00,2019,1,2D,Ward 2,Ethnicity/National Origin,Latino/Hispanic,Threats,38.90964547,-77.04008007,2019,Tuesday,January
3700 block of Benning Rd NE,2019-02-03 05:00:00+00:00,0220,2019/02/03 05:00:00+00,2019,2,6D,Ward 7,Sexual Orientation,,Simple Assault,38.89563884,-76.95196889,2019,Sunday,February
1100 block of 15th St NW,2019-02-14 05:00:00+00:00,1530,2019/02/26 05:00:00+00,2019,2,2D,Ward 2,Race,Black,Threats,38.90469156,-77.03457256,2019,Thursday,February
200 block of H St NW,2019-03-08 05:00:00+00:00,0728,2019/03/15 04:00:00+00,2019,3,1D,Ward 6,Ethnicity/National Origin,Arab/Middle Eastern,Threats,38.9002253,-77.01442689,2019,Friday,March
1700 block of Lincoln Rd NE,2019-03-20 04:00:00+00:00,2152,2019/03/20 04:00:00+00,2019,3,5D,Ward 5,Sexual Orientation,,Threats,38.912969,-77.0084268,2019,Wednesday,March
Unit block of Dupont Cir NW,2019-03-26 04:00:00+00:00,1743,2019/03/26 04:00:00+00,2019,3,2D,Ward 2,Sexual Orientation,,Simple Assault,38.90936484,-77.04414667,2019,Tuesday,March
4400 block of Nannie Helen Burroughs Ave NE,2019-04-02 04:00:00+00:00,2102,2019/04/02 04:00:00+00,2019,4,6D,Ward 7,Sexual Orientation,,Threats,38.9001852,-76.93827132,2019,Tuesday,April
1300 block of New York Ave NE,2019-04-07 04:00:00+00:00,0500,2019/04/07 04:00:00+00,2019,4,5D,Ward 5,Ethnicity/National Origin,Latino/Hispanic,Robbery,38.91514531,-76.98655712,2019,Sunday,April
4400 block of Nannie Helen Burroughs Ave NE,2019-04-22 04:00:00+00:00,1616,2019/04/24 04:00:00+00,2019,4,6D,Ward 7,Sexual Orientation,,Threats,38.9001852,-76.93827132,2019,Monday,April
1800 block of Columbia Rd NW,2019-04-24 04:00:00+00:00,0800,2019/04/25 04:00:00+00,2019,4,3D,Ward 1,Race,Black,Displaying Symbols,38.9224915,-77.04294961,2019,Wednesday,April
800 block of Upshur St NW,2019-12-12 05:00:00+00:00,1710,2019/12/17 05:00:00+00,2019,12,4D,Ward 4,Sexual Orientation,,Stalking,38.94190348,-77.02420671,2019,Thursday,December
3900 block of Chesapeake St NW,2020-01-03 05:00:00+00:00,1418,2020/01/03 05:00:00+00,2020,1,2D,Ward 3,Race,Black,Damage/Defacing/Destruction of Property,38.95072757,-77.07673285,2020,Friday,January
4600 block of Wisconsin Ave NW,2020-01-25 05:00:00+00:00,1413,2020/01/25 05:00:00+00,2020,1,2D,Ward 3,Race,Black,Simple Assault,38.9503734,-77.08055908,2020,Saturday,January
1400 block of Girard St NW,2020-02-06 05:00:00+00:00,1251,2020/02/06 05:00:00+00,2020,2,3D,Ward 1,Religion,Christian,Damage/Defacing/Destruction of Property,38.9254031,-77.03386967,2020,Thursday,February
3400 block of Connecticut Ave NW,2020-02-29 05:00:00+00:00,0600,2020/02/29 05:00:00+00,2020,2,2D,Ward 3,Ethnicity/National Origin,Latino/Hispanic,Simple Assault,38.93482428,-77.05808053,2020,Saturday,February
5900 block of Georgia Ave NW,2020-03-19 04:00:00+00:00,2039,2020/03/19 04:00:00+00,2020,3,4D,Ward 4,Gender Identity/Expression,,Simple Assault,38.96197956,-77.02794983,2020,Thursday,March
800 block of 5th St NW,2020-04-15 04:00:00+00:00,2000,2020/04/15 04:00:00+00,2020,4,1D,Ward 6,Gender Identity/Expression,,Simple Assault,38.90033609,-77.01892869,2020,Wednesday,April
1900 block of 2nd ST NW,2020-05-15 04:00:00+00:00,1535,2020/05/15 04:00:00+00,2020,5,3D,Ward 1,Ethnicity/National Origin,Chinese,Threats,38.91608287,-77.01439631,2020,Friday,May
100 block of Atlantic St SE,2020-06-21 04:00:00+00:00,0215,2020/06/21 04:00:00+00,2020,6,7D,Ward 8,Gender Identity/Expression,,Simple Assault,38.83107991,-77.00471225,2020,Sunday,June
1300 block of Pennsylvania Ave NW,2020-07-14 04:00:00+00:00,0930,2020/07/14 04:00:00+00,2020,7,1D,Ward 2,Race,White,Threats,38.89550632,-77.03019631,2020,Tuesday,July
1000 block of U St NW,2020-08-10 04:00:00+00:00,1252,2020/08/11 04:00:00+00,2020,8,3D,Ward 1,Race,Black,Threats,38.91699681,-77.02651355,2020,Monday,August
6500 block of Georgia Ave NW,2020-08-24 04:00:00+00:00,0101,2020/08/24 04:00:00+00,2020,8,4D,Ward 4,Gender Identity/Expression,,Simple Assault,38.96945187,-77.02730886,2020,Monday,August
800 block of Geranium St NW,2020-09-06 04:00:00+00:00,1554,2020/09/06 04:00:00+00,2020,9,4D,Ward 4,Race,White,Simple Assault,38.97938857,-77.02493049,2020,Sunday,September
2000 block of P St NW,2022-06-12 04:00:00+00:00,1251,2022/06/12 04:00:00+00,2022,6,2D,Ward 2,Sexual Orientation,,Threats,38.90964184,-77.0453223,2022,Sunday,June
1500 block of T St NW,2022-06-17 04:00:00+00:00,2226,2022/06/18 04:00:00+00,2022,6,3D,Ward 2,Sexual Orientation,,ADW,38.91557218,-77.03552416,2022,Friday,June
Unit block of M St NE,2022-07-03 04:00:00+00:00,2058,2022/07/03 04:00:00+00,2022,7,5D,Ward 6,Gender Identity/Expression,,Simple Assault,38.9056424,-77.00747409,2022,Sunday,July
1200 block of Simms Pl NE,2022-07-22 04:00:00+00:00,2350,2022/07/23 04:00:00+00,2022,7,5D,Ward 5,Race,Black,Damage/Defacing/Destruction of Property,38.90903787,-76.98398923,2022,Friday,July
1100 block of H St NE,2022-08-08 04:00:00+00:00,1530,2022/08/08 04:00:00+00,2022,8,1D,Ward 6,Race,Asian,Threats,38.90020052,-76.99088302,2022,Monday,August
600 block of H St NW,2020-09-29 04:00:00+00:00,1714,2020/09/29 04:00:00+00,2020,9,1D,Ward 2,Race,White,Threats,38.89981191,-77.0209122,2020,Tuesday,September
1800 block of Kendall St NE,2020-10-03 04:00:00+00:00,1130,2020/10/13 04:00:00+00,2020,10,5D,Ward 5,Gender Identity/Expression,,ADW,38.91204777,-76.98639121,2020,Saturday,October
600 block of Irving ST NW,2020-10-10 04:00:00+00:00,0251,2020/10/21 04:00:00+00,2020,10,4D,Ward 1,Sexual Orientation,,Damage/Defacing/Destruction of Property,38.92911306,-77.02139883,2020,Saturday,October
900 block of Peabody St NW,2020-10-29 04:00:00+00:00,1223,2020/10/29 04:00:00+00,2020,10,4D,Ward 4,Race,Black,Simple Assault,38.96270073,-77.02692782,2020,Thursday,October
100 block of P St NW,2020-11-25 05:00:00+00:00,1820,2020/11/25 05:00:00+00,2020,11,1D,Ward 5,Sexual Orientation,,Threats,38.90964073,-77.01367405,2020,Wednesday,November
1100 block of 14th St NW,2020-12-12 05:00:00+00:00,2030,2020/12/12 05:00:00+00,2020,12,2D,Ward 2,Race,Black,Simple Assault,38.90451475,-77.03194907,2020,Saturday,December
1200 block of U St SE,2020-12-30 05:00:00+00:00,0446,2020/12/30 05:00:00+00,2020,12,7D,Ward 8,Gender Identity/Expression,,ADW,38.86640965,-76.98815789,2020,Wednesday,December
1800 block of Clydesdale Pl NW,2021-01-15 05:00:00+00:00,1400,2021/01/16 05:00:00+00,2021,1,3D,Ward 1,Race,Black,Threats,38.92603581,-77.04324167,2021,Friday,January
1700 block of Pennsylvania Ave NW,2021-02-10 05:00:00+00:00,1612,2021/02/10 05:00:00+00,2021,2,2D,Ward 2,Race,Black,Simple Assault,38.89920615,-77.04058121,2021,Wednesday,February
1900 block of 2nd ST NW,2021-03-20 04:00:00+00:00,1958,2021/03/20 04:00:00+00,2021,3,3D,Ward 1,Sexual Orientation,,ADW,38.91608287,-77.01439631,2021,Saturday,March
Unit block of Massachusetts Ave NE,2021-03-29 04:00:00+00:00,1031,2021/03/31 04:00:00+00,2021,3,1D,Ward 6,Ethnicity/National Origin,Asian,Threats,38.89720394,-77.00838793,2021,Monday,March
200 block of L St NE,2021-04-06 04:00:00+00:00,2332,2021/04/07 04:00:00+00,2021,4,5D,Ward 6,Gender Identity/Expression,,ADW,38.90373102,-77.00317492,2021,Tuesday,April
Unit block of H St NW,2021-04-17 04:00:00+00:00,1510,2021/04/19 04:00:00+00,2021,4,1D,Ward 6,Ethnicity/National Origin,Asian,Simple Assault,38.90020742,-77.01061888,2021,Saturday,April
3400 block of Connecticut Ave NW,2021-04-26 04:00:00+00:00,2142,2021/04/26 04:00:00+00,2021,4,2D,Ward 3,Ethnicity/National Origin,Ethiopian,Threats,38.93482428,-77.05808053,2021,Monday,April
600 block of H St NW,2021-05-12 04:00:00+00:00,1620,2021/05/12 04:00:00+00,2021,5,1D,Ward 2,Ethnicity/National Origin,Chinese,Threats,38.89981191,-77.0209122,2021,Wednesday,May
1100 block of K St NW,2021-05-31 04:00:00+00:00,0038,2021/05/31 04:00:00+00,2021,5,2D,Ward 2,Race,Black,Sex Abuse,38.90252232,-77.02756016,2021,Monday,May
2600 block of Evarts St NE,2021-06-22 04:00:00+00:00,1124,2021/06/22 04:00:00+00,2021,6,5D,Ward 5,Ethnicity/National Origin,Ethiopian,Threats,38.92451066,-76.96877358,2021,Tuesday,June
3100 block of Georgia Ave NW,2021-07-09 04:00:00+00:00,0225,2021/07/09 04:00:00+00,2021,7,4D,Ward 1,Gender Identity/Expression,,ADW,38.92952942,-77.02329798,2021,Friday,July
300 block of Water St SE,2021-07-23 04:00:00+00:00,2114,2021/07/23 04:00:00+00,2021,7,1D,Ward 8,Ethnicity/National Origin,Hispanic,Robbery,38.873781,-77.00129541,2021,Friday,July
3700 block of Fulton St NW,2021-08-07 04:00:00+00:00,2127,2021/08/07 04:00:00+00,2021,8,2D,Ward 3,Ethnicity/National Origin,Chinese,Simple Assault,38.92618475,-77.07390545,2021,Saturday,August
900 block of N St NW,2021-08-28 04:00:00+00:00,1933,2021/08/28 04:00:00+00,2021,8,3D,Ward 2,Ethnicity/National Origin,Chinese,ADW,38.90723823,-77.02497514,2021,Saturday,August
1000 block of Vermont Ave NW,2021-09-03 04:00:00+00:00,1557,2021/09/03 04:00:00+00,2021,9,2D,Ward 2,Sexual Orientation,,Simple Assault,38.90314029,-77.03342124,2021,Friday,September
3300 block of 14th St NW,2021-09-14 04:00:00+00:00,1920,2021/09/14 04:00:00+00,2021,9,3D,Ward 1,Ethnicity/National Origin,Hispanic,Simple Assault,38.93070752,-77.03272337,2021,Tuesday,September
1800 block of Benning Rd NE,2019-08-26 04:00:00+00:00,1632,2019/08/26 04:00:00+00,2019,8,5D,Ward 5/Ward 7,Gender Identity/Expression,,Simple Assault,38.89899455,-76.97698994,2019,Monday,August
4800 block of Fort Totten Dr NE,2021-10-13 04:00:00+00:00,1335,2021/10/13 04:00:00+00,2021,10,4D,Ward 5,Sexual Orientation,,Simple Assault,38.95009801,-77.00680653,2021,Wednesday,October
2800 block of M St NW,2021-11-16 05:00:00+00:00,1356,2021/11/16 05:00:00+00,2021,11,2D,Ward 2,Race,Black,Simple Assault,38.90524579,-77.05755932,2021,Tuesday,November
4800 block of Quarles St NE,2021-11-21 05:00:00+00:00,0821,2021/11/21 05:00:00+00,2021,11,6D,Ward 7,Sexual Orientation,,Damage/Defacing/Destruction of Property,38.90888961,-76.93210108,2021,Sunday,November
7200 block of Georgia Ave NW,2021-12-26 05:00:00+00:00,1754,2021/12/26 05:00:00+00,2021,12,4D,Ward 4,Sexual Orientation,,Simple Assault,38.97763371,-77.02646433,2021,Sunday,December
2100 block of P ST NW,2022-02-04 05:00:00+00:00,1621,2022/02/04 05:00:00+00,2022,2,2D,Ward 2,Race,White,Threats,38.90963684,-77.04771599,2022,Friday,February
1900 block of D St SE,2022-02-25 05:00:00+00:00,1115,2022/03/13 05:00:00+00,2022,3,1D,Ward 7,Sexual Orientation,,Threats,38.88409901,-76.97812995,2022,Friday,February
1700 block of H St NE,2022-03-08 05:00:00+00:00,0123,2022/03/08 05:00:00+00,2022,3,5D,Ward 5,Homelessness,ADW,,38.90019255,-76.97828036,2022,Tuesday,March
1900 block of 14th St NW,2022-04-07 04:00:00+00:00,1828,2022/04/07 04:00:00+00,2022,4,3D,Ward 2,Sexual Orientation,,Simple Assault,38.91592868,-77.0319536,2022,Thursday,April
1500 block of 14th St NW,2022-04-21 04:00:00+00:00,1102,2022/04/21 04:00:00+00,2022,4,3D,Ward 2,Sexual Orientation,,Damage/Defacing/Destruction of Property,38.91001723,-77.03195314,2022,Thursday,April
4700 block of Alabama Ave SE,2022-04-28 04:00:00+00:00,2200,2022/04/29 04:00:00+00,2022,4,6D,Ward 7,Sexual Orientation,,Simple Assault,38.88098103,-76.93926861,2022,Thursday,April
5700 block of 6th St NW,2022-05-12 04:00:00+00:00,0130,2022/05/12 04:00:00+00,2022,5,4D,Ward 4,Race; Sexual Orientation,White,Sex Abuse,38.95894755,-77.02116838,2022,Thursday,May
4th St NW and Bryant St NW,2022-05-19 04:00:00+00:00,1240,2022/05/19 04:00:00+00,2022,5,3D,Ward 1,Ethnicity/National Origin,Hispanic,Threats,38.9203606,-77.01802694,2022,Thursday,May
1300 block of Clifton St NW,2019-06-19 04:00:00+00:00,0723,2019/06/19 04:00:00+00,2019,6,3D,Ward 1,Ethnicity/National Origin,Latino/Hispanic,Simple Assault,38.92242911,-77.03085753,2019,Wednesday,June
500 block of 3rd St SE,2019-06-29 04:00:00+00:00,1459,2019/06/29 04:00:00+00,2019,6,1D,Ward 6,Sex/Gender,Female,Threats,38.88276887,-77.00203317,2019,Saturday,June
5100 block of A St SE,2019-07-06 04:00:00+00:00,0530,2019/07/06 04:00:00+00,2019,7,6D,Ward 7,Gender Identity/Expression,,Threats,38.88755762,-76.92667487,2019,Saturday,July
700 block of I St NW,2019-07-30 04:00:00+00:00,1306,2019/07/30 04:00:00+00,2019,7,1D,Ward 2,Race,Black,Damage/Defacing/Destruction of Property,38.90087119,-77.02242953,2019,Tuesday,July
700 block of Anacostia Ave NE,2019-08-28 04:00:00+00:00,2113,2019/08/28 04:00:00+00,2019,8,6D,Ward 7,Ethnicity/National Origin,Latino/Hispanic,Threats,38.90169626,-76.95100574,2019,Wednesday,August
7600 block of Georgia Ave NW,2019-09-10 04:00:00+00:00,1500,2019/09/18 04:00:00+00,2019,9,4D,Ward 4,Gender Identity/Expression,,Simple Assault,38.9823875,-77.02655012,2019,Tuesday,September
3500 block of 14th St NW,2019-09-19 04:00:00+00:00,1643,2019/09/19 04:00:00+00,2019,9,4D,Ward 1,Sexual Orientation,,Threats,38.93475233,-77.03273273,2019,Thursday,September
400 block of Valley Ave SE,2019-09-24 04:00:00+00:00,2200,2019/09/24 04:00:00+00,2019,9,7D,Ward 8,Gender Identity/Expression,,Threats,38.83452053,-76.99817909,2019,Tuesday,September
4500 block of 40th St NW,2019-10-09 04:00:00+00:00,0700,2019/10/09 04:00:00+00,2019,10,2D,Ward 3,Ethnicity/National Origin,Israeli,Damage/Defacing/Destruction of Property,38.94879161,-77.07874589,2019,Wednesday,October
1100 block of 11th St NW,2019-10-19 04:00:00+00:00,0318,2019/10/19 04:00:00+00,2019,10,3D,Ward 2,Race,Black,Threats,38.90405746,-77.02704864,2019,Saturday,October
2400 block of 15th Pl SE,2019-10-24 04:00:00+00:00,0800,2019/10/24 04:00:00+00,2019,10,7D,Ward 8,Sexual Orientation,,ADW,38.85450348,-76.98284205,2019,Thursday,October
600 block of 15th St NW,2019-11-08 05:00:00+00:00,2250,2019/11/09 05:00:00+00,2019,11,2D,Ward 2,Sexual Orientation,,ADW,38.89782971,-77.03364458,2019,Friday,November
2400 block of K St NW,2023-06-04 04:00:00+00:00,2105,2023/06/04 04:00:00+00,2023,6,2D,Ward 2,Ethnicity/National Origin,Asian,Simple Assault,38.90252596,-77.04997741,2023,Sunday,June
1700 block of 17th St NW,2023-06-14 04:00:00+00:00,0500,2023/06/15 04:00:00+00,2023,6,5D,Ward 2,Race,Black,Threats,38.91298053,-77.03848292,2023,Wednesday,June
1000 block of 5th St NW,2023-06-28 04:00:00+00:00,2210,2023/06/29 04:00:00+00,2023,6,1D,Ward 6,Sexual Orientation,,Simple Assault,38.90312075,-77.01892839,2023,Wednesday,June
400 block of Galloway St NE,2023-07-12 04:00:00+00:00,1620,2023/07/13 04:00:00+00,2023,7,4D,Ward 5,Sexual Orientation,,Simple Assault,38.95255134,-76.99903311,2023,Wednesday,July
600 block of 58th St NE,2023-08-02 04:00:00+00:00,0949,2023/08/02 04:00:00+00,2023,8,6D,Ward 7,Gender Identity/Expression,,ADW,38.89753528,-76.91778018,2023,Wednesday,August
900 block of V St NW,2023-08-06 04:00:00+00:00,0333,2023/08/06 04:00:00+00,2023,8,3D,Ward 1,Personal Appearance,,Simple Assault,38.9181105,-77.02531427,2023,Sunday,August
1300 block of 13th St NW,2023-09-12 04:00:00+00:00,0638,2023/09/12 04:00:00+00,2023,9,3D,Ward 2,Race,White,Threats,38.90790764,-77.02962394,2023,Tuesday,September
600 block of New Jersey Ave NW,2023-09-24 04:00:00+00:00,1855,2023/09/24 04:00:00+00,2023,9,1D,Ward 6,Ethnicity/National Origin,Jewish,Displaying Symbols,38.89757432,-77.01195433,2023,Sunday,September
24th St NW and M St NW,2023-10-12 04:00:00+00:00,0803,2023/10/12 04:00:00+00,2023,10,2D,Ward 2,Religion,Muslim,Simple Assault,38.90526073,-77.05140797,2023,Thursday,October
3000 block of O St NW,2023-10-22 04:00:00+00:00,1800,2023/10/23 04:00:00+00,2023,10,2D,Ward 2,Ethnicity/National Origin,Middle Eastern,Simple Assault,38.90847069,-77.06023828,2023,Sunday,October
9th St NW and V St NW,2023-10-28 04:00:00+00:00,0100,2023/11/02 04:00:00+00,2023,11,3D,Ward 1,Sexual Orientation,,Simple Assault,38.9177638,-77.02394325,2023,Saturday,October
1300 block of 4th St SE,2023-11-08 05:00:00+00:00,1915,2023/11/09 05:00:00+00,2023,11,1D,Ward 8,Religion,Jewish,Theft,38.8743343,-77.00053679,2023,Wednesday,November
2000 block of H St NW,2023-11-15 05:00:00+00:00,1240,2023/11/15 05:00:00+00,2023,11,2D,Ward 2,Ethnicity/National Origin,Israeli,Damage/Defacing/Destruction of Property,38.89957537,-77.04577899,2023,Wednesday,November
2800 block of N St NW,2023-12-17 05:00:00+00:00,0915,2023/12/17 05:00:00+00,2023,12,2D,Ward 2,Ethnicity/National Origin,Jewish,Simple Assault,38.90685556,-77.05759901,2023,Sunday,December
3700 block of Minnesota Ave NE,2022-08-20 04:00:00+00:00,1447,2022/08/20 04:00:00+00,2022,8,6D,Ward 7,Gender Identity/Expression,,ADW,38.89132947,-76.9519659,2022,Saturday,August
5100 block of Clay Ter NE,2021-08-10 04:00:00+00:00,2042,2021/08/10 04:00:00+00,2021,8,6D,,Sexual Orientation,,ADW,,,2021,Tuesday,August
1100 block of 13th St NW,2022-09-17 04:00:00+00:00,2347,2022/09/18 04:00:00+00,2022,9,2D,Ward 2,Ethnicity/National Origin,Hispanic,Simple Assault,38.90428556,-77.02962336,2022,Saturday,September
2100 block of Queens Chapel Rd NE,2022-10-21 04:00:00+00:00,2000,2022/10/21 04:00:00+00,2022,10,5D,Ward 5,Ethnicity/National Origin,Chinese,Threats,38.91912162,-76.97240933,2022,Friday,October
700 block of G St NW,2022-11-16 05:00:00+00:00,1027,2022/11/16 05:00:00+00,2022,11,1D,Ward 2,Ethnicity/National Origin,Mexican,Simple Assault,38.89845083,-77.02242369,2022,Wednesday,November
2000 block of Georgia Ave NW,2022-11-27 05:00:00+00:00,0753,2022/11/27 05:00:00+00,2022,11,3D,Ward 1,Sexual Orientation,,Threats,38.91701037,-77.02189472,2022,Sunday,November
2500 block of Pennsylvania Ave NW,2022-12-03 05:00:00+00:00,1900,2022/12/09 05:00:00+00,2022,12,2D,Ward 2,Sexual Orientation,,Simple Assault,38.9037188,-77.05354168,2022,Saturday,December
3700 block of Georgia Ave NW,2022-12-24 05:00:00+00:00,2250,2022/12/25 05:00:00+00,2022,12,4D,Ward 4,Ethnicity/National Origin,Hispanic,Simple Assault,38.93696915,-77.02439858,2022,Saturday,December
600 block of 5th St NW,2023-01-12 05:00:00+00:00,1030,2023/01/12 05:00:00+00,2023,1,1D,Ward 2/Ward 6,Race,White,Simple Assault,38.89782555,-77.01892883,2023,Thursday,January
1000 block of Brentwood Rd NE,2023-02-11 05:00:00+00:00,2030,2023/02/11 05:00:00+00,2023,2,5D,Ward 5,Ethnicity/National Origin,Hispanic,Threats,38.92015701,-76.99030597,2023,Saturday,February
1400 block of Girard St NW,2023-03-06 05:00:00+00:00,1337,2023/03/06 05:00:00+00,2023,3,3D,Ward 1,Gender Identity/Expression,,Threats,38.9254031,-77.03386967,2023,Monday,March
5600 block of 1st St NW,2023-03-22 04:00:00+00:00,1252,2023/03/22 04:00:00+00,2023,3,4D,Ward 4,Gender Identity/Expression,,Threats,38.95819769,-77.01161329,2023,Wednesday,March
400 block of New Jersey Ave NW,2023-04-09 04:00:00+00:00,0024,2023/04/09 04:00:00+00,2023,4,1D,Ward 6,Race,Black,Simple Assault,38.89545518,-77.01118855,2023,Sunday,April
2900 block of 14th St NW,2023-05-22 04:00:00+00:00,1743,2023/05/26 04:00:00+00,2023,5,3D,Ward 1,Sexual Orientation,,Damage/Defacing/Destruction of Property,38.92704868,-77.03246971,2023,Monday,May
3100 block of 34th St NW,2016-07-23 04:00:00+00:00,1005-1010,2016/07/23 04:00:00+00,2016,7,2D,Ward 3,Ethnicity/National Origin,Unspecified,Threats,38.93200413,-77.06638572,2016,Saturday,July
600 block of H St NW,2016-08-23 04:00:00+00:00,0012-0013,2016/08/23 04:00:00+00,2016,8,1D,Ward 2,Religion,Jewish,Damage/Defacing/Destruction of Property,38.89981191,-77.0209122,2016,Tuesday,August
700 block of 11th St NW,2016-09-26 04:00:00+00:00,1853-1857,2016/09/26 04:00:00+00,2016,9,2D,Ward 2,Sexual Orientation,,Threats,38.8990662,-77.02703499,2016,Monday,September
1900 block of 8th St NW,2016-10-16 04:00:00+00:00,0306-0352,2016/10/16 04:00:00+00,2016,10,3D,Ward 1,Sexual Orientation,,Simple Assault,38.91614096,-77.02294272,2016,Sunday,October
1400 block of Juniper St NW,2016-11-15 05:00:00+00:00,0000,2017/09/11 04:00:00+00,2017,9,4D,Ward 4,Religion,Jewish,Displaying Symbols,38.98321245,-77.03487589,2016,Tuesday,November
600 block of H St NW,2016-12-17 05:00:00+00:00,2015,2016/12/17 05:00:00+00,2016,12,1D,Ward 2,Gender Identity/Expression,,Simple Assault,38.89981191,-77.0209122,2016,Saturday,December
2200 block of Douglas St NE,2017-01-21 05:00:00+00:00,0253,2017/01/21 05:00:00+00,2017,1,5D,Ward 5,Political Affiliation,,Damage/Defacing/Destruction of Property,38.92343841,-76.97316958,2017,Saturday,January
1300 block of New Hampshire Ave NW,2017-02-17 05:00:00+00:00,2200,2017/03/08 05:00:00+00,2017,3,2D,Ward 2,Ethnicity/National Origin,Latino/Hispanic,Simple Assault,38.90765101,-77.04530051,2017,Friday,February
1800 block of 14th St NW,2012-01-14 05:00:00+00:00,0240-0250,2012/01/14 05:00:00+00,2012,1,3D,Ward 2,Sexual Orientation,,Simple Assault,38.91446221,-77.03195329,2012,Saturday,January
1500 block of M St NW,2012-02-21 05:00:00+00:00,1010,2012/02/21 05:00:00+00,2012,2,2D,Ward 2,Ethnicity/National Origin,Asian,Threats,38.90565029,-77.0355515,2012,Tuesday,February
3400 block of 22nd St SE,2012-03-17 04:00:00+00:00,2100-2115,2012/03/19 04:00:00+00,2012,3,7D,Ward 8,Gender Identity/Expression,,Damage/Defacing/Destruction of Property,38.84565958,-76.97277144,2012,Saturday,March
3100 block of Central Ave NE,2012-04-17 04:00:00+00:00,0550-0559,2012/04/17 04:00:00+00,2012,4,5D,Ward 5,Sexual Orientation,,Robbery,38.9305002,-76.96682762,2012,Tuesday,April
2000 block of 9th St NW,2012-06-01 04:00:00+00:00,0230,2012/06/01 04:00:00+00,2012,6,3D,Ward 1,Race,Unspecified,Simple Assault,38.91737679,-77.02394482,2012,Friday,June
900 block of Q St NW,2012-06-08 04:00:00+00:00,0121-0130,2012/06/08 04:00:00+00,2012,6,3D,Ward 2,Sexual Orientation,,ADW,38.91112497,-77.02455888,2012,Friday,June
2800 block of Georgia Ave NW,2012-06-27 04:00:00+00:00,1843-1845,2012/06/27 04:00:00+00,2012,6,3D,Ward 1,Gender Identity/Expression,,ADW,38.92639173,-77.022842,2012,Wednesday,June
1400 block of New York Ave NW,2022-08-17 04:00:00+00:00,1914,2022/08/17 04:00:00+00,2022,8,2D,Ward 2,Ethnicity/National Origin,Chinese,Simple Assault,38.8990995,-77.03280663,2022,Wednesday,August
900 block of 15th St NW,2022-08-18 04:00:00+00:00,0309,2022/08/18 04:00:00+00,2022,8,2D,Ward 2,Ethnicity/National Origin,Chinese,ADW,38.90192536,-77.03363787,2022,Thursday,August
900 block of 17th St NW,2022-08-18 04:00:00+00:00,0845,2022/08/18 04:00:00+00,2022,8,2D,Ward 2,Ethnicity/National Origin,African,ADW,38.90193156,-77.03944985,2022,Thursday,August
300 block of Riggs Rd NE,2022-08-22 04:00:00+00:00,1205,2022/08/22 04:00:00+00,2022,8,4D,Ward 4,Race,White,Threats,38.95735931,-77.00201629,2022,Monday,August
6500 block of Piney Branch Rd NW,2022-09-02 04:00:00+00:00,0939,2022/09/02 04:00:00+00,2022,9,4D,Ward 4,Ethnicity/National Origin,Mexican,Threats,38.96927936,-77.02573725,2022,Friday,September
1600 block of Maryland Ave NE,2022-09-14 04:00:00+00:00,1602,2022/09/14 04:00:00+00,2022,9,5D,Ward 5,Gender Identity/Expression,,Simple Assault,38.9015468,-76.97993763,2022,Wednesday,September
2300 block of Washington Pl NE,2022-09-14 04:00:00+00:00,1613,2022/09/14 04:00:00+00,2022,9,5D,Ward 5,Sexual Orientation,,Threats,38.92158471,-76.99375559,2022,Wednesday,September
300 block of Water St SE,2022-09-15 04:00:00+00:00,0145,2022/09/15 04:00:00+00,2022,9,1D,Ward 8,Ethnicity/National Origin,Chinese,Simple Assault,38.873781,-77.00129541,2022,Thursday,September
1100 block of 20th St NW,2022-10-02 04:00:00+00:00,1559,2022/10/05 04:00:00+00,2022,10,2D,Ward 2,Race,Black,Threats,38.9046993,-77.04490273,2022,Sunday,October
2300 block of H St NW,2022-10-07 04:00:00+00:00,0906,2022/10/07 04:00:00+00,2022,10,2D,Ward 2,Ethnicity/National Origin,Jewish,Damage/Defacing/Destruction of Property,38.89957817,-77.05078231,2022,Friday,October
1900 block of 3rd St NE,2022-10-14 04:00:00+00:00,1050,2022/10/14 04:00:00+00,2022,10,5D,Ward 5,Race,White,Simple Assault,38.9159224,-77.00203149,2022,Friday,October
2900 block of Nelson Pl SE,2022-10-17 04:00:00+00:00,1527,2022/10/17 04:00:00+00,2022,10,6D,Ward 7,Sexual Orientation,,ADW,38.87636924,-76.96671964,2022,Monday,October
1400 block of 14th St NW,2022-10-19 04:00:00+00:00,2334,2022/10/19 04:00:00+00,2022,10,2D,Ward 2,Sexual Orientation,,Simple Assault,38.9092426,-77.03195176,2022,Wednesday,October
400 block of Condon Ter SE,2022-10-25 04:00:00+00:00,1509,2022/10/25 04:00:00+00,2022,10,7D,Ward 8,Sexual Orientation,,Threats,38.83163389,-76.99989393,2022,Tuesday,October
1000 block of 16th St NE,2022-11-04 04:00:00+00:00,2050,2022/11/04 04:00:00+00,2022,11,5D,Ward 5,Ethnicity/National Origin,Hispanic,Threats,38.90367042,-76.98212554,2022,Friday,November
1100 block of Pennsylvania Ave NW,2022-11-04 04:00:00+00:00,2259,2022/11/04 04:00:00+00,2022,11,2D,Ward 2,Race,Black,Simple Assault,38.89487755,-77.02757484,2022,Friday,November
1500 block of Rhode Island Ave NW,2022-11-05 04:00:00+00:00,1349,2022/11/05 04:00:00+00,2022,11,2D,Ward 2,Sexual Orientation,,Simple Assault,38.9077794,-77.03499096,2022,Saturday,November
2800 block of Quebec St NW,2022-11-06 04:00:00+00:00,2001,2022/11/06 04:00:00+00,2022,11,2D,Ward 3,Sexual Orientation,,Sex Abuse,38.93684138,-77.05576462,2022,Sunday,November
1000 block of V St NW,2022-11-07 05:00:00+00:00,1700,2022/11/08 05:00:00+00,2022,11,3D,Ward 1,Ethnicity/National Origin,Jewish,Displaying Symbols,38.91811024,-77.02651327,2022,Monday,November
3800 block of Reservoir Rd NW,2022-11-21 05:00:00+00:00,1003,2022/11/21 05:00:00+00,2022,11,2D,Ward 2,Ethnicity/National Origin,Jewish,Displaying Symbols,38.91258904,-77.0743106,2022,Monday,November
3800 block of Veazey St NW,2019-08-09 04:00:00+00:00,1333,2019/08/09 04:00:00+00,2019,8,2D,Ward 3,Ethnicity/National Origin,Latino/Hispanic,Simple Assault,38.94397231,-77.07582202,2019,Friday,August
Unit block of M St SE,2019-08-13 04:00:00+00:00,2310,2019/08/13 04:00:00+00,2019,8,1D,Ward 6/Ward 8,Race,Black,Simple Assault,38.87646366,-77.00865931,2019,Tuesday,August
1200 block of 1st St NW,2019-08-20 04:00:00+00:00,2045,2019/08/21 04:00:00+00,2019,8,3D,Ward 6,Religion,Muslim,Simple Assault,38.90595676,-77.01216649,2019,Tuesday,August
1600 block of 1st St NW,2019-08-23 04:00:00+00:00,2056,2019/08/23 04:00:00+00,2019,8,3D,Ward 5,Religion,Muslim,Threats,38.9116185,-77.01216146,2019,Friday,August
7400 block of Georgia Ave NW,2019-08-24 04:00:00+00:00,2143,2019/08/24 04:00:00+00,2019,8,4D,Ward 4,Gender Identity/Expression,,Simple Assault,38.98041706,-77.02649214,2019,Saturday,August
900 block of E St NW,2019-08-24 04:00:00+00:00,1105,2019/08/24 04:00:00+00,2019,8,2D,Ward 2,Sexual Orientation,,Simple Assault,38.89613147,-77.02497517,2019,Saturday,August
1700 block of Columbia Rd NW,2019-08-25 04:00:00+00:00,0705,2019/08/25 04:00:00+00,2019,8,3D,Ward 1,Sexual Orientation,,Simple Assault,38.92465629,-77.03965317,2019,Sunday,August
5000 block of D St SE,2019-08-25 04:00:00+00:00,0423,2019/08/25 04:00:00+00,2019,8,6D,Ward 7,Sexual Orientation,,Simple Assault,38.88380845,-76.92982139,2019,Sunday,August
300 block of Jefferson St NW,2019-08-25 04:00:00+00:00,2030,2019/08/25 04:00:00+00,2019,8,4D,Ward 4,Race,Black,Threats,38.95546529,-77.01690264,2019,Sunday,August
1100 block of 4th ST SW,2019-08-27 04:00:00+00:00,1621,2019/08/27 04:00:00+00,2019,8,1D,Ward 6,Sexual Orientation,,ADW,38.87786661,-77.01763474,2019,Tuesday,August
2600 block of Martin Luther King Jr Ave SE,2019-08-29 04:00:00+00:00,1514,2019/08/29 04:00:00+00,2019,8,7D,Ward 8,Gender Identity/Expression,,Damage/Defacing/Destruction of Property,38.85875093,-76.99546441,2019,Thursday,August
1300 block of New York Ave NE,2019-08-29 04:00:00+00:00,1518,2019/08/29 04:00:00+00,2019,8,5D,Ward 5,Sexual Orientation,,Threats,38.91514531,-76.98655712,2019,Thursday,August
1400 block of 17th St NW,2019-08-29 04:00:00+00:00,1200,2019/08/29 04:00:00+00,2019,8,2D,Ward 2,Race,Black,Damage/Defacing/Destruction of Property,38.90916811,-77.0384917,2019,Thursday,August
1200 block of H St NW,2019-08-29 04:00:00+00:00,0716,2019/08/29 04:00:00+00,2019,8,2D,Ward 2,Race,Black,Threats,38.89981436,-77.02885672,2019,Thursday,August
5500 block of 16th ST NW,2019-09-01 04:00:00+00:00,2200,2019/09/02 04:00:00+00,2019,9,4D,Ward 4,Race,White,Threats,38.9563396,-77.03639801,2019,Sunday,September
3100 block of Martin Luther King Jr Ave SE,2019-09-05 04:00:00+00:00,1330,2019/09/05 04:00:00+00,2019,9,7D,Ward 8,Gender Identity/Expression,,Threats,38.84365008,-76.99899876,2019,Thursday,September
3300 block of 14th St NW,2019-09-11 04:00:00+00:00,1857,2019/09/11 04:00:00+00,2019,9,3D,Ward 1,Ethnicity/National Origin,Black/African,Threats,38.93070752,-77.03272337,2019,Wednesday,September
1500 block of Q St NW,2019-09-14 04:00:00+00:00,2229,2019/09/14 04:00:00+00,2019,9,2D,Ward 2,Race,Black,Simple Assault,38.91112602,-77.03553682,2019,Saturday,September
2300 block of Hartford St SE,2019-09-15 04:00:00+00:00,1342,2019/09/15 04:00:00+00,2019,9,7D,Ward 8,Race,White,Threats,38.85408378,-76.97221436,2019,Sunday,September
3600 block of O St NW,2019-09-15 04:00:00+00:00,0011,2019/09/15 04:00:00+00,2019,9,2D,Ward 2,Race,Black,Simple Assault,38.90768958,-77.07097637,2019,Sunday,September
7600 block of Georgia Ave NW,2019-09-16 04:00:00+00:00,1100,2019/09/17 04:00:00+00,2019,9,4D,Ward 4,Gender Identity/Expression,,Simple Assault,38.9823875,-77.02655012,2019,Monday,September
100 block of K St NE,2019-09-20 04:00:00+00:00,2330,2019/09/22 04:00:00+00,2019,9,5D,Ward 6,Gender Identity/Expression,,ADW,38.9025152,-77.00472811,2019,Friday,September
2700 block of Pennsylvania Ave NW,2019-09-21 04:00:00+00:00,2321,2019/09/22 04:00:00+00,2019,9,2D,Ward 2,Ethnicity/National Origin,Unknown,ADW,38.90453142,-77.05590203,2019,Saturday,September
900 block of Rhode Island Ave NE,2019-09-21 04:00:00+00:00,1445,2019/09/21 04:00:00+00,2019,9,5D,Ward 5,Race,White,Threats,38.9222166,-76.9931402,2019,Saturday,September
1400 block of New York Ave NW,2019-09-22 04:00:00+00:00,0725,2019/09/22 04:00:00+00,2019,9,2D,Ward 2,Race,Black,Simple Assault,38.8990995,-77.03280663,2019,Sunday,September
3500 block of Wheeler Rd SE,2019-09-23 04:00:00+00:00,1611,2019/09/23 04:00:00+00,2019,9,7D,Ward 8,Gender Identity/Expression,,Simple Assault,38.83934046,-76.9935837,2019,Monday,September
600 block of Rhode Island Ave NE,2019-09-26 04:00:00+00:00,1900,2019/09/26 04:00:00+00,2019,9,5D,Ward 5,Sexual Orientation,,Damage/Defacing/Destruction of Property,38.920933,-76.99715701,2019,Thursday,September
700 block of 7th St NW,2019-09-28 04:00:00+00:00,0142,2019/09/28 04:00:00+00,2019,9,1D,Ward 2,Sexual Orientation,,ADW,38.89912971,-77.02191656,2019,Saturday,September
2400 block of Virginia Ave NW,2019-09-28 04:00:00+00:00,1425,2019/09/28 04:00:00+00,2019,9,2D,Ward 2,Ethnicity/National Origin,Unknown,Damage/Defacing/Destruction of Property,38.89804837,-77.05179937,2019,Saturday,September
2300 block of Georgia Ave NW,2019-09-28 04:00:00+00:00,0330,2019/09/28 04:00:00+00,2019,9,3D,Ward 1,Sexual Orientation,,ADW,38.92047649,-77.02198931,2019,Saturday,September
700 block of Florida Ave NW,2019-09-29 04:00:00+00:00,0308,2019/09/29 04:00:00+00,2019,9,3D,Ward 1,Sexual Orientation,,Simple Assault,38.91648896,-77.02241714,2019,Sunday,September
700 block of 7th St NW,2019-09-29 04:00:00+00:00,0053,2019/09/29 04:00:00+00,2019,9,1D,Ward 2,Sexual Orientation,,Simple Assault,38.89912971,-77.02191656,2019,Sunday,September
4000 block of Minnesota Ave NE,2019-10-01 04:00:00+00:00,1320,2019/10/01 04:00:00+00,2019,10,6D,Ward 7,Sexual Orientation,,Simple Assault,38.89665588,-76.94764751,2019,Tuesday,October
Unit block of Massachusetts Ave NE,2019-10-07 04:00:00+00:00,1945,2019/10/07 04:00:00+00,2019,10,1D,Ward 6,Race,Black,Simple Assault,38.89720394,-77.00838793,2019,Monday,October
2200 block of Wisconsin Ave NW,2019-10-08 04:00:00+00:00,2011,2019/10/08 04:00:00+00,2019,10,2D,Ward 3,Race,Black,Threats,38.91966658,-77.0710366,2019,Tuesday,October
3900 block of Macomb St NW,2019-10-10 04:00:00+00:00,1924,2019/10/18 04:00:00+00,2019,10,2D,Ward 3,Ethnicity/National Origin,Israeli,Damage/Defacing/Destruction of Property,38.93348864,-77.07841458,2019,Thursday,October
1700 block of Massachusetts Ave NW,2019-10-10 04:00:00+00:00,2150,2019/10/15 04:00:00+00,2019,10,2D,Ward 2,Ethnicity/National Origin,Asian,Simple Assault,38.90847745,-77.04008587,2019,Thursday,October
1700 block of 17th St NW,2019-10-11 04:00:00+00:00,0215,2019/10/11 04:00:00+00,2019,10,3D,Ward 2,Sexual Orientation,,Robbery,38.91298053,-77.03848292,2019,Friday,October
200 block of I St SW,2019-10-11 04:00:00+00:00,2032,2019/10/11 04:00:00+00,2019,10,1D,Ward 6,Sexual Orientation,,Simple Assault,38.87928645,-77.01407103,2019,Friday,October
400 block of 8th St SE,2019-10-12 04:00:00+00:00,0356,2019/10/12 04:00:00+00,2019,10,1D,Ward 6,Race,Black,Simple Assault,38.88323093,-76.99497417,2019,Saturday,October
7700 block of Georgia Ave NW,2019-10-16 04:00:00+00:00,1500,2019/10/17 04:00:00+00,2019,10,4D,Ward 4,Gender Identity/Expression,,Threats,38.98327859,-77.02656592,2019,Wednesday,October
300 block of 49th St NE,2019-10-17 04:00:00+00:00,1345,2019/10/17 04:00:00+00,2019,10,6D,Ward 7,Race,White,Simple Assault,38.89367649,-76.93290561,2019,Thursday,October
5200 block of Loughboro Rd NW,2019-10-20 04:00:00+00:00,1300,2019/10/20 04:00:00+00,2019,10,2D,Ward 3,Gender Identity/Expression,,Simple Assault,38.93573904,-77.10619468,2019,Sunday,October
1900 block of Vermont Ave NW,2019-10-20 04:00:00+00:00,0420,2019/10/20 04:00:00+00,2019,10,3D,Ward 1,Sexual Orientation,,Simple Assault,38.91628586,-77.0257345,2019,Sunday,October
400 block of New Jersey Ave SE,2019-10-21 04:00:00+00:00,1415,2019/10/22 04:00:00+00,2019,10,1D,Ward 6,Religion,Muslim,Threats,38.88463789,-77.00710157,2019,Monday,October
4200 block of New Hampshire Ave NW,2019-10-24 04:00:00+00:00,1544,2019/10/24 04:00:00+00,2019,10,4D,Ward 4,Ethnicity/National Origin,Latino/Hispanic,Simple Assault,38.94233364,-77.01983842,2019,Thursday,October
400 block of Massachusetts Ave NW,2019-10-24 04:00:00+00:00,0150,2019/10/24 04:00:00+00,2019,10,1D,Ward 6,Ethnicity/National Origin,Jewish,Displaying Symbols,38.90052346,-77.0171897,2019,Thursday,October
1300 block of M St NW,2023-05-20 04:00:00+00:00,1500,2023/06/01 04:00:00+00,2023,6,3D,Ward 2,Religion,Jewish,Theft,38.90564747,-77.03055674,2023,Saturday,May
Unit block of H St NW,2023-05-21 04:00:00+00:00,1157,2023/05/21 04:00:00+00,2023,5,1D,Ward 6,Ethnicity/National Origin,Chinese,Simple Assault,38.90020742,-77.01061888,2023,Sunday,May
3900 block of 14th St NW,2023-05-25 04:00:00+00:00,0240,2023/05/25 04:00:00+00,2023,5,4D,Ward 4,Sexual Orientation,,Simple Assault,38.93920946,-77.03272935,2023,Thursday,May
600 block of 13th ST NW,2023-05-26 04:00:00+00:00,1620,2023/05/26 04:00:00+00,2023,5,2D,Ward 2,Ethnicity/National Origin,Asian,Simple Assault,38.89782585,-77.02961894,2023,Friday,May
1300 block of 2nd St NE,2023-05-26 04:00:00+00:00,0647,2023/05/26 04:00:00+00,2023,5,5D,Ward 6,Ethnicity/National Origin,African,Threats,38.90782549,-77.00351418,2023,Friday,May
5600 block of Eads St NE,2023-05-27 04:00:00+00:00,1739,2023/05/27 04:00:00+00,2023,5,6D,Ward 7,Race,Asian,Damage/Defacing/Destruction of Property,38.89580964,-76.91983131,2023,Saturday,May
2500 block of K St NW,2023-05-27 04:00:00+00:00,2223,2023/05/28 04:00:00+00,2023,5,2D,Ward 2,Race,Black,Threats,38.90252961,-77.05470587,2023,Saturday,May
1300 block of M St NW,2023-05-28 04:00:00+00:00,2230,2023/06/01 04:00:00+00,2023,6,3D,Ward 2,Religion,Jewish,Theft,38.90564747,-77.03055674,2023,Sunday,May
600 block of Florida Ave NW,2020-05-12 04:00:00+00:00,0410,2020/05/12 04:00:00+00,2020,5,3D,Ward 2,Sexual Orientation,,Simple Assault,38.91559392,-77.02031712,2020,Tuesday,May
1600 block of Connecticut Ave NW,2016-05-30 04:00:00+00:00,1138,2016/05/20 04:00:00+00,2016,5,2D,Ward 2,Ethnicity/National Origin,Arab/Middle Eastern,Damage/Defacing/Destruction of Property,38.90992743,-77.04360696,2016,Monday,May
1700 block of 16th St NW,2016-06-15 04:00:00+00:00,0726,2016/06/15 04:00:00+00,2016,6,3D,Ward 2,Religion,Jewish,Damage/Defacing/Destruction of Property,38.91297747,-77.03651274,2016,Wednesday,June
5200 block of 42nd St NW,2016-07-06 04:00:00+00:00,2015-2019,2016/07/06 04:00:00+00,2016,7,2D,Ward 3,Race,White,Threats,38.95752576,-77.08202319,2016,Wednesday,July
1300 block of K St NW,2019-05-08 04:00:00+00:00,1646,2019/05/14 04:00:00+00,2019,5,2D,Ward 2,Race,Black,Threats,38.90252097,-77.0307907,2019,Wednesday,May
2000 block of Georgia Ave NW,2019-05-15 04:00:00+00:00,1724,2019/05/15 04:00:00+00,2019,5,3D,Ward 1,Ethnicity/National Origin,Latino/Hispanic,Simple Assault,38.91701037,-77.02189472,2019,Wednesday,May
1400 block of L St NW,2019-06-08 04:00:00+00:00,1918,2019/06/08 04:00:00+00,2019,6,2D,Ward 2,Sexual Orientation,,Simple Assault,38.90373744,-77.03251351,2019,Saturday,June
400 block of Hamilton St NW,2017-03-01 05:00:00+00:00,1700,2017/07/07 04:00:00+00,2017,7,4D,Ward 4,Race,Black,Damage/Defacing/Destruction of Property,38.95317151,-77.0186633,2017,Wednesday,March
Unit block of Galveston ST SW,2017-03-19 04:00:00+00:00,1509,2017/03/20 04:00:00+00,2017,3,7D,Ward 8,Sexual Orientation,,Threats,38.82360132,-77.00888996,2017,Sunday,March
1300 block of Perry Pl NW,2017-04-08 04:00:00+00:00,1930,2017/04/09 04:00:00+00,2017,4,4D,Ward 1,Gender Identity/Expression,,ADW,38.93601573,-77.03180113,2017,Saturday,April
500 block of F St NW,2017-04-23 04:00:00+00:00,0203,2017/04/23 04:00:00+00,2017,4,1D,Ward 2,Race,Black,Simple Assault,38.89733298,-77.01941471,2017,Sunday,April
1800 block of Kenyon St NW,2017-05-05 04:00:00+00:00,2300,2017/05/07 04:00:00+00,2017,5,3D,Ward 1,Race,Black,Damage/Defacing/Destruction of Property,38.92969409,-77.04198748,2017,Friday,May
1200 block of 23rd St NW,2017-05-08 04:00:00+00:00,2117,2017/05/09 04:00:00+00,2017,5,2D,Ward 2,Sexual Orientation,,Threats,38.90625455,-77.0501035,2017,Monday,May
2100 block of 36th Pl SE,2017-06-01 04:00:00+00:00,1701,2017/06/01 04:00:00+00,2017,6,6D,Ward 7,Race,Black,Displaying Symbols,38.86483164,-76.95650852,2017,Thursday,June
800 block of Florida Ave NE,2017-06-14 04:00:00+00:00,1844,2017/06/14 04:00:00+00,2017,6,5D,Ward 6,Race,Black,Damage/Defacing/Destruction of Property,38.90451601,-76.99432777,2017,Wednesday,June
900 block of U St NW,2017-06-18 04:00:00+00:00,0139,2017/06/18 04:00:00+00,2017,6,3D,Ward 1,Race,Black,Simple Assault,38.91699641,-77.02463447,2017,Sunday,June
200 block of Q St NW,2017-07-09 04:00:00+00:00,0001,2017/07/09 04:00:00+00,2017,7,3D,Ward 5,Sexual Orientation,,Threats,38.9111208,-77.01367272,2017,Sunday,July
900 block of Constitution Ave NE,2017-07-20 04:00:00+00:00,1030,2017/07/20 04:00:00+00,2017,7,1D,Ward 6,Ethnicity/National Origin,Latino/Hispanic,Simple Assault,38.89201414,-76.99320293,2017,Thursday,July
1200 block of 18th ST NW,2017-07-30 04:00:00+00:00,2339,2017/07/31 04:00:00+00,2017,7,2D,Ward 2,Sexual Orientation,,ADW,38.90606355,-77.04168338,2017,Sunday,July
1500 block of Newton St NW,2017-08-06 04:00:00+00:00,1414,2017/08/06 04:00:00+00,2017,8,4D,Ward 1,Sexual Orientation,,Threats,38.93256737,-77.03460084,2017,Sunday,August
3500 block of Georgia Ave NW,2017-08-18 04:00:00+00:00,0950,2017/08/18 04:00:00+00,2017,8,4D,Ward 1,Ethnicity/National Origin,Jewish,Damage/Defacing/Destruction of Property,38.93332946,-77.02384533,2017,Friday,August
1900 block of 9th St NW,2017-09-10 04:00:00+00:00,0315,2017/09/10 04:00:00+00,2017,9,3D,Ward 1,Race,Black,Threats,38.9162802,-77.02396659,2017,Sunday,September
Unit block of H St NW,2017-09-15 04:00:00+00:00,1230,2017/09/15 04:00:00+00,2017,9,1D,Ward 6,Disability,,Simple Assault,38.90020742,-77.01061888,2017,Friday,September
1300 block of Pennsylvania Ave NW,2020-11-14 05:00:00+00:00,2011,2020/11/15 05:00:00+00,2020,11,2D,Ward 2,Political Affiliation,,Riot Act,38.89550632,-77.03019631,2020,Saturday,November
1600 block of 16th ST NW,2021-01-16 05:00:00+00:00,1933,2021/01/16 05:00:00+00,2021,1,3D,Ward 2,Race,Black,Threats,38.91149641,-77.03651636,2021,Saturday,January
4800 block of Massachusetts Ave NW,2016-09-24 04:00:00+00:00,1000-1030,2016/09/24 04:00:00+00,2016,9,2D,Ward 3,Religion,Jewish,Threats,38.94512631,-77.09578162,2016,Saturday,September
100 block T St NE,2024-02-14 05:00:00+00:00,0141,2024/02/14 05:00:00+00,2024,2,5D,Ward 5,Gender Identity/Expression,,ADW,38.91556426,-77.00429819,2024,Wednesday,February
18th St NW and Connecticut Ave NW,2024-02-14 05:00:00+00:00,1023,2024/02/14 05:00:00+00,2024,2,2D,Ward 2,Race,Black,Simple Assault,38.90645968,-77.04159094,2024,Wednesday,February
31st St NW and M St NW,2024-02-14 05:00:00+00:00,1715,2024/02/14 05:00:00+00,2024,2,2D,Ward 2,Race,Black,Simple Assault,38.90519048,-77.06118434,2024,Wednesday,February
400 block Michigan Ave NE,2024-02-15 05:00:00+00:00,1030,2024/02/15 05:00:00+00,2024,2,4D,Ward 5,Religion,Catholic,Damage/Defacing/Destruction of Property,38.93196713,-76.99912404,2024,Thursday,February
200 block M St NE,2024-02-20 05:00:00+00:00,1737,2024/02/20 05:00:00+00,2024,2,5D,Ward 6,Sexual Orientation,,Simple Assault,38.90564363,-77.00447272,2024,Tuesday,February
2700 block Martin Luther King Jr Ave SE,2024-02-20 05:00:00+00:00,1725,2024/02/20 05:00:00+00,2024,2,7D,Ward 8,Gender Identity/Expression,,Simple Assault,,,2024,Tuesday,February
900 block 17th St NE,2024-02-20 05:00:00+00:00,1800,2024/02/20 05:00:00+00,2024,2,5D,Ward 5,Ethnicity/National Origin,Hispanic,Threats,38.90137764,-76.97899292,2024,Tuesday,February
900 block Wesley Pl SW,2024-02-25 05:00:00+00:00,1600,2024/02/25 05:00:00+00,2024,2,1D,Ward 6,Ethnicity/National Origin,Taiwanese,Threats,38.87884621,-77.01623236,2024,Sunday,February
Buchanan St NW and Georgia Ave NW,2024-02-26 05:00:00+00:00,1744,2024/02/26 05:00:00+00,2024,2,4D,Ward 4,Ethnicity/National Origin,Jewish,Displaying Symbols,38.94612542,-77.02660006,2024,Monday,February
600 block New Jersey Ave NW,2024-03-12 04:00:00+00:00,0359,2024/03/14 04:00:00+00,2024,3,1D,Ward 6,Ethnicity/National Origin,Jewish,Displaying Symbols,38.89805103,-77.01212675,2024,Tuesday,March
200 block East Capitol St NE,2024-02-02 05:00:00+00:00,1650,2024/02/02 05:00:00+00,2024,2,1D,Ward 6,Ethnicity/National Origin,Jewish,Displaying Symbols,38.88980753,-77.00277732,2024,Friday,February
8000 block 16th St NW,2024-03-16 04:00:00+00:00,1600,2024/03/22 04:00:00+00,2024,3,4D,Ward 4,Ethnicity/National Origin,Israeli,Damage/Defacing/Destruction of Property,38.98926418,-77.03632583,2024,Saturday,March
"700 block 24th St NW
",2024-01-01 05:00:00+00:00,"1858
",2024/01/02 05:00:00+00,2024,1,2D,Ward 2,Ethnicity/National Origin,African,ADW,38.89895135,-77.05142894,2024,Monday,January
3100 block 16th St NW,2024-03-02 05:00:00+00:00,1450,2024/03/02 05:00:00+00,2024,3,3D,Ward 1,Gender Identity/Expression,,Threats,38.92892645,-77.03647512,2024,Saturday,March
400 block Rhode Island Ave NE,2024-07-03 04:00:00+00:00,1716,2024/07/03 04:00:00+00,2024,7,5D,Ward 5,Sexual Orientation,,Simple Assault,38.91994103,-77.00004728,2024,Wednesday,July
400 block I St NW,2024-07-03 04:00:00+00:00,1848,2024/07/03 04:00:00+00,2024,7,1D,Ward 6,Race,Black,Simple Assault,38.90132344,-77.01691448,2024,Wednesday,July
1700 block Columbia Rd NW,2024-07-08 04:00:00+00:00,0227,2024/07/08 04:00:00+00,2024,7,3D,Ward 1,Sexual Orientation,,Threats,38.92465629,-77.03965317,2024,Monday,July
2000 block Fenwick St NE,2024-08-17 04:00:00+00:00,0216,2024/08/17 04:00:00+00,2024,8,5D,Ward 5,Race,Black,Simple Assault,38.91514439,-76.98494744,2024,Saturday,August
3300 block Wisconsin Ave NW,2024-07-15 04:00:00+00:00,2048,2024/07/15 04:00:00+00,2024,7,2D,Ward 3,Race,Black,Simple Assault,38.93406237,-77.07242173,2024,Monday,July
1600 block Marion St NW,2024-07-14 04:00:00+00:00,1812,2024/07/14 04:00:00+00,2024,7,3D,Ward 2,Religion,Muslim,Simple Assault,38.9118894,-77.02092381,2024,Sunday,July
900 block L St NW,2024-07-19 04:00:00+00:00,1811,2024/07/19 04:00:00+00,2024,7,3D,Ward 2,Ethnicity/National Origin,Oromo,ADW,38.90416476,-77.02499977,2024,Friday,July
1300 block Fairmont St NW,2024-07-20 04:00:00+00:00,1335,2024/07/20 04:00:00+00,2024,7,3D,Ward 1,Sexual Orientation,,Threats,38.9247535,-77.03097686,2024,Saturday,July
3800 block Newark St NW,2024-07-21 04:00:00+00:00,0800,2024/07/21 04:00:00+00,2024,7,2D,Ward 3,Ethnicity/National Origin,Israeli,Damage/Defacing/Destruction of Property,38.9356903,-77.07590975,2024,Sunday,July
4100 block Wisconsin Ave NW,2024-07-24 04:00:00+00:00,0645,2024/07/24 04:00:00+00,2024,7,2D,Ward 3,Race,Black,Simple Assault,38.94268909,-77.07676746,2024,Wednesday,July
Unit block Rhode Island Ave NW,2024-07-26 04:00:00+00:00,0700,2024/07/26 04:00:00+00,2024,7,3D,Ward 5,Ethnicity/National Origin,Israeli,Damage/Defacing/Destruction of Property,38.91624756,-77.01155215,2024,Friday,July
1100 block U St NW,2024-07-30 04:00:00+00:00,0033,2024/07/30 04:00:00+00,2024,7,3D,Ward 1,Sexual Orientation,,Robbery,38.91699891,-77.0275601,2024,Tuesday,July
11th St NW & U ST NW,2024-06-28 04:00:00+00:00,0000,2024/07/01 04:00:00+00,2024,7,3D,ward 1,Sexual Orientation,,Simple Assault,38.91699891,-77.0275601,2024,Friday,June
3000 block 11th St NW,2024-08-18 04:00:00+00:00,0035,2024/08/17 04:00:00+00,2024,8,3D,Ward 1,Sexual Orientation,,Robbery,38.92821809,-77.02739122,2024,Sunday,August
3500 block Ames St NE,2024-08-19 04:00:00+00:00,0603,2024/08/19 04:00:00+00,2024,8,6D,Ward 7,Sexual Orientation,,Threats,38.89068157,-76.95440895,2024,Monday,August
8th St NW & V St NW,2024-08-21 04:00:00+00:00,2250,2024/08/22 04:00:00+00,2024,8,3D,Ward 1,Ethnicity/National Origin,Chinese,Threats,38.9177621,-77.02294832,2024,Wednesday,August
39th St NW & S St NW,2024-08-15 04:00:00+00:00,0000,2024/08/23 04:00:00+00,2024,8,2D,Ward 2,Ethnicity/National Origin,Israeli,Damage/Defacing/Destruction of Property,38.9144052,-77.0755903,2024,Thursday,August
1700 block Trinidad Ave NE,2024-09-02 04:00:00+00:00,0634,2024/09/02 04:00:00+00,2024,9,5D,Ward 5,Sexual Orientation,,Threats,38.90811345,-76.98283153,2024,Monday,September
800 block Rhode Island Ave NE,2024-08-31 04:00:00+00:00,0001,2024/09/04 04:00:00+00,2024,9,5D,Ward 5,Ethnicity/National Origin,Israeli,Damage/Defacing/Destruction of Property,38.92184498,-76.99431474,2024,Saturday,August
1200 block 14th St NW,2024-09-05 04:00:00+00:00,0051,2024/09/05 04:00:00+00,2024,9,2D,Ward 2,Religion; Ethnicity/National Origin,Muslim; Middle Eastern,Simple Assault,38.90661441,-77.03195208,2024,Thursday,September
600 block Alabama Ave SE,2024-09-07 04:00:00+00:00,1931,2024/09/07 04:00:00+00,2024,9,7D,Ward 8,Ethnicity/National Origin,Hispanic,Simple Assault,38.84326971,-76.99679322,2024,Saturday,September
10th St NW & French St NW,2024-09-09 04:00:00+00:00,2201,2024/09/09 04:00:00+00,2024,9,3D,Ward 2,Race,Black,Damage/Defacing/Destruction of Property,38.91333693,-77.0259901,2024,Monday,September
2700 block 14th St NW,2024-09-06 04:00:00+00:00,1009,2024/09/06 04:00:00+00,2024,9,3D,Ward 1,Gender Identity/Expression,,Threats,38.92562153,-77.03232779,2024,Friday,September
3000 block 14th ST NW,2024-09-14 04:00:00+00:00,0230,2024/09/14 04:00:00+00,2024,9,4D,Ward 1,Ethnicity/National Origin,Hispanic,ADW,38.9281718,-77.03259028,2024,Saturday,September
2400 block 18th St NW,2024-09-15 04:00:00+00:00,1442,2024/09/15 04:00:00+00,2024,9,3D,Ward 1,Race; Sexual Orientation,White,Threats,38.92162305,-77.04236546,2024,Sunday,September
1800 block Florida Ave NW,2024-09-16 04:00:00+00:00,1000,2024/09/17 04:00:00+00,2024,9,2D,Ward 1/Ward 2,Ethnicity/National Origin,Hispanic,Simple Assault,38.91633788,-77.04254901,2024,Monday,September
1300 block New York Ave NW,2024-09-18 04:00:00+00:00,1128,2024/09/18 04:00:00+00,2024,9,2D,Ward 2,Race,Black,Simple Assault,38.89967694,-77.03114039,2024,Wednesday,September
2300 block Pennsylvania Ave NW,2024-09-20 04:00:00+00:00,1350,2024/09/20 04:00:00+00,2024,9,2D,Ward 2,Race,Black,Simple Assault,38.90285627,-77.05106964,2024,Friday,September
1400 block Columbia Rd NW,2024-09-21 04:00:00+00:00,0729,2024/09/21 04:00:00+00,2024,9,3D,Ward 1,Ethnicity/National Origin,Hispanic,Simple Assault,38.92742558,-77.03407926,2024,Saturday,September
2300 block 18th St NW,2024-09-21 04:00:00+00:00,0130,2024/09/21 04:00:00+00,2024,9,3D,Ward 1,Ethnicity/National Origin,Indian; Middle Eastern,Simple Assault,38.92012523,-77.04185915,2024,Saturday,September
31st St NW & M St NW,2024-09-22 04:00:00+00:00,2330,2024/09/23 04:00:00+00,2024,9,2D,Ward 2,Ethnicity/National Origin,Middle Eastern,Damage/Defacing/Destruction of Property,38.90519048,-77.06118434,2024,Sunday,September
3100 block 14th St NW,2024-09-23 04:00:00+00:00,1758,2024/09/23 04:00:00+00,2024,9,3D,Ward 1,Ethnicity/National Origin,Hispanic,Threats,38.92951689,-77.03272986,2024,Monday,September
1700 block Lanier Pl NW,2024-09-24 04:00:00+00:00,0650,2024/09/24 04:00:00+00,2024,9,3D,Ward 1,Ethnicity/National Origin,African,Threats,38.92431041,-77.04236049,2024,Tuesday,September
1300 block U St NW,2024-09-24 04:00:00+00:00,2043,2024/09/25 04:00:00+00,2024,9,3D,Ward 1,Gender Identity/Expression,,Threats,38.91700008,-77.03078611,2024,Tuesday,September
1800 block 7th St NW,2024-09-25 04:00:00+00:00,1433,2024/09/24 04:00:00+00,2024,9,3D,Ward 1,Ethnicity/National Origin,Hispanic,Simple Assault,38.91483008,-77.02191815,2024,Wednesday,September
14th St NW and U St NW,2013-01-01 05:00:00+00:00,0115-1100,2013/01/03 05:00:00+00,2013,1,3D,Ward 1/Ward 2,Gender Identity/Expression,,Threats,38.91699779,-77.03195074,2013,Tuesday,January
1000 block of Independence Ave SW,2012-03-08 05:00:00+00:00,1655-1730,2012/03/20 04:00:00+00,2012,3,1D,Ward 2/Ward 6,Sexual Orientation,,Threats,38.88756585,-77.02705334,2012,Thursday,March
1500 block of Benning Rd NE,2016-07-12 04:00:00+00:00,1035-1050,2016/07/12 04:00:00+00,2016,7,5D,Ward 5/Ward 7,Gender Identity/Expression,,Threats,38.89997642,-76.98246021,2016,Tuesday,July
Unit block of New York Ave NE,2019-03-10 05:00:00+00:00,0404,2019/03/10 05:00:00+00,2019,3,5D,Ward 5/Ward 6,Sexual Orientation,,Simple Assault,38.90790025,-77.00746971,2019,Sunday,March
18th St NW and Columbia Rd NW,2024-01-23 05:00:00+00:00,0752,2024/01/23 05:00:00+00,2024,1,3D,Ward 1,Ethnicity/National Origin,Israeli,Deface Private/Public Property,38.92266078,-77.04268424,2024,Tuesday,January
600 block I St NW,2024-01-29 05:00:00+00:00,1710,2024/01/29 05:00:00+00,2024,1,1D,Ward 2,Ethnicity/National Origin,Jewish,Deface Private/Public Property,38.90086787,-77.02090986,2024,Monday,January
100 block Rhode Island Ave NW,2024-01-10 05:00:00+00:00,2300,2024/01/11 05:00:00+00,2024,1,3D,Ward 5,Gender Identity/Expression,,Simple Assault,38.91564565,-77.01240844,2024,Wednesday,January
100 block Q St NE,2024-01-18 05:00:00+00:00,0125,2024/01/18 05:00:00+00,2024,1,5D,Ward 5,Gender Identity/Expression,,,38.91111435,-77.00566814,2024,Thursday,January
1100 block 17th St NE,2024-01-17 05:00:00+00:00,1805,2024/01/18 05:00:00+00,2024,1,2D,Ward 5,Race,Black,Simple Assault,38.9040424,-76.97899041,2024,Wednesday,January
3300 block M St NW,2024-01-19 05:00:00+00:00,1425,2024/01/19 05:00:00+00,2024,1,2D,Ward 2,Race,Black,ADW,38.90508837,-77.06693574,2024,Friday,January
600 block 13th St NW,2024-01-19 05:00:00+00:00,1450,2024/01/19 05:00:00+00,2024,1,2D,Ward 2,Race,White,Threats,38.89782585,-77.02961894,2024,Friday,January
1800 block Connecticut Ave NW,2024-01-28 05:00:00+00:00,1017,2024/01/28 05:00:00+00,2024,1,2D,Ward 2,Religion,Jewish,Simple Assault,38.91422895,-77.04610007,2024,Sunday,January
1700 block P St NW,2024-01-06 05:00:00+00:00,2236,2024/01/06 05:00:00+00,2024,1,2D,Ward 2,Sexual Orientation,,Threats,38.90964547,-77.04008007,2024,Saturday,January
3100 block Mount Pleasant St NW,2024-01-29 05:00:00+00:00,1145,2024/01/29 05:00:00+00,2024,1,3D,Ward 1,Sexual Orientation,,Threats,38.92932598,-77.03758745,2024,Monday,January
500 block 23rd St NW,2024-03-05 05:00:00+00:00,1315,2024/03/05 05:00:00+00,2024,3,2D,Ward 2,Race,Asian,Simple Assault,38.89667182,-77.05011787,2024,Tuesday,March
2500 block 10th St NE,2024-03-04 05:00:00+00:00,2332,2024/03/05 05:00:00+00,2024,3,5D,Ward 5,Sexual Orientation,,Simple Assault,38.92297281,-76.99242827,2024,Monday,March
800 block V St NW,2024-03-17 04:00:00+00:00,0218,2024/03/17 04:00:00+00,2024,3,3D,Ward 1,Sexual Orientation,,Simple Assault,38.91776245,-77.02344588,2024,Sunday,March
400 block Sheridan St NW,2024-03-11 04:00:00+00:00,1130,2024/03/11 04:00:00+00,2024,3,4D,Ward 4,Sexual Orientation; Ethnicity/National Origin,Jewish; Non-European,Threats,38.96613237,-77.01896751,2024,Monday,March
2800 block Georgia Ave NW,2024-03-05 05:00:00+00:00,0101,2024/03/05 05:00:00+00,2024,3,3D,Ward 1,Gender Identity/Expression,,Threats,,,2024,Tuesday,March
Canal Rd NW & Foxhall Rd NW,2024-06-02 04:00:00+00:00,1130,2024/06/02 04:00:00+00,2024,6,2D,Ward 3,Race,Black,Damage/Defacing/Destruction of Property,38.90595423,-77.07917101,2024,Sunday,June
200 block M St NE,2024-06-05 04:00:00+00:00,0042,2024/06/05 04:00:00+00,2024,6,5D,Ward 6,Gender Identity/Expression,,Threats,38.90564594,-77.00255001,2024,Wednesday,June
2100 block P St NW,2024-06-07 04:00:00+00:00,0110,2024/06/04 04:00:00+00,2024,6,2D,Ward 2,Gender Identity/Expression,,Simple Assault,38.90963684,-77.04771599,2024,Friday,June
2500 block Virginia Ave NW,2024-06-06 04:00:00+00:00,1948,2024/06/06 04:00:00+00,2024,6,2D,Ward 2,Ethnicity/National Origin,Colombian,Simple Assault,38.89977437,-77.05495496,2024,Thursday,June
14th St NW and Irving St NW,2024-06-06 04:00:00+00:00,1340,2024/06/07 04:00:00+00,2024,6,3D,Ward 1,Ethnicity/National Origin,Hispanic,Simple Assault,38.92880662,-77.03264109,2024,Thursday,June
1600 block 17th St SE,2024-06-08 04:00:00+00:00,0551,2024/06/08 04:00:00+00,2024,6,6D,Ward 8,Race,White,Burglary,38.87010871,-76.98077735,2024,Saturday,June
2000 block Wisconsin Ave NW,2024-06-10 04:00:00+00:00,1322,2024/06/10 04:00:00+00,2024,6,2D,Ward 2,Race,Black,Simple Assault,38.91682912,-77.06864169,2024,Monday,June
700 block 11th St NW,2024-06-12 04:00:00+00:00,1250,2024/06/12 04:00:00+00,2024,6,2D,Ward 2,Race,White,Simple Assault,38.8990662,-77.02703499,2024,Wednesday,June
3900 block Minnesota Ave NE,2024-06-12 04:00:00+00:00,1939,2024/06/12 04:00:00+00,2024,6,6D,Ward 7,Sexual Orientation,,Simple Assault,38.8935443,-76.95033389,2024,Wednesday,June
Unit block Kennedy St NW,2024-06-12 04:00:00+00:00,1530,2024/06/12 04:00:00+00,2024,6,4D,Ward 4,Ethnicity/National Origin,African,Damage/Defacing/Destruction of Property,,,2024,Wednesday,June
1900 block 19th St NW,2024-06-12 04:00:00+00:00,2300,2024/06/13 04:00:00+00,2024,6,3D,Ward 2,Sexual Orientation,,Simple Assault,38.91573067,-77.04342348,2024,Wednesday,June
700 block Kenilworth Ave NE,2024-06-14 04:00:00+00:00,1653,2024/06/14 04:00:00+00,2024,6,6D,Ward 7,Sexual Orientation,,Simple Assault,38.89893998,-76.94836792,2024,Friday,June
3000 block 14th ST NW,2024-06-15 04:00:00+00:00,1800,2024/06/15 04:00:00+00,2024,6,3D,Ward 1,Ethnicity/National Origin,Unspecified,Threats,38.9281718,-77.03259028,2024,Saturday,June
8th St NE & H St NE,2024-06-25 04:00:00+00:00,1315,2024/06/25 04:00:00+00,2024,6,1D,Ward 6,Gender Identity/Expression,,ADW,38.90020302,-76.99496078,2024,Tuesday,June
1700 block Desales St NW,2024-06-22 04:00:00+00:00,2350,2024/06/23 04:00:00+00,2024,6,2D,Ward 2,Ethnicity/National Origin,Palestinian,Simple Assault,38.90475529,-77.03954641,2024,Saturday,June
1100 block Connecticut Ave NW,2024-06-22 04:00:00+00:00,2359,2024/06/23 04:00:00+00,2024,6,2D,Ward 2,Ethnicity/National Origin,Palestinian,Simple Assault,38.90423795,-77.0402985,2024,Saturday,June
500 block of Georgia Ave NW,2021-05-10 04:00:00+00:00,0329,2021/05/10 04:00:00+00,2021,5,4D,,Ethnicity/National Origin,Ethiopian,ADW,,,2021,Monday,May
1300 block of 14th St NE,2021-05-04 04:00:00+00:00,1346,2021/05/04 04:00:00+00,2021,5,5D,,Ethnicity/National Origin,Chinese,Simple Assault,,,2021,Tuesday,May
2400 block of Minnesota Ave NE,2019-10-14 04:00:00+00:00,1608,2019/10/14 04:00:00+00,2019,10,6D,,Race,White,Simple Assault,,,2019,Monday,October
7700 block of Eastern Ave NE,2019-09-17 04:00:00+00:00,0920,2019/09/17 04:00:00+00,2019,9,4D,,Gender Identity/Expression,,Robbery,,,2019,Tuesday,September
900 block of Eastern Ave NW,2019-02-27 05:00:00+00:00,1240,2019/02/27 05:00:00+00,2019,2,6D,,Gender Identity/Expression,,ADW,,,2019,Wednesday,February
1500 block of 2nd St NW,2017-09-16 04:00:00+00:00,1812,2017/09/16 04:00:00+00,2017,9,1D,,Sexual Orientation,,ADW,,,2017,Saturday,September
4300 block of Prospect St NW,2016-10-31 04:00:00+00:00,2246,2016/11/01 04:00:00+00,2016,11,2D,,Sexual Orientation,,Robbery,,,2016,Monday,October
900 block of Eastern Ave NW,2016-08-25 04:00:00+00:00,1234-1411,2016/08/25 04:00:00+00,2016,8,6D,,Gender Identity/Expression,,Simple Assault,,,2016,Thursday,August
400 block of New Jersey Ave NE,2015-12-05 05:00:00+00:00,1733-1733,2015/12/10 05:00:00+00,2015,12,1D,,Religion,Muslim,Threats,,,2015,Saturday,December
Potomac Ave NW and Prospect St NW,2015-08-07 04:00:00+00:00,0119-0124,2015/08/07 04:00:00+00,2015,8,2D,,Sexual Orientation,,Simple Assault,,,2015,Friday,August
E St SE and Chaplin St SE,2012-04-04 04:00:00+00:00,1300,2012/04/04 04:00:00+00,2012,4,6D,,Sexual Orientation,,Simple Assault,,,2012,Wednesday,April
1700 block of New Hampshire Ave NW,2017-01-21 05:00:00+00:00,0050,2017/01/21 05:00:00+00,2017,1,3D,Ward 2,Religion,Jewish,Simple Assault,38.91298271,-77.04030771,2017,Saturday,January
1000 block of 25th St NW,2014-09-21 04:00:00+00:00,0040-0045,2014/09/21 04:00:00+00,2014,9,2D,Ward 2,Homelessness,,Simple Assault,38.90308229,-77.05330406,2014,Sunday,September
1300 block of Park Rd NW,2012-02-06 05:00:00+00:00,1900,2012/02/06 05:00:00+00,2012,2,3D,Ward 1,Sexual Orientation,,Simple Assault,38.93112805,-77.03027968,2012,Monday,February
2600 block of Martin Luther King Jr Ave SE,2012-06-29 04:00:00+00:00,1430,2012/06/29 04:00:00+00,2012,6,7D,Ward 8,Sexual Orientation,,Simple Assault,38.85875093,-76.99546441,2012,Friday,June
K St NW and North Capitol ST NW,2012-08-27 04:00:00+00:00,1700,2012/08/27 04:00:00+00,2012,8,1D,Ward 6,Gender Identity/Expression,,Robbery,38.90251452,-77.00906427,2012,Monday,August
3100 block of Naylor Rd SE,2013-02-25 05:00:00+00:00,1600-1605,2013/02/25 05:00:00+00,2013,2,7D,Ward 7/Ward 8,Sexual Orientation,,Robbery,38.85313343,-76.96404068,2013,Monday,February
3400 block of 4th St SE,2013-06-11 04:00:00+00:00,1250-1255,2013/06/11 04:00:00+00,2013,6,7D,Ward 8,Sexual Orientation,,Simple Assault,38.83942837,-77.00057362,2013,Tuesday,June
1500 block of Savannah St SE,2013-08-12 04:00:00+00:00,2040-2042,2013/08/12 04:00:00+00,2013,8,7D,Ward 8,Race,White,ADW,38.8446942,-76.9830504,2013,Monday,August
100 block of Wayne Pl SE,2013-12-30 05:00:00+00:00,1231,2013/12/30 05:00:00+00,2013,12,7D,Ward 8,Sexual Orientation,,Simple Assault,38.83515394,-77.00482005,2013,Monday,December
1900 block of 3rd St NE,2014-04-16 04:00:00+00:00,1425-1430,2014/04/16 04:00:00+00,2014,4,5D,Ward 5,Gender Identity/Expression,,ADW,38.9159224,-77.00203149,2014,Wednesday,April
1400 block of K St NW,2014-06-25 04:00:00+00:00,1458,2014/06/25 04:00:00+00,2014,6,2D,Ward 2,Religion,Muslim,Damage/Defacing/Destruction of Property,38.90252277,-77.03279345,2014,Wednesday,June
1500 block of K St NW,2014-08-18 04:00:00+00:00,1848-1849,2014/08/19 04:00:00+00,2014,8,2D,Ward 2,Race,Black,Simple Assault,38.90252403,-77.03556009,2014,Monday,August
4th St NW and K St NW,2015-03-02 05:00:00+00:00,1717-1913,2015/03/02 05:00:00+00,2015,3,1D,Ward 6,Race,Asian,ADW,38.90251922,-77.01617601,2015,Monday,March
2800 block of Georgia Ave NW,2015-06-23 04:00:00+00:00,2018-2020,2015/06/23 04:00:00+00,2015,6,3D,Ward 1,Sexual Orientation,,Simple Assault,38.92639173,-77.022842,2015,Tuesday,June
500 block of G St NW,2015-11-30 05:00:00+00:00,0226-0509,2015/11/30 05:00:00+00,2015,11,1D,Ward 2,Gender Identity/Expression,,ADW,38.89831102,-77.01941855,2015,Monday,November
300 block of Missouri Ave NW,2016-05-16 04:00:00+00:00,1830-1840,2016/05/16 04:00:00+00,2016,5,4D,Ward 4,Ethnicity/National Origin,Latino/Hispanic,Threats,38.95725671,-77.01663989,2016,Monday,May
1600 block of 17th St NW,2016-06-21 04:00:00+00:00,2016,2016/06/21 04:00:00+00,2016,6,3D,Ward 2,Sexual Orientation,,Simple Assault,38.9114974,-77.03848454,2016,Tuesday,June
2800 block of Georgia Ave NW,2017-10-06 04:00:00+00:00,1500,2017/10/06 04:00:00+00,2017,10,3D,Ward 1,Gender Identity/Expression,,Threats,38.92639173,-77.022842,2017,Friday,October
4600 block of Martin Luther King Jr Ave SW,2017-11-05 04:00:00+00:00,1700,2017/11/06 05:00:00+00,2017,11,7D,Ward 8,Sexual Orientation,,Damage/Defacing/Destruction of Property,38.82480788,-77.0124074,2017,Sunday,November
2700 block of Bruce Pl SE,2017-11-29 05:00:00+00:00,2224,2017/11/29 05:00:00+00,2017,11,7D,Ward 8,Gender Identity/Expression,,Robbery,38.85730445,-76.9743793,2017,Wednesday,November
100 block of L St NW,2018-02-24 05:00:00+00:00,1515,2018/02/24 05:00:00+00,2018,2,1D,Ward 6,Gender Identity/Expression,,Simple Assault,38.90373897,-77.01316992,2018,Saturday,February
3300 block of Wisconsin Ave NW,2018-03-26 04:00:00+00:00,2027,2018/03/26 04:00:00+00,2018,3,2D,Ward 3,Race,Black,Damage/Defacing/Destruction of Property,38.93406237,-77.07242173,2018,Monday,March
1300 block of New York Ave NW,2018-05-17 04:00:00+00:00,1610,2018/05/18 04:00:00+00,2018,5,2D,Ward 2,Ethnicity/National Origin,Latino/Hispanic,Threats,38.89967694,-77.03114039,2018,Thursday,May
100 block of 47th St NE,2018-06-13 04:00:00+00:00,2350,2018/06/14 04:00:00+00,2018,6,6D,Ward 7,Sexual Orientation,,Robbery,38.8910868,-76.93488022,2018,Wednesday,June
4600 block of Martin Luther King Jr Ave SW,2018-07-04 04:00:00+00:00,1413,2018/07/04 04:00:00+00,2018,7,7D,Ward 8,Gender Identity/Expression,,Threats,38.82480788,-77.0124074,2018,Wednesday,July
800 block of 7th ST NW,2018-07-06 04:00:00+00:00,0007,2018/07/06 04:00:00+00,2018,7,1D,Ward 2,Gender Identity/Expression,,Simple Assault,38.9003416,-77.0219152,2018,Friday,July
1300 block of Brentwood Rd NE,2018-08-15 04:00:00+00:00,0000,2018/08/15 04:00:00+00,2018,8,5D,Ward 5,Sexual Orientation,,Threats,38.92471508,-76.98623991,2018,Wednesday,August
1400 block of P St NW,2018-09-10 04:00:00+00:00,2255,2018/09/10 04:00:00+00,2018,9,2D,Ward 2,Ethnicity/National Origin,Latino/Hispanic,Simple Assault,38.90965158,-77.03325434,2018,Monday,September
3700 block of Benning Rd NE,2018-10-13 04:00:00+00:00,2239,2018/10/14 04:00:00+00,2018,10,6D,Ward 7,Sexual Orientation,,Damage/Defacing/Destruction of Property,38.89563884,-76.95196889,2018,Saturday,October
1300 block of 2nd St NE,2018-12-01 05:00:00+00:00,0438,2018/12/01 05:00:00+00,2018,12,5D,Ward 6,Gender Identity/Expression,,Threats,38.90782549,-77.00351418,2018,Saturday,December
Unit block of E St NE,2019-02-14 05:00:00+00:00,1952,2019/02/15 05:00:00+00,2019,2,1D,Ward 6,Ethnicity/National Origin,Non-European,Damage/Defacing/Destruction of Property,38.89638625,-77.00834991,2019,Thursday,February
500 block of New York Ave NE,2022-08-15 04:00:00+00:00,1302,2022/08/15 04:00:00+00,2022,8,5D,Ward 5,Race,Black,Simple Assault,38.91265961,-76.99372317,2022,Monday,August
3800 block of Beecher St NW,2019-04-03 04:00:00+00:00,1851,2019/04/30 04:00:00+00,2019,4,2D,Ward 3,Ethnicity/National Origin,Jewish,Threats,38.92172311,-77.07475002,2019,Wednesday,April
1800 block of M St NW,2019-04-23 04:00:00+00:00,1700,2019/04/26 04:00:00+00,2019,4,2D,Ward 2,Ethnicity/National Origin,Jewish,Damage/Defacing/Destruction of Property,38.90565389,-77.04256765,2019,Tuesday,April
2800 block of Georgia Ave NW,2017-03-12 05:00:00+00:00,1400,2017/03/12 05:00:00+00,2017,3,3D,Ward 1,Gender Identity/Expression,,Damage/Defacing/Destruction of Property,38.92639173,-77.022842,2017,Sunday,March
1400 block of Irving St NW,2017-05-01 04:00:00+00:00,0009,2017/05/01 04:00:00+00,2017,5,3D,Ward 1,Sexual Orientation,,Simple Assault,38.92874335,-77.03363933,2017,Monday,May
1800 block of Kendall St NE,2017-06-16 04:00:00+00:00,1824,2017/06/16 04:00:00+00,2017,6,5D,Ward 5,Race,Black,Simple Assault,38.91204777,-76.98639121,2017,Friday,June
6100 block of 16th St NW,2017-07-20 04:00:00+00:00,2138,2017/07/21 04:00:00+00,2017,7,4D,Ward 4,Ethnicity/National Origin,Black/African,Simple Assault,38.9651249,-77.03638449,2017,Thursday,July
1400 block of New York Ave NW,2017-08-27 04:00:00+00:00,0043,2017/08/30 04:00:00+00,2017,8,2D,Ward 2,Political Affiliation,,Threats,38.8990995,-77.03280663,2017,Sunday,August
1300 block of 2nd St NE,2019-12-29 05:00:00+00:00,1812,2019/12/29 05:00:00+00,2019,12,5D,Ward 6,Ethnicity/National Origin,Asian,Threats,38.90782549,-77.00351418,2019,Sunday,December
3700 block of Georgia Ave NW,2020-02-09 05:00:00+00:00,1720,2020/02/09 05:00:00+00,2020,2,4D,Ward 4,Gender Identity/Expression,,Threats,38.93696915,-77.02439858,2020,Sunday,February
5800 block of Colorado Ave NW,2020-06-20 04:00:00+00:00,2300,2020/06/20 04:00:00+00,2020,6,4D,Ward 4,Gender Identity/Expression,,Threats,38.96073418,-77.02902884,2020,Saturday,June
1800 block of R St NW,2020-08-26 04:00:00+00:00,1242,2020/08/26 04:00:00+00,2020,8,2D,Ward 2,Ethnicity/National Origin,Jewish,Threats,38.91260735,-77.04254828,2020,Wednesday,August
400 block of M St SE,2022-07-13 04:00:00+00:00,1200,2022/07/13 04:00:00+00,2022,7,1D,Ward 8,Sexual Orientation,,Threats,38.87647991,-77.00004965,2022,Wednesday,July
4200 block of 4th ST SE,2020-09-23 04:00:00+00:00,1921,2020/09/23 04:00:00+00,2020,9,7D,Ward 8,Gender Identity/Expression,,Threats,38.82802987,-77.00056581,2020,Wednesday,September
5800 block of 14th St NW,2020-09-30 04:00:00+00:00,1821,2020/09/30 04:00:00+00,2020,9,4D,Ward 4,Ethnicity/National Origin,Latino/Hispanic,Simple Assault,38.96061797,-77.03342569,2020,Wednesday,September
1600 block of 1st St NE,2020-11-27 05:00:00+00:00,1135,2020/11/27 05:00:00+00,2020,11,5D,Ward 5,Race,Black,Threats,38.91148761,-77.00654469,2020,Friday,November
1100 block of U St NW,2021-01-20 05:00:00+00:00,1809,2021/01/20 05:00:00+00,2021,1,3D,Ward 1,Sexual Orientation,,Simple Assault,38.91699891,-77.0275601,2021,Wednesday,January
300 block of Elm St NW,2021-04-15 04:00:00+00:00,1820,2021/04/15 04:00:00+00,2021,4,3D,Ward 1,Ethnicity/National Origin,Asian,Simple Assault,38.91742768,-77.01675733,2021,Thursday,April
1000 block of Quincy St NE,2021-06-24 04:00:00+00:00,2005,2021/06/24 04:00:00+00,2021,6,5D,Ward 5,Sexual Orientation,,Simple Assault,38.93724531,-76.99126375,2021,Thursday,June
2100 block of 18th St NW,2021-07-30 04:00:00+00:00,1741,2021/07/31 04:00:00+00,2021,7,3D,Ward 1,Race,Asian,Simple Assault,38.9182812,-77.04168083,2021,Friday,July
1100 block of South Capitol St SW,2021-09-09 04:00:00+00:00,0140,2021/09/09 04:00:00+00,2021,9,1D,Ward 6,Sexual Orientation,,Simple Assault,38.87652596,-77.00909794,2021,Thursday,September
1600 block of U St SE,2021-11-10 05:00:00+00:00,2050,2021/11/10 05:00:00+00,2021,11,7D,Ward 8,Race,Black,Damage/Defacing/Destruction of Property,38.86511102,-76.98098813,2021,Wednesday,November
5500 block of 5th St NW,2021-12-19 05:00:00+00:00,2107,2021/12/19 05:00:00+00,2021,12,4D,Ward 4,Sexual Orientation,,ADW,38.9569846,-77.0199123,2021,Sunday,December
2600 block of Mozart Pl NW,2022-03-07 05:00:00+00:00,1810,2022/03/07 05:00:00+00,2022,3,3D,Ward 1,Sexual Orientation,,Simple Assault,38.9251808,-77.03787991,2022,Monday,March
Unit block of Adams St NW,2022-04-28 04:00:00+00:00,1801,2022/04/28 04:00:00+00,2022,4,3D,Ward 5,Sexual Orientation,,Threats,38.9202308,-77.0105958,2022,Thursday,April
1300 block of South Capitol St SW,2019-06-29 04:00:00+00:00,2229,2019/06/30 04:00:00+00,2019,6,1D,Ward 6/Ward 8,Race,Black,Simple Assault,38.87380818,-77.00908285,2019,Saturday,June
1100 block of 1st St NE,2019-08-24 04:00:00+00:00,2220,2019/08/24 04:00:00+00,2019,8,5D,Ward 6,Race,White,Simple Assault,38.90420989,-77.00588572,2019,Saturday,August
3000 block of Bladensburg Rd NE,2019-09-15 04:00:00+00:00,2109,2019/09/15 04:00:00+00,2019,9,5D,Ward 5,Sexual Orientation,,Threats,38.92806087,-76.96163268,2019,Sunday,September
1200 block of U St NW,2019-09-25 04:00:00+00:00,1557,2019/09/25 04:00:00+00,2019,9,3D,Ward 1,Gender Identity/Expression,,Simple Assault,38.91699977,-77.02885249,2019,Wednesday,September
5600 block of Colorado Ave NW,2019-10-20 04:00:00+00:00,2040,2019/10/20 04:00:00+00,2019,10,4D,Ward 4,Sexual Orientation,,ADW,38.95781646,-77.03192577,2019,Sunday,October
600 block of 7th St NW,2023-05-30 04:00:00+00:00,1937,2023/06/01 04:00:00+00,2023,6,1D,Ward 2,Sexual Orientation,,Damage/Defacing/Destruction of Property,38.89786097,-77.02191674,2023,Tuesday,May
Unit block of Florida Ave NE,2023-08-17 04:00:00+00:00,1705,2023/08/17 04:00:00+00,2023,8,5D,Ward 5,Sexual Orientation,,Simple Assault,38.91057539,-77.00855496,2023,Thursday,August
1400 block of Okie St NE,2023-09-19 04:00:00+00:00,0528,2023/09/19 04:00:00+00,2023,9,5D,Ward 5,Gender Identity/Expression,,Threats,38.91475717,-76.98392764,2023,Tuesday,September
2400 block of P St NW,2023-10-30 04:00:00+00:00,1707,2023/10/31 04:00:00+00,2023,10,2D,Ward 2,Ethnicity/National Origin,Israeli,Damage/Defacing/Destruction of Property,38.90964633,-77.05207078,2023,Monday,October
1300 block of 9th St NW,2023-11-14 05:00:00+00:00,0910,2023/11/14 05:00:00+00,2023,11,2D,Ward 2,Sexual Orientation,,Threats,38.90790884,-77.02396643,2023,Tuesday,November
3300 block of Water St NW,2017-09-24 04:00:00+00:00,1843,2017/09/24 04:00:00+00,2017,9,2D,Ward 2,Race,Black,Threats,38.90369643,-77.06688382,2017,Sunday,September
14th ST NW and Meridian Pl NW,2014-08-19 04:00:00+00:00,1215-1230,2014/08/19 04:00:00+00,2014,8,4D,Ward 1,Sexual Orientation,,Simple Assault,38.93316597,-77.03273142,2014,Tuesday,August
1100 block of U St NW,2015-12-17 05:00:00+00:00,2328-2335,2015/12/18 05:00:00+00,2015,12,3D,Ward 1,Sexual Orientation,,Simple Assault,38.91699891,-77.0275601,2015,Thursday,December
800 block of 7th St NW,2018-01-21 05:00:00+00:00,0222,2018/01/21 05:00:00+00,2018,1,1D,Ward 2,Race,Black,Displaying Symbols,38.9003416,-77.0219152,2018,Sunday,January
1300 block of New York Ave NW,2018-08-12 04:00:00+00:00,1700,2018/08/12 04:00:00+00,2018,8,2D,Ward 2,Political Affiliation,,Simple Assault,38.89967694,-77.03114039,2018,Sunday,August
1400 block of P St NW,2019-02-26 05:00:00+00:00,0532,2019/02/26 05:00:00+00,2019,2,2D,Ward 2,Ethnicity/National Origin,Latino/Hispanic,Threats,38.90965158,-77.03325434,2019,Tuesday,February
1300 block of New Hampshire Ave NW,2020-07-28 04:00:00+00:00,2030,2020/08/02 04:00:00+00,2020,8,2D,Ward 2,Race,White,Threats,38.90765101,-77.04530051,2020,Tuesday,July
2000 block of Wyoming Ave NW,2020-09-18 04:00:00+00:00,2202,2020/09/18 04:00:00+00,2020,9,3D,Ward 1,Ethnicity/National Origin,Jewish,Threats,38.9179723,-77.04646975,2020,Friday,September
3100 block of Georgia Ave NW,2021-06-12 04:00:00+00:00,0300,2021/06/13 04:00:00+00,2021,6,4D,Ward 1,Ethnicity/National Origin,Ethiopian,ADW,38.92952942,-77.02329798,2021,Saturday,June
Unit block of Galveston St SW,2021-10-30 04:00:00+00:00,2330,2021/10/31 04:00:00+00,2021,10,7D,Ward 8,Sexual Orientation,,Simple Assault,38.82360132,-77.00888996,2021,Saturday,October
1100 block of 16th St NE,2019-08-21 04:00:00+00:00,2216,2019/08/22 04:00:00+00,2019,8,5D,Ward 5,Sexual Orientation,,Threats,38.90457838,-76.98154333,2019,Wednesday,August
2700 block of Martin Luther King Jr Ave SE,2023-08-23 04:00:00+00:00,1700,2023/08/23 04:00:00+00,2023,8,7D,Ward 8,Sexual Orientation,,Threats,38.8506799,-76.99591886,2023,Wednesday,August
3700 block of 14th St NW,2023-05-13 04:00:00+00:00,0335,2023/05/17 04:00:00+00,2023,5,4D,Ward 4,Ethnicity/National Origin,Hispanic,ADW,38.93734348,-77.03273011,2023,Saturday,May
1800 block of Minnesota Ave SE,2022-09-30 04:00:00+00:00,1849,2022/09/30 04:00:00+00,2022,9,6D,Ward 8,Gender Identity/Expression,,Threats,38.86981921,-76.97804785,2022,Friday,September
2800 block of Pennsylvania Ave NW,2023-01-07 05:00:00+00:00,0630,2023/01/07 05:00:00+00,2023,1,2D,Ward 2,Religion,Catholic,10-89/Bomb Threat,38.90508939,-77.05757821,2023,Saturday,January
2900 block of Benton Pl NW,2023-03-13 04:00:00+00:00,1220,2023/03/13 04:00:00+00,2023,3,2D,Ward 3,Ethnicity/National Origin,Jewish,Damage/Defacing/Destruction of Property,38.91964952,-77.05859689,2023,Monday,March
200 block of Q St NW,2019-05-28 04:00:00+00:00,1600,2019/05/28 04:00:00+00,2019,5,3D,Ward 5,Sexual Orientation,,Threats,38.9111208,-77.01367272,2019,Tuesday,May
2100 block M St NW,2024-04-13 04:00:00+00:00,1440,2024/04/13 04:00:00+00,2024,4,2D,Ward 2,Race,Black,Threats,38.90546615,-77.04706204,2024,Saturday,April
5th St NW and I St NW,2024-04-15 04:00:00+00:00,1408,2024/04/15 04:00:00+00,2024,4,1D,Ward 2/Ward 6,Ethnicity/National Origin,African,Threats,38.90132196,-77.01892688,2024,Monday,April
1200 block New York Ave NW,2024-04-16 04:00:00+00:00,1814,2024/04/16 04:00:00+00,2024,4,2D,Ward 2,Race,White,ADW,38.90048017,-77.02885342,2024,Tuesday,April
600 block F St NW,2024-04-08 04:00:00+00:00,0243,2024/04/17 04:00:00+00,2024,4,1D,Ward 2,Ethnicity/National Origin,Non-Palestinian,Threats,38.89734272,-77.02091678,2024,Monday,April
900 block U St NW,2024-04-20 04:00:00+00:00,1200,2024/04/22 04:00:00+00,2024,4,3D,Ward 1,Gender Identity/Expression,,Threats,38.91699641,-77.02463447,2024,Saturday,April
2400 block Virginia Ave NW,2024-04-28 04:00:00+00:00,0000,2024/04/28 04:00:00+00,2024,4,2D,Ward 2,Race,White,Simple Assault,38.89804837,-77.05179937,2024,Sunday,April
3600 block 16th St NW,2024-04-28 04:00:00+00:00,1200,2024/04/29 04:00:00+00,2024,4,3D,Ward 1,Ethnicity/National Origin,Palestinian,Threats,38.93711429,-77.03644805,2024,Sunday,April
1100 block O St NW,2024-04-30 04:00:00+00:00,0730,2024/04/30 04:00:00+00,2024,4,3D,Ward 2,Ethnicity/National Origin,Israeli,Damage/Defacing/Destruction of Property,38.90857422,-77.0275618,2024,Tuesday,April
3100 block 14th St NW,2024-04-30 04:00:00+00:00,0105,2024/04/30 04:00:00+00,2024,4,3D,Ward 1,Gender Identity/Expression,,Simple Assault,38.92951689,-77.03272986,2024,Tuesday,April
1300 block N St NW,2024-04-30 04:00:00+00:00,1216,2024/04/30 04:00:00+00,2024,4,3D,Ward 2,Race,White,Simple Assault,38.90724129,-77.03032084,2024,Tuesday,April
2100 block 19th St NW,2024-05-02 04:00:00+00:00,1530,2024/05/02 04:00:00+00,2024,5,3D,Ward 1,Sexual Orientation,,Threats,38.91825604,-77.04444691,2024,Thursday,May
2300 block Washington Pl NE,2024-05-04 04:00:00+00:00,1520,2024/05/04 04:00:00+00,2024,5,5D,Ward 5,Gender Identity/Expression,,Sexual Assault,38.92158471,-76.99375559,2024,Saturday,May
1200 block U St NW,2024-05-05 04:00:00+00:00,2134,2024/05/05 04:00:00+00,2024,5,3D,Ward 1,Sexual Orientation,,Simple Assault,38.91699977,-77.02885249,2024,Sunday,May
1200 block Neal St NE,2024-05-06 04:00:00+00:00,1834,2024/05/06 04:00:00+00,2024,5,5D,Ward 5,Gender Identity/Expression,,Simple Assault,38.90396669,-76.98752799,2024,Monday,May
1100 block 4th ST SW,2024-05-08 04:00:00+00:00,1621,2024/05/08 04:00:00+00,2024,5,1D,Ward 6,Race,Black,Simple Assault,38.87555804,-77.01755638,2024,Wednesday,May
1900 block F St NW,2024-05-02 04:00:00+00:00,1642,2024/05/02 04:00:00+00,2024,5,2D,Ward 2,Religion,Muslim,Threats,38.89735155,-77.04418869,2024,Thursday,May
3900 block 14th St NW,2024-05-09 04:00:00+00:00,1600,2024/05/09 04:00:00+00,2024,5,4D,Ward 4,Ethnicity/National Origin,Hispanic,Threats,38.93920946,-77.03272935,2024,Thursday,May
1300 block F St NW,2024-05-14 04:00:00+00:00,1451,2024/05/14 04:00:00+00,2024,5,2D,Ward 2,Race,Black,Simple Assault,38.89734639,-77.03079112,2024,Tuesday,May
1500 block Maryland Ave NE,2024-05-15 04:00:00+00:00,2225,2024/05/16 04:00:00+00,2024,5,5D,Ward 5,Gender Identity/Expression,,ADW,38.90074304,-76.9819168,2024,Wednesday,May
Unit block Mississippi Ave SE,2024-05-17 04:00:00+00:00,1735,2024/05/17 04:00:00+00,2024,5,7D,Ward 8,Gender Identity/Expression,,Robbery,,,2024,Friday,May
3700 block Georgia Ave NW,2024-05-18 04:00:00+00:00,1253,2024/05/18 04:00:00+00,2024,5,4D,Ward 4,Race,White,Simple Assault,38.93696915,-77.02439858,2024,Saturday,May
1700 block F St NE,2024-06-27 04:00:00+00:00,2055,2024/06/24 04:00:00+00,2024,6,5D,Ward 7,Sexual Orientation,,Threats,38.89659136,-76.97923595,2024,Thursday,June
1500 block 16th St NW,2024-07-24 04:00:00+00:00,1502,2024/08/01 04:00:00+00,2024,8,2D,Ward 2,Ethnicity/National Origin,Jewish,Threats,38.91001273,-77.03652298,2024,Wednesday,July
3900 block 37th St NW,2024-05-24 04:00:00+00:00,1400,2024/05/28 04:00:00+00,2024,5,2D,Ward 3,Race,Black,Damage/Defacing/Destruction of Property,38.93969058,-77.0724181,2024,Friday,May
600 block I St NW,2024-05-16 04:00:00+00:00,1847,2024/05/29 04:00:00+00,2024,5,1D,Ward 2,Ethnicity/National Origin,Jewish,Threats,38.90086787,-77.02090986,2024,Thursday,May
900 block 23rd St NW,2024-06-29 04:00:00+00:00,0704,2024/06/29 04:00:00+00,2024,6,2D,Ward 2,Race,White,Stalking,38.90134256,-77.05012426,2024,Saturday,June
Piney Branch Rd NW & Van Buren St NW,2024-06-21 04:00:00+00:00,2113,2024/06/22 04:00:00+00,2024,6,4D,Ward 4,Sexual Orientation,,Sexual Assault,38.96992407,-77.02540595,2024,Friday,June
1500 block 20th St NW,2024-06-22 04:00:00+00:00,0120,2024/06/22 04:00:00+00,2024,6,2D,Ward 2,Race,Black,Simple Assault,38.90989217,-77.04488698,2024,Saturday,June
1700 block E St NE,2024-06-13 04:00:00+00:00,2025,2024/06/13 04:00:00+00,2024,6,5D,Ward 7,Race; Sexual Orientation,White,Simple Assault,38.89611402,-76.97985051,2024,Thursday,June
800 block 23rd St NW,2024-07-10 04:00:00+00:00,0825,2024/07/10 04:00:00+00,2024,7,2D,Ward 2,Religion,Jewish,Simple Assault,38.900136,-77.050132,2024,Wednesday,July
800 block V St NW,2024-08-03 04:00:00+00:00,2047,2024/08/03 04:00:00+00,2024,8,3D,Ward 1,Sexual Orientation,,Threats,38.91776245,-77.02344588,2024,Saturday,August
4200 block Garrison St NW,2024-08-03 04:00:00+00:00,2210,2024/08/04 04:00:00+00,2024,8,2D,Ward 3,Race,Black,Threats,38.955955,-77.08264797,2024,Saturday,August
 200 block H St NW,2024-08-05 04:00:00+00:00,1145,2024/08/05 04:00:00+00,2024,8,1D,Ward 6,Ethnicity/National Origin,Israeli,Damage/Defacing/Destruction of Property,38.9002253,-77.01442689,2024,Monday,August
E St SE & South Capitol St SE,2024-08-06 04:00:00+00:00,2157,2024/08/07 04:00:00+00,2024,8,1D,Ward 6,Ethnicity/National Origin,Mexican,Threats,38.8832023,-77.00906754,2024,Tuesday,August
400 block 7th St SE,2024-08-06 04:00:00+00:00,1100,2024/08/07 04:00:00+00,2024,8,1D,Ward 6,Sexual Orientation; Gender Identity/Expression,,Threats,38.88324841,-76.99617826,2024,Tuesday,August
1000 block 15th St NW,2024-08-08 04:00:00+00:00,0426,2024/08/08 04:00:00+00,2024,8,2D,Ward 2,Ethnicity/National Origin,African,Threats,38.90312735,-77.03457607,2024,Thursday,August
14th St SW & Jefferson Dr SW,2024-08-10 04:00:00+00:00,1047,2024/08/10 04:00:00+00,2024,8,2D,Ward 2,Race,Black,Threats,38.88860732,-77.03197245,2024,Saturday,August
1400 block Irving St NW,2024-08-10 04:00:00+00:00,2302,2024/08/11 04:00:00+00,2024,8,3D,Ward 1,Ethnicity/National Origin,Guatemalan,ADW,38.92874335,-77.03363933,2024,Saturday,August
15th St NW & I St NW,2024-07-27 04:00:00+00:00,2200,2024/08/12 04:00:00+00,2024,8,2D,Ward 2,Race,Black,Threats,38.90133553,-77.03459295,2024,Saturday,July
1300 block South Capitol St SW,2024-08-12 04:00:00+00:00,1804,2024/08/12 04:00:00+00,2024,8,1D,Ward 6/Ward 8,Race,Black,ADW,38.87380818,-77.00908285,2024,Monday,August
400 block North Capitol St NW,2024-08-13 04:00:00+00:00,1300,2024/08/13 04:00:00+00,2024,8,1D,Ward 6,Race,Black,Simple Assault,38.89561427,-77.00905853,2024,Tuesday,August
1200 block of Wisconsin Ave NW,2022-11-22 05:00:00+00:00,1845,2022/11/22 05:00:00+00,2022,11,2D,Ward 2,Ethnicity/National Origin,Indian,Threats,38.90560134,-77.06282229,2022,Tuesday,November
3200 block of 23rd St SE,2022-11-24 05:00:00+00:00,1027,2022/11/24 05:00:00+00,2022,11,7D,Ward 8,Gender Identity/Expression,,Simple Assault,38.85053448,-76.97305599,2022,Thursday,November
3600 block of Winfield Ln NW,2022-11-24 05:00:00+00:00,2356,2022/11/25 05:00:00+00,2022,11,2D,Ward 2,Sexual Orientation,,Damage/Defacing/Destruction of Property,38.91180702,-77.0714246,2022,Thursday,November
7400 block of Georgia Ave NW,2022-11-26 05:00:00+00:00,1549,2022/11/26 05:00:00+00,2022,11,4D,Ward 4,Sexual Orientation,,Simple Assault,38.98041706,-77.02649214,2022,Saturday,November
1200 block of New York Ave NW,2022-12-02 05:00:00+00:00,0912,2022/12/02 05:00:00+00,2022,12,2D,Ward 2,Sexual Orientation,,Threats,38.90048017,-77.02885342,2022,Friday,December
100 block of Q St NE,2022-12-10 05:00:00+00:00,0008,2022/12/10 05:00:00+00,2022,12,5D,Ward 5,Gender Identity/Expression,,Threats,38.91111435,-77.00566814,2022,Saturday,December
Massachusetts Avenue Bridge (Rock Creek Park),2022-12-17 05:00:00+00:00,0005,2022/12/20 05:00:00+00,2022,12,2D,Ward 2,Ethnicity/National Origin,Jewish,Damage/Defacing/Destruction of Property,38.91763634,-77.05816478,2022,Saturday,December
700 block of 8th St SE,2022-12-18 05:00:00+00:00,2139,2022/12/19 05:00:00+00,2022,12,1D,Ward 6,Sexual Orientation; Gender Identity/Expression,,Threats,38.88027577,-76.9949766,2022,Sunday,December
Unit block of Galveston St SW,2022-12-18 05:00:00+00:00,0034,2022/12/18 05:00:00+00,2022,12,7D,Ward 8,Sexual Orientation,,Threats,38.82360132,-77.00888996,2022,Sunday,December
1600 block of Q St NW,2022-12-20 05:00:00+00:00,1314,2022/12/20 05:00:00+00,2022,12,2D,Ward 2,Sexual Orientation,,Threats,38.91112694,-77.0375021,2022,Tuesday,December
3700 block of Georgia Ave NW,2022-12-29 05:00:00+00:00,1505,2022/12/29 05:00:00+00,2022,12,4D,Ward 4,Sexual Orientation,,Threats,38.93696915,-77.02439858,2022,Thursday,December
1900 block of Connecticut Ave NW,2023-01-08 05:00:00+00:00,1648,2023/01/08 05:00:00+00,2023,1,3D,Ward 1/Ward 2,Ethnicity/National Origin,Israeli,Threats,38.91638366,-77.04651899,2023,Sunday,January
5500 block of Connecticut Ave NW,2023-01-09 05:00:00+00:00,1145,2023/01/09 05:00:00+00,2023,1,2D,Ward 3,Race,Black,Threats,38.96354534,-77.07478453,2023,Monday,January
16th St NW and Corcoran St NW,2023-01-09 05:00:00+00:00,1116,2023/01/10 05:00:00+00,2023,1,3D,Ward 2,Ethnicity/National Origin,Jewish,Displaying Symbols,38.91186936,-77.03651494,2023,Monday,January
1900 block of Wyoming Ave NW,2023-01-10 05:00:00+00:00,2010,2023/01/10 05:00:00+00,2023,1,3D,Ward 1,Sexual Orientation,,Threats,38.91854376,-77.04492713,2023,Tuesday,January
3400 block of D St SE,2023-01-17 05:00:00+00:00,1144,2023/01/14 05:00:00+00,2023,1,6D,Ward 7,Race,White,Threats,38.88442038,-76.95723317,2023,Tuesday,January
2700 block of Martin Luther King Jr Ave SE,2023-01-19 05:00:00+00:00,0333,2023/01/19 05:00:00+00,2023,1,7D,Ward 8,Sexual Orientation; Gender Identity/Expression,,Simple Assault,38.8506799,-76.99591886,2023,Thursday,January
400 block of 15th St NE,2023-01-27 05:00:00+00:00,1720,2023/01/27 05:00:00+00,2023,1,5D,Ward 6/Ward 7,Race,White,ADW,38.8950891,-76.983647,2023,Friday,January
5900 block of Georgia Ave NW,2023-02-07 05:00:00+00:00,1848,2023/02/07 05:00:00+00,2023,2,4D,Ward 4,Ethnicity/National Origin,Hispanic,Threats,38.96197956,-77.02794983,2023,Tuesday,February
4600 block of Martin Luther King Jr Ave SW,2023-02-11 05:00:00+00:00,0545,2023/02/11 05:00:00+00,2023,2,7D,Ward 8,Sexual Orientation,,ADW,38.82480788,-77.0124074,2023,Saturday,February
700 block of 7th St NW,2023-02-16 05:00:00+00:00,0000,2023/02/16 05:00:00+00,2023,2,1D,Ward 2,Sexual Orientation,,Damage/Defacing/Destruction of Property,38.89912971,-77.02191656,2023,Thursday,February
2300 block of Pennsylvania Ave SE,2023-02-17 05:00:00+00:00,0156,2023/02/17 05:00:00+00,2023,2,6D,Ward 7,Religion; Ethnicity/National Origin,Jewish; Hispanic,ADW,38.87411981,-76.97206695,2023,Friday,February
1100 block of F St NW,2023-02-22 05:00:00+00:00,0006,2023/02/22 05:00:00+00,2023,2,2D,Ward 2,Ethnicity/National Origin,Mexican,Simple Assault,38.89734864,-77.02756208,2023,Wednesday,February
2400 block of Virginia Ave NW,2023-02-25 05:00:00+00:00,0900,2023/02/25 05:00:00+00,2023,2,2D,Ward 2,Race,Black,Simple Assault,38.89804837,-77.05179937,2023,Saturday,February
Unit block of Thomas Cir NW,2023-02-28 05:00:00+00:00,2109,2023/02/28 05:00:00+00,2023,2,3D,Ward 2,Ethnicity/National Origin,Hispanic,Simple Assault,38.90543809,-77.03234181,2023,Tuesday,February
3200 block of M St NW,2023-03-04 05:00:00+00:00,1518,2023/03/04 05:00:00+00,2023,3,2D,Ward 2,Disability,,Simple Assault,38.90515109,-77.0639959,2023,Saturday,March
1500 block of Tubman Rd SE,2023-03-08 05:00:00+00:00,2236,2023/03/08 05:00:00+00,2023,3,7D,Ward 8,Gender Identity/Expression,,Threats,38.84833278,-76.98172295,2023,Wednesday,March
1600 block of North Capitol St NW,2023-03-09 05:00:00+00:00,1015,2023/03/09 05:00:00+00,2023,3,3D,Ward 5,Disability; Sexual Orientation,,Simple Assault,38.91148726,-77.0090504,2023,Thursday,March
900 block of Division Ave NE,2023-03-12 05:00:00+00:00,0056,2023/03/12 05:00:00+00,2023,3,6D,Ward 7,Gender Identity/Expression,,ADW,38.90193473,-76.92436576,2023,Sunday,March
2600 block of Jasper St SE,2023-03-12 05:00:00+00:00,1136,2023/03/12 05:00:00+00,2023,3,7D,Ward 8,Sexual Orientation,,Simple Assault,38.85174695,-76.96923719,2023,Sunday,March
4000 block of 3rd St SE,2023-03-13 04:00:00+00:00,2355,2023/03/14 04:00:00+00,2023,3,7D,Ward 8,Sexual Orientation,,ADW,38.82870413,-77.00207477,2023,Monday,March
2000 block of Wisconsin Ave NW,2023-03-15 04:00:00+00:00,1000,2023/03/15 04:00:00+00,2023,3,2D,Ward 2,Sexual Orientation; Ethnicity/National Origin,Jewish,Displaying Symbols,38.91622593,-77.06816488,2023,Wednesday,March
1500 block of 17th St NW,2023-03-21 04:00:00+00:00,0200,2023/03/21 04:00:00+00,2023,3,2D,Ward 2,Gender Identity/Expression,,Simple Assault,38.910014,-77.03848801,2023,Tuesday,March
1300 block of Wisconsin Ave NW,2023-03-22 04:00:00+00:00,1730,2023/03/29 04:00:00+00,2023,3,2D,Ward 2,Ethnicity/National Origin,Asian,Simple Assault,38.90721694,-77.06324142,2023,Wednesday,March
400 block of K St NW,2023-03-27 04:00:00+00:00,2130,2023/03/27 04:00:00+00,2023,3,1D,Ward 6,Race,Black,Simple Assault,38.90252002,-77.01691684,2023,Monday,March
3300 block of Mount Pleasant St NW,2023-03-30 04:00:00+00:00,1026,2023/03/30 04:00:00+00,2023,3,3D,Ward 1,Sexual Orientation,,Simple Assault,38.93334408,-77.03992812,2023,Thursday,March
2000 block of K St NW,2023-04-03 04:00:00+00:00,0530,2023/04/03 04:00:00+00,2023,4,2D,Ward 2,Sex/Gender,Female,Stalking,38.90252435,-77.04577316,2023,Monday,April
2600 block of Connecticut Ave NW,2023-04-04 04:00:00+00:00,1818,2023/04/04 04:00:00+00,2023,4,2D,Ward 3,Ethnicity/National Origin,Mexican,Threats,38.92419981,-77.05190312,2023,Tuesday,April
300 block of K St NW,2023-04-17 04:00:00+00:00,1048,2023/04/17 04:00:00+00,2023,4,1D,Ward 6,Sexual Orientation,,Sex Abuse,38.90252019,-77.01567671,2023,Monday,April
2900 block of M St NW,2023-04-19 04:00:00+00:00,1032,2023/04/19 04:00:00+00,2023,4,2D,Ward 2,Race,Black,ADW,38.90522579,-77.05863842,2023,Wednesday,April
1400 block of 11th St NW,2023-04-22 04:00:00+00:00,0633,2023/04/22 04:00:00+00,2023,4,3D,Ward 2,Sexual Orientation,,Simple Assault,38.90911016,-77.02703603,2023,Saturday,April
2400 block of Wisconsin Ave NW,2023-04-27 04:00:00+00:00,2052,2023/04/27 04:00:00+00,2023,4,2D,Ward 3,Race,Black,Simple Assault,38.92151171,-77.07228432,2023,Thursday,April
1800 block of Virginia Ave NW,2023-05-11 04:00:00+00:00,1100,2023/05/15 04:00:00+00,2023,5,2D,Ward 2,Ethnicity/National Origin,Jewish,Displaying Symbols,38.89307442,-77.04261329,2023,Thursday,May
1500 block of 17th St NW,2023-05-14 04:00:00+00:00,1811,2023/05/14 04:00:00+00,2023,5,2D,Ward 2,Sexual Orientation,,Simple Assault,38.910014,-77.03848801,2023,Sunday,May
3500 block of New Hampshire Ave NW,2023-05-17 04:00:00+00:00,1510,2023/05/17 04:00:00+00,2023,5,4D,Ward 1,Ethnicity/National Origin,Hispanic,Threats,38.93311507,-77.0267087,2023,Wednesday,May
Southern Ave SE and Wheeler Rd SE,2023-05-17 04:00:00+00:00,1539,2023/05/17 04:00:00+00,2023,5,7D,Ward 8,Sexual Orientation,,Simple Assault,38.83210885,-76.98732609,2023,Wednesday,May
2700 block of Wisconsin Ave NW,2023-05-19 04:00:00+00:00,1300,2023/05/19 04:00:00+00,2023,5,2D,Ward 3,Race,White,Threats,38.92543914,-77.07318829,2023,Friday,May
