X,Y,CCN,ADDRESS,DATE_OF_OFFENSE,TIME_OF_OFFENSE,DATE_OFFENSE_RECORDED,REPORT_YEAR,MONTH,POLICE_DISTRICT,WARD,TYPE_OF_HATE_BIAS,TARGETED_GROUP,TOP_OFFENSE_TYPE,MAR_ID,MAR_XCOORD,MAR_YCOORD,MAR_LATITUDE,MAR_LONGITUDE,CREATED_USER,CREATED_DATE,LAST_EDITED_USER,LAST_EDITED_DATE,OBJECTID,SE_ANNO_CAD_DATA
-8573291.18819707,4708949.54000376,13005668,3rd St NW and Q St NW,2013/01/13 05:00:00+00,1808-1809,2013/01/13 05:00:00+00,2013,1,5D,Ward 5,Sexual Orientation,,Simple Assault,901240,398683.19001273,138139.95001363,38.91112116,-77.01518281,,,MPD,2024/02/16 21:02:52+00,7399,
-8574028.39538663,4717080.44288194,13016960,600 block of Tewkesbury Pl NW,2013/02/05 05:00:00+00,2200,2013/02/07 05:00:00+00,2013,2,4D,Ward 4,Religion,Jewish,Damage/Defacing/Destruction of Property,803021,398110.33,144446.71,38.96793325,-77.02180525,,,MPD,2024/02/16 21:02:52+00,7400,
-8574159.30692266,4707779.62538352,13017988,800 block of Mt Vernon Pl NW,2013/02/09 05:00:00+00,1400-1405,2013/02/09 05:00:00+00,2013,2,3D,Ward 2,Sexual Orientation,,Simple Assault,813971,398006.6,137232.25,38.90294301,-77.02298125,,,MPD,2024/02/16 21:02:52+00,7401,
-8572501.63192,4698018.16003319,13024055,3800 block of South Capitol St SE,2013/02/22 05:00:00+00,1440-1448,2013/02/22 05:00:00+00,2013,2,7D,Ward 8,Gender Identity/Expression,,ADW,811674,399297.59,129653.21,38.83466991,-77.00809011,,,MPD,2024/02/16 21:02:52+00,7402,
-8575301.47460167,4709790.15487355,13027781,1400 block of U St NW,2013/03/03 05:00:00+00,0159-0200,2013/03/03 05:00:00+00,2013,3,3D,Ward 1/Ward 2,Sexual Orientation,,Simple Assault,802845,397117.19,138792.61,38.9169968,-77.03324151,,,MPD,2024/10/08 19:02:29+00,7403,
-8576015.21725312,4710886.08619544,13031810,1700 block of Columbia Rd NW,2013/03/11 04:00:00+00,2034,2013/03/11 04:00:00+00,2013,3,3D,Ward 1,Sexual Orientation,,Threats,800952,396561.52,139643.1,38.92465629,-77.03965317,,,MPD,2024/02/16 21:02:52+00,7404,
-8567953.46039967,4702732.42187751,13032136,2800 block of Texas Ave SE Apt B5,2013/03/12 04:00:00+00,1400,2013/03/12 04:00:00+00,2013,3,6D,Ward 7,Sexual Orientation,,Threats,801310,402843.60777659,133314.74866515,38.86765032,-76.9672332,,,MPD,2024/02/16 21:02:52+00,7405,
-8573361.90150248,4709719.59810891,13033386,1900 block of 3rd St NW,2013/03/14 04:00:00+00,2249-2250,2013/03/14 04:00:00+00,2013,3,3D,Ward 1,Sexual Orientation,,Simple Assault,805459,398628.2,138737.46,38.91650365,-77.01581803,,,MPD,2024/02/16 21:02:52+00,7406,
-8570973.11847618,4707387.56982497,13036237,800 block of H St NE,2013/03/20 04:00:00+00,1737,2013/03/20 04:00:00+00,2013,3,1D,Ward 6,Gender Identity/Expression,,Simple Assault,812904,400489.3,136927.76,38.90020218,-76.99435924,,,MPD,2024/02/16 21:02:52+00,7407,
-8574267.73757176,4709789.20412104,13037458,9th St NW and U St NW,2013/03/23 04:00:00+00,0210-0215,2013/03/23 04:00:00+00,2013,3,3D,Ward 1,Sexual Orientation,,Simple Assault,900954,397922.51999603,138791.61999823,38.91699015,-77.0239553,,,MPD,2024/02/16 21:02:52+00,7408,
-8576015.21725312,4710886.08619544,13044090,1700 block of Columbia Rd NW,2013/04/06 04:00:00+00,0124,2013/04/06 04:00:00+00,2013,4,3D,Ward 1,Race,Asian,Simple Assault,800952,396561.52,139643.1,38.92465629,-77.03965317,,,MPD,2024/02/16 21:02:52+00,7409,
-8565048.79615994,4705090.03405513,13046481,4400 block of Texas Ave SE,2013/04/10 04:00:00+00,1904,2013/04/10 04:00:00+00,2013,4,6D,Ward 7,Ethnicity/National Origin,Latino/Hispanic,ADW,804930,405106.86461069,135146.15903485,38.88413816,-76.94114016,,,MPD,2024/02/16 21:02:52+00,7410,
-8570910.42005741,4701853.4363883,13046217,Howard Rd SE and Martin Luther King Jr Ave SE,2013/04/10 04:00:00+00,1044,2013/04/10 04:00:00+00,2013,4,7D,Ward 8,Sexual Orientation,,Simple Assault,902586,400538.44825445,132631.77064851,38.86150221,-76.99379601,,,MPD,2024/02/16 21:02:52+00,7411,
-8575157.72457083,4708508.54481077,13053916,1300 block of 14th St NW,2013/04/25 04:00:00+00,5300,2013/04/25 04:00:00+00,2013,4,3D,Ward 2,Sexual Orientation,,Robbery,802156,397228.83,137798.13,38.90803854,-77.03195018,,,MPD,2024/02/16 21:02:52+00,7412,
-8574611.06058182,4708867.52803542,13059479,11th St NW and Rhode Island Ave NW,2013/05/03 04:00:00+00,1800,2013/05/05 04:00:00+00,2013,5,3D,Ward 2,Sexual Orientation,,Damage/Defacing/Destruction of Property,906102,397654.84319578,138076.55081357,38.9105479,-77.02703942,,,MPD,2024/02/16 21:02:52+00,7413,
-8569367.71147791,4707579.90641469,13064348,1600 block of Maryland Ave NE,2013/05/12 04:00:00+00,1800-1900,2013/05/14 04:00:00+00,2013,5,5D,Ward 5,Sexual Orientation,,Simple Assault,809645,401740.25,137077.2,38.9015468,-76.97993763,,,MPD,2024/02/16 21:02:52+00,7414,
-8569420.26667141,4706848.04391818,13067771,500 block of 17th St NE,2013/05/21 04:00:00+00,0115-0118,2013/05/21 04:00:00+00,2013,5,5D,Ward 7,Race,White,Simple Assault,802353,401699.42,136509.21,38.89643022,-76.98040974,,,MPD,2024/02/16 21:02:52+00,7415,
-8575949.39751198,4709406.68881085,13073757,1800 block of New Hampshire Ave NW,2013/06/01 04:00:00+00,0215,2013/06/01 04:00:00+00,2013,6,3D,Ward 2,Sexual Orientation,,Robbery,813547,396612.3,138495.28,38.91431655,-77.0390619,,,MPD,2024/02/16 21:02:52+00,7416,
-8563993.71475862,4708483.81068031,13075701,1300 block of 49th St NE,2013/06/04 04:00:00+00,1800,2013/06/04 04:00:00+00,2013,6,6D,Ward 7,Sexual Orientation,,Simple Assault,801552,405927.23,137780.67,38.90786564,-76.93166221,,,MPD,2024/02/16 21:02:52+00,7417,
-8563365.00937692,4706551.62883235,13077377,5200 block of Cloud Pl NE,2013/06/07 04:00:00+00,1957,2013/06/07 04:00:00+00,2013,6,6D,Ward 7,Race,White,Threats,807563,406418.29910791,136281.5760599,38.89435783,-76.92601445,,,MPD,2024/02/16 21:02:52+00,7418,
-8572256.10361873,4697886.24886451,13080496,3800 block of 1st St SE,2013/06/13 04:00:00+00,1825-1830,2013/06/13 04:00:00+00,2013,6,7D,Ward 8,Sexual Orientation,,Simple Assault,811521,399489.08239748,129550.72997365,38.83374686,-77.00588449,,,MPD,2024/02/16 21:02:52+00,7419,
-8573738.74763608,4707533.37060215,13081164,500 block of Massachusetts Ave NW,2013/06/14 04:00:00+00,2123-2124,2013/06/14 04:00:00+00,2013,6,1D,Ward 2,Sexual Orientation,,Simple Assault,806791,398334.26,137041.07,38.90122147,-77.0192033,,,MPD,2024/02/16 21:02:52+00,7420,
-8569622.57361694,4702531.75964585,13081519,16th St SE and Good Hope Rd SE,2013/06/15 04:00:00+00,1248,2013/06/15 04:00:00+00,2013,6,7D,Ward 8,Sexual Orientation,,Simple Assault,901851,401542.41999938,133158.590009,38.86624683,-76.98222709,,,MPD,2024/02/16 21:02:52+00,7421,
-8569894.73676603,4708142.88855701,13084477,1500 block of Tinidad Ave NE,2013/06/20 04:00:00+00,1841-1855,2013/06/20 04:00:00+00,2013,6,5D,Ward 5,Race,White,Threats,800035,401329.51,137514.01,38.90548246,-76.98467197,,,MPD,2024/02/16 21:02:52+00,7422,
-8575158.07062968,4709427.52863007,13086807,1800 block of 14th St NW,2013/06/24 04:00:00+00,2100,2013/06/24 04:00:00+00,2013,6,3D,Ward 2,Gender Identity/Expression,,Simple Assault,810471,397228.81,138511.21,38.91446221,-77.03195329,,,MPD,2024/02/16 21:02:52+00,7423,
-8562001.43798158,4706828.21325305,13088119,500 block of Eastern Ave NE,2013/06/27 04:00:00+00,0535-0536,2013/06/27 04:00:00+00,2013,6,6D,Ward 7,Gender Identity/Expression,,ADW,804552,407480.72,136497.17,38.89629157,-76.91376529,,,MPD,2024/02/16 21:02:52+00,7424,
-8568703.62481776,4702143.98954248,13093081,2300 block of Good Hope Rd SE,2013/07/03 04:00:00+00,2030-2040,2013/07/03 04:00:00+00,2013,7,7D,Ward 8,Sexual Orientation,,ADW,815940,402258.92,132857.68,38.86353456,-76.97397204,,,MPD,2024/02/16 21:02:52+00,7425,
-8573484.2196042,4707719.11913025,13095740,400 block of K St NW,2013/07/07 04:00:00+00,1810-1200,2013/07/08 04:00:00+00,2013,7,1D,Ward 6,Race,Black,Threats,816529,398532.62,137185.18,38.90252002,-77.01691684,,,MPD,2024/02/16 21:02:52+00,7426,
-8574942.6558815,4707334.01356743,13095260,1300 block of H St NW,2013/07/09 04:00:00+00,1345,2013/07/09 04:00:00+00,2013,7,2D,Ward 2,Race,Multiple,Threats,803708,397396.1,136886.61,38.89982776,-77.03001819,,,MPD,2024/02/16 21:02:52+00,7427,
-8575157.86977037,4710103.20979123,13096591,14th St NW and W St NW,2013/07/11 04:00:00+00,2155-2215,2013/07/11 04:00:00+00,2013,7,3D,Ward 1,Sexual Orientation,,ADW,905984,397229.15001138,139035.45999846,38.91918483,-77.03195149,,,MPD,2024/02/16 21:02:52+00,7428,
-8575028.14095494,4709790.62490088,13097871,1300 block of U Street NW,2013/07/14 04:00:00+00,0219,2013/07/14 04:00:00+00,2013,7,3D,Ward 1,Race,White,Simple Assault,804518,397330.13,138792.9,38.91700008,-77.03078611,,,MPD,2024/02/16 21:02:52+00,7429,
-8576198.36743307,4710451.19773689,13097888,2300 block of Champlain St NW,2013/07/14 04:00:00+00,0248,2013/07/14 04:00:00+00,2013,7,3D,Ward 1,Race,Black,Simple Assault,813215,396418.7,139305.77,38.92161694,-77.04129843,,,MPD,2024/02/16 21:02:52+00,7430,
-8576240.93616487,4709973.92112161,13101721,2100 block of 18th St NW,2013/07/21 04:00:00+00,0418,2013/07/21 04:00:00+00,2013,7,3D,Ward 1,Race,White,ADW,813741,396385.37,138935.49,38.9182812,-77.04168083,,,MPD,2024/02/16 21:02:52+00,7431,
-8573928.98170085,4707331.74621241,13104935,600 block of H St NW,2013/07/26 04:00:00+00,2340-2349,2013/07/26 04:00:00+00,2013,7,1D,Ward 2,Gender Identity/Expression,,Simple Assault,807858,398185.99,136884.63,38.89981191,-77.0209122,,,MPD,2024/02/16 21:02:52+00,7432,
-8576010.43763379,4710668.80497741,13105009,1700 block of Euclid St NW,2013/07/27 04:00:00+00,0126,2013/07/27 04:00:00+00,2013,7,3D,Ward 1,Race,White,Robbery,803896,396565.17,139474.53,38.92313777,-77.03961023,,,MPD,2024/02/16 21:02:52+00,7433,
-8572256.2324615,4708029.08220025,13108311,1st ST NE and Pierce St NE,2013/08/01 04:00:00+00,2100-2105,2013/08/02 04:00:00+00,2013,8,1D,Ward 6,Sexual Orientation,,Damage/Defacing/Destruction of Property,901051,399489.49001348,137425.59999696,38.90468689,-77.00588564,,,MPD,2024/02/16 21:02:52+00,7434,
-8574441.28556004,4713349.85043911,13109824,Georgia Ave NW and Upshur St NW,2013/08/04 04:00:00+00,1100-1101,2013/08/04 04:00:00+00,2013,8,4D,Ward 4,Gender Identity/Expression,,ADW,901333,397788.0900119,141553.82000079,38.94187258,-77.0255143,,,MPD,2024/02/16 21:02:52+00,7435,
-8575301.45557911,4709950.05158994,13120264,1400 block of V St NW,2013/08/24 04:00:00+00,0051,2013/08/24 04:00:00+00,2013,8,3D,Ward 1,Gender Identity/Expression,,ADW,811679,397117.25,138916.67,38.91811437,-77.03324134,,,MPD,2024/02/16 21:02:52+00,7436,
-8564615.89802364,4705798.76824964,13125881,4500 block of Benning Rd SE,2013/09/03 04:00:00+00,2133,2013/09/03 04:00:00+00,2013,9,6D,Ward 7,Ethnicity/National Origin,Asian,Simple Assault,803852,405443.89,135696.51,38.88909391,-76.93725137,,,MPD,2024/02/16 21:02:52+00,7437,
-8573928.98170085,4707331.74621241,13128491,600 block of H St NW,2013/09/08 04:00:00+00,1555-1559,2013/09/08 04:00:00+00,2013,9,1D,Ward 2,Race,Asian,Simple Assault,807858,398185.99,136884.63,38.89981191,-77.0209122,,,MPD,2024/02/16 21:02:52+00,7438,
-8571991.88318568,4709830.12125829,13131421,2000 block of 2nd St NE,2013/09/14 04:00:00+00,0150,2013/09/14 04:00:00+00,2013,9,5D,Ward 5,Sexual Orientation,,Simple Assault,806269,399695.52,138823.1,38.91727614,-77.00351095,,,MPD,2024/02/16 21:02:52+00,7439,
-8577378.87664313,4710820.76959092,13133719,2600 block of Connecticut Ave NW,2013/09/17 04:00:00+00,13-133719,2013/09/17 04:00:00+00,2013,9,2D,Ward 3,Religion,Jewish,Damage/Defacing/Destruction of Property,807493,395499.25,139592.96,38.92419981,-77.05190312,,,MPD,2024/02/16 21:02:52+00,7440,
-8570770.86605397,4701413.24335278,13145014,2600 block of Stanton Rd SE,2013/10/08 04:00:00+00,2230-2238,2013/10/08 04:00:00+00,2013,10,7D,Ward 8,Sexual Orientation,,Robbery,811275,400647.28,132289.97,38.85842305,-76.99254238,,,MPD,2024/02/16 21:02:52+00,7441,
-8563320.84941696,4704762.4620818,13149438,5300 block of E St SE,2013/10/17 04:00:00+00,1643,2013/10/17 04:00:00+00,2013,10,6D,Ward 7,Sexual Orientation,,Damage/Defacing/Destruction of Property,815121,406453.84419594,134892.86447461,38.88184753,-76.92561776,,,MPD,2024/02/16 21:02:52+00,7442,
-8574488.58478459,4711200.52514701,13150239,Harvard St NW and Sherman Ave NW,2013/10/19 04:00:00+00,0030,2013/10/19 04:00:00+00,2013,10,3D,Ward 1,Sexual Orientation,,ADW,905903,397750.78066787,139886.61049525,38.92685376,-77.0259392,,,MPD,2024/02/16 21:02:52+00,7443,
-8570586.56947264,4704858.62123293,13155414,1100 block of Pennsylvania Ave SE,2013/10/26 04:00:00+00,1500,2013/10/26 04:00:00+00,2013,10,1D,Ward 6,Gender Identity/Expression,,Simple Assault,800670,400790.70681469,134964.91916268,38.88251996,-76.99088681,,,MPD,2024/02/16 21:02:52+00,7444,
-8574041.06578401,4707779.02896913,13154097,7th St NW and Mount Vernon Pl NW,2013/10/26 04:00:00+00,0228,2013/10/26 04:00:00+00,2013,10,3D,Ward 6,Gender Identity/Expression,,Simple Assault,904395,398098.73350019,137231.76447678,38.90293884,-77.02191907,,,MPD,2024/02/16 21:02:52+00,7445,
-8575664.03594209,4710023.77825764,13180758,2100 block of 16th St NW,2013/12/18 05:00:00+00,1951,2013/12/18 05:00:00+00,2013,12,3D,Ward 1,Race,Black,Simple Assault,805292,396834.81,138973.98,38.91862967,-77.03649845,,,MPD,2024/02/16 21:02:52+00,7446,
-8571569.50494736,4697781.89099155,13180997,400 block of Xenia St SE,2013/12/19 05:00:00+00,0815-0820,2013/12/19 05:00:00+00,2013,12,7D,Ward 8,Race,Unspecified,ADW,801020,400024.6,129469.65,38.8330166,-76.99971667,,,MPD,2024/02/16 21:02:52+00,7447,
-8568412.19251935,4700446.29268647,14001090,2400 block of Alabama Ave SE,2014/01/03 05:00:00+00,0242,2014/01/01 05:00:00+00,2014,1,7D,Ward 8,Sexual Orientation,,Robbery,806892,402486.54336026,131539.4476395,38.85165875,-76.97135406,,,MPD,2024/02/16 21:02:52+00,7448,
-8572419.17707086,4715126.1506229,14012327,5300 block of RockCreek Church Rd NE,2014/01/26 05:00:00+00,0129-0140,2014/01/26 05:00:00+00,2014,1,4D,Ward 5,Sexual Orientation,,Simple Assault,812346,399362.97,142931.14,38.95428241,-77.0073494,,,MPD,2024/02/16 21:02:52+00,7449,
-8571174.83752382,4705981.28321445,14016376,Unit block of 7th St NE,2014/02/03 05:00:00+00,1525-1558,2014/02/03 05:00:00+00,2014,2,1D,Ward 6,Political Affiliation,,Threats,808382,400332.16,135836.31,38.89037007,-76.99617131,,,MPD,2024/02/16 21:02:52+00,7450,
-8579604.45461637,4710584.1331434,14017169,3600 block of Calvert St NW,2014/02/04 05:00:00+00,0900-1200,2014/02/04 05:00:00+00,2014,2,2D,Ward 3,Sexual Orientation,,Damage/Defacing/Destruction of Property,804152,393765.45,139410.55,38.92254601,-77.07189583,,,MPD,2024/02/16 21:02:52+00,7451,
-8573247.05833011,4706705.96123973,14018072,400 block of 2nd St NW,2014/02/07 05:00:00+00,0650-0653,2014/02/07 05:00:00+00,2014,2,1D,Ward 6,Gender Identity/Expression,,Simple Assault,279729,398717.29,136398.86,38.89543686,-77.01478638,,,MPD,2024/02/16 21:02:52+00,7452,
-8576087.05540966,4707964.86300479,14020570,1100 block of Connecticut Ave NW,2014/02/12 05:00:00+00,1000-1005,2014/02/12 05:00:00+00,2014,2,2D,Ward 2,Sexual Orientation,,Simple Assault,807498,396504.56,137376.52,38.90423795,-77.0402985,,,MPD,2024/02/16 21:02:52+00,7453,
-8572780.48478806,4710559.29758316,14023245,Unit block of Channing St NW,2014/02/18 05:00:00+00,2135-2140,2014/02/18 05:00:00+00,2014,2,3D,Ward 5,Sexual Orientation,,Threats,811709,399081.23,139388.88,38.92237244,-77.01059508,,,MPD,2024/02/16 21:02:52+00,7454,
-8576455.35186071,4708778.76401154,14024251,1300 block of Connecticut Ave NW,2014/02/20 05:00:00+00,2233,2014/02/20 05:00:00+00,2014,2,2D,Ward 2,Religion,Muslim,Damage/Defacing/Destruction of Property,800193,396217.89,138008.23,38.90992743,-77.04360696,,,MPD,2024/02/16 21:02:52+00,7455,
-8577324.70359956,4707784.55174942,14024321,24th St NW and Pennsylvania Ave NW,2014/02/21 05:00:00+00,0150-0154,2014/02/21 05:00:00+00,2014,2,2D,Ward 2,Sexual Orientation,,Simple Assault,900099,395540.12207381,137237.07820479,38.90297745,-77.05141648,,,MPD,2024/02/16 21:02:52+00,7456,
-8573220.31222128,4713395.11622778,14025713,200 block of Upshur St NW,2014/02/23 05:00:00+00,1700-1711,2014/02/23 05:00:00+00,2014,2,4D,Ward 4,Disability,,Simple Assault,800327,398738.96,141588.72,38.94218884,-77.01454612,,,MPD,2024/02/16 21:02:52+00,7681,
-8571330.19458357,4701749.05425069,14027299,1100 block of Summer Rd SE,2014/02/26 05:00:00+00,2019,2014/02/26 05:00:00+00,2014,2,7D,Ward 8,Sexual Orientation,,Simple Assault,809887,400211.17174215,132550.70396044,38.86077206,-76.99756691,,,MPD,2024/02/16 21:02:52+00,7682,
-8576071.39381511,4714283.85458929,14029582,4700 block of Blagden Terrace NW,2014/03/03 05:00:00+00,1700,2014/03/03 05:00:00+00,2014,3,4D,Ward 4,Sexual Orientation,,Sexual Abuse,807557,396518.92,142278.67,38.94839812,-77.04015781,,,MPD,2024/02/16 21:02:52+00,7683,
-8574712.40790296,4716228.0499591,14036236,5900 block of Georgia Ave NW,2014/03/16 04:00:00+00,1601-1615,2014/03/16 04:00:00+00,2014,3,4D,Ward 4,Sexual Orientation,,Simple Assault,816437,397577.63,143785.94,38.96197956,-77.02794983,,,MPD,2024/02/16 21:02:52+00,7684,
-8569796.31058268,4699759.15746426,14037147,1400 block of Congress Pl SE,2014/03/18 04:00:00+00,1920-1929,2014/03/18 04:00:00+00,2014,3,7D,Ward 8,Gender Identity/Expression,,Threats,801783,401407.35657526,131005.544375,38.8468515,-76.9837878,,,MPD,2024/02/16 21:02:52+00,7685,
-8563587.40573136,4704708.86678181,14051643,5200 block of F St SE,2014/04/14 04:00:00+00,1845-1850,2014/04/14 04:00:00+00,2014,4,6D,Ward 7,Gender Identity/Expression,,ADW,810329,406246.11472375,134851.09394657,38.88147275,-76.92801227,,,MPD,2024/02/16 21:02:52+00,7686,
-8571271.36478226,4712052.51427367,14052101,600 block of Michigan Ave NE,2014/04/15 04:00:00+00,1455-1500,2014/04/15 04:00:00+00,2014,4,5D,Ward 5,Gender Identity/Expression,,Robbery,814865,400256.78,140547.22,38.93280757,-76.99703843,,,MPD,2024/02/16 21:02:52+00,7687,
-8576036.92450229,4709791.18674162,14054249,1700 block of U St NW,2014/04/19 04:00:00+00,1900-1901,2014/04/19 04:00:00+00,2014,4,3D,Ward 1/Ward 2,Sexual Orientation,,Simple Assault,808175,396544.24,138793.64,38.91700401,-77.03984817,,,MPD,2024/10/08 19:01:28+00,7688,
-8577367.32625899,4707079.49391013,14055712,2400 block of Virginia Ave NW,2014/04/22 04:00:00+00,1725,2014/04/22 04:00:00+00,2014,4,2D,Ward 2,Homelessness,,Simple Assault,804406,395506.6,136689.93,38.89804837,-77.05179937,,,MPD,2024/02/16 21:02:52+00,7689,
-8575251.59668574,4707719.51212287,14067414,1400 block of K St NW,2014/05/12 04:00:00+00,1700-1910,2014/05/13 04:00:00+00,2014,5,2D,Ward 2,Religion,Jewish,Damage/Defacing/Destruction of Property,805270,397155.47,137185.86,38.90252277,-77.03279345,,,MPD,2024/02/16 21:02:52+00,7690,
-8575245.15152512,4711880.65424273,14068447,3400 block of 14th St NW,2014/05/15 04:00:00+00,0150-0153,2014/05/15 04:00:00+00,2014,5,4D,Ward 1,Gender Identity/Expression,,ADW,805082,397161.65,140414.41,38.93160663,-77.03273555,,,MPD,2024/02/16 21:02:52+00,7691,
-8577533.94776956,4708250.37784088,14073281,1200 block of 25th St NW,2014/05/23 04:00:00+00,0439,2014/05/23 04:00:00+00,2014,5,2D,Ward 2,Race,White,Damage/Defacing/Destruction of Property,800476,395377.29,137598.66,38.90623386,-77.05329615,,,MPD,2024/02/16 21:02:52+00,7692,
-8572410.69720829,4696657.9455722,14074002,Unit block of Forrester St SW,2014/05/24 04:00:00+00,1248,2014/05/24 04:00:00+00,2014,5,7D,Ward 8,Sexual Orientation,,Simple Assault,810043,399368.43,128596.56,38.82515117,-77.00727323,,,MPD,2024/02/16 21:02:52+00,7693,
-8575028.06118029,4709056.38987916,14074059,1300 block of Corcoran St NW,2014/05/24 04:00:00+00,1520-1522,2014/05/24 04:00:00+00,2014,5,3D,Ward 2,Race,Black,Damage/Defacing/Destruction of Property,811946,397330,138223.2,38.91186803,-77.0307854,,,MPD,2024/02/16 21:02:52+00,7694,
-8569541.74720559,4702677.4636382,14082778,1600 block of T St SE,2014/06/08 04:00:00+00,1500,2014/06/08 04:00:00+00,2014,6,6D,Ward 8,Sexual Orientation,,Threats,807225,401605.40950344,133271.73055311,38.86726593,-76.98150102,,,MPD,2024/02/16 21:02:52+00,7695,
-8572391.5882133,4705161.49851559,14083820,400 block of New Jersey Ave SE,2014/06/10 04:00:00+00,1342-1722,2014/06/10 04:00:00+00,2014,6,1D,Ward 6,Religion,Muslim,Threats,812200,399383.85,135200.01,38.88463789,-77.00710157,,,MPD,2024/02/16 21:02:52+00,7696,
-8574643.75601482,4714680.61776313,14088758,5000 block of Georgia Ave NW,2014/06/18 04:00:00+00,2335-2338,2014/06/18 04:00:00+00,2014,6,4D,Ward 4,Race,Unspecified,ADW,804988,397630.72,142585.96,38.95116997,-77.02733312,,,MPD,2024/02/16 21:02:52+00,7697,
-8575245.15152512,4711880.65424273,14095037,3400 block of 14th St NW,2014/06/29 04:00:00+00,0226-0233,2014/06/29 04:00:00+00,2014,6,4D,Ward 1,Sexual Orientation,,Threats,805082,397161.65,140414.41,38.93160663,-77.03273555,,,MPD,2024/02/16 21:02:52+00,7698,
-8573554.69639362,4707892.74560257,14096982,400 block of L St NW,2014/07/02 04:00:00+00,1500-1504,2014/07/02 04:00:00+00,2014,7,1D,Ward 6,Sexual Orientation,,Simple Assault,808638,398477.73,137319.93,38.9037338,-77.01754994,,,MPD,2024/02/16 21:02:52+00,7699,
-8574317.08355399,4712648.07696628,14098533,3700 block of Georgia Ave NW,2014/07/05 04:00:00+00,0305-0309,2014/07/05 04:00:00+00,2014,7,4D,Ward 4,Sexual Orientation,,ADW,809816,397884.67,141009.47,38.93696915,-77.02439858,,,MPD,2024/02/16 21:02:52+00,7700,
-8576643.87701525,4708453.10529473,14100355,1300 block of New Hampshire Ave NW,2014/07/08 04:00:00+00,1155,2014/07/08 04:00:00+00,2014,7,2D,Ward 2,Religion,Jewish,Damage/Defacing/Destruction of Property,805753,396070.88,137755.6,38.90765101,-77.04530051,,,MPD,2024/02/16 21:02:52+00,7701,
-8561673.76340957,4706501.68463585,14104831,63rd St NE and Eastern Ave NE,2014/07/16 04:00:00+00,0509,2014/07/16 04:00:00+00,2014,7,6D,Ward 7,Gender Identity/Expression,,Threats,903707,407736.31562113,136243.99081187,38.89400863,-76.91082174,,,MPD,2024/02/16 21:02:52+00,7702,
-8574343.34295541,4709790.09900187,14107657,900 block of U St NW,2014/07/20 04:00:00+00,1844-1845,2014/07/20 04:00:00+00,2014,7,3D,Ward 1,Gender Identity/Expression,,Simple Assault,813703,397863.62,138792.33,38.91699641,-77.02463447,,,MPD,2024/02/16 21:02:52+00,7703,
-8568473.76433753,4699892.15551326,14110263,2200 block of Savannah St SE,2014/07/25 04:00:00+00,0817,2014/07/25 04:00:00+00,2014,7,7D,Ward 8,Gender Identity/Expression,,ADW,811092,402438.66448022,131109.0853991,38.84778199,-76.97190717,,,MPD,2024/02/16 21:02:52+00,7704,
-8565212.56858421,4706273.7326916,14111571,100 block of 42nd St NE,2014/07/27 04:00:00+00,0333,2014/07/27 04:00:00+00,2014,7,6D,Ward 7,Gender Identity/Expression,,Threats,811325,404978.64179457,136064.8548117,38.89241485,-76.94261136,,,MPD,2024/02/16 21:02:52+00,7705,
-8575885.12663161,4709003.36591467,14112064,1600 block of 17th St NW,2014/07/28 04:00:00+00,0255-0257,2014/07/28 04:00:00+00,2014,7,3D,Ward 2,Race,Black,Simple Assault,808622,396662.24,138182.31,38.9114974,-77.03848454,,,MPD,2024/02/16 21:02:52+00,7706,
-8575035.00313114,4716184.05850237,14115423,1300 block of Missouri Ave NW,2014/08/02 04:00:00+00,1541-1548,2014/08/02 04:00:00+00,2014,8,4D,Ward 4,Gender Identity/Expression,,Threats,808087,397326.46,143751.91,38.96167228,-77.03084775,,,MPD,2024/02/16 21:02:52+00,7707,
-8572949.7941691,4715609.7929213,14115367,100 block of Longfellow St NW,2014/08/02 04:00:00+00,1311,2014/08/02 04:00:00+00,2014,8,4D,Ward 4,Race,Black,Simple Assault,808616,398949.86,143306.23,38.95766092,-77.01211601,,,MPD,2024/02/16 21:02:52+00,7708,
-8570532.03592127,4702182.74005985,14115487,Mapleview Pl SE and Martin Luther King Jr Ave SE,2014/08/02 04:00:00+00,1620-1627,2014/08/02 04:00:00+00,2014,8,7D,Ward 8,Gender Identity/Expression,,Robbery,901523,400833.43001473,132887.49000875,38.8638056,-76.99039693,,,MPD,2024/02/16 21:02:52+00,7709,
-8575158.10527198,4709637.33621781,14115840,1900 block of 14th St NW,2014/08/03 04:00:00+00,0420-0421,2014/08/03 04:00:00+00,2014,8,3D,Ward 1/Ward 2,Race,Black,Simple Assault,810664,397228.84,138674,38.91592868,-77.0319536,,,MPD,2024/10/08 19:02:28+00,7710,
-8568521.35720644,4707294.91228716,14120697,600 block of 24th St NE,2014/08/11 04:00:00+00,1830-1839,2014/08/11 04:00:00+00,2014,8,5D,Ward 5,Sexual Orientation,,Simple Assault,809840,402399.81,136856.2,38.8995544,-76.9723347,,,MPD,2024/02/16 21:02:52+00,7711,
-8570051.51973229,4708302.72043437,14121614,1200 block of Queen St NE,2014/08/11 04:00:00+00,1000,2014/08/13 04:00:00+00,2014,8,5D,Ward 5,Ethnicity/National Origin,Asian,Damage/Defacing/Destruction of Property,812799,401207.33,137638.02,38.90659976,-76.98608038,,,MPD,2024/02/16 21:02:52+00,7712,
-8573123.08648226,4708949.48936298,14121846,100 block of Q St NW,2014/08/13 04:00:00+00,1935,2014/08/13 04:00:00+00,2014,8,3D,Ward 5,Gender Identity/Expression,,Simple Assault,807731,398814.16,138139.89,38.9111208,-77.01367272,,,MPD,2024/02/16 21:02:52+00,7713,
-8576010.43763379,4710668.80497741,14122597,1700 block of Euclid St NW,2014/08/15 04:00:00+00,0144-0200,2014/08/15 04:00:00+00,2014,8,3D,Ward 1,Sexual Orientation,,Simple Assault,803896,396565.17,139474.53,38.92313777,-77.03961023,,,MPD,2024/02/16 21:02:52+00,7714,
-8574712.40790296,4716228.0499591,14136225,5900 block of Georgia Ave NW,2014/09/05 04:00:00+00,0840-0845,2014/09/05 04:00:00+00,2014,9,4D,Ward 4,Sexual Orientation,,Simple Assault,816437,397577.63,143785.94,38.96197956,-77.02794983,,,MPD,2024/02/16 21:02:52+00,7715,
-8578952.71055314,4708089.6193757,14139611,33rd St NW and M St NW,2014/09/13 04:00:00+00,0034-0035,2014/09/13 04:00:00+00,2014,9,2D,Ward 2,Sexual Orientation,,ADW,901272,394271.74956064,137474.63343701,38.90511008,-77.06604111,,,MPD,2024/02/16 21:02:52+00,7716,
-8569919.56894455,4708465.65293081,14142139,1200 block of Meigs Pl NE,2014/09/17 04:00:00+00,1300-1510,2014/09/17 04:00:00+00,2014,9,5D,Ward 5,Sexual Orientation,,Damage/Defacing/Destruction of Property,801458,401310.12,137764.47,38.90773872,-76.98489505,,,MPD,2024/02/16 21:02:52+00,7717,
-8575244.56297956,4712605.39625897,14143753,3600 block of 14th St NW,2014/09/20 04:00:00+00,0230-0317,2014/09/20 04:00:00+00,2014,9,4D,Ward 1,Gender Identity/Expression,,Simple Assault,805862,397162.31,140976.59,38.93667092,-77.03273026,,,MPD,2024/02/16 21:02:52+00,7718,
-8568469.06055213,4703747.67129283,14157939,2300 block of Fairlawn Ave SE,2014/10/13 04:00:00+00,2255-2345,2014/10/13 04:00:00+00,2014,10,6D,Ward 7,Race,White,Damage/Defacing/Destruction of Property,809587,402441.41,134102.83,38.87475089,-76.97186491,,,MPD,2024/02/16 21:02:52+00,7719,
-8583422.58725243,4712472.03254648,14159610,5200 block of Loughboro Rd NW,2014/10/16 04:00:00+00,1906-1908,2014/10/16 04:00:00+00,2014,10,2D,Ward 3,Race,Black,Simple Assault,809789,390792.88,140877.99,38.93573904,-77.10619468,,,MPD,2024/02/16 21:02:52+00,7720,
-8574040.5444282,4707136.41657636,14169001,7th St NW and G ST NW,2014/10/31 04:00:00+00,2350-2359,2014/11/01 04:00:00+00,2014,11,1D,Ward 2,Sexual Orientation,,Simple Assault,903249,398099.02002819,136733.05999632,38.89844633,-77.02191439,,,MPD,2024/02/16 21:02:52+00,7721,
-8569605.2578667,4702527.76361242,14169959,1600 block of Good Hope Rd SE,2014/11/02 04:00:00+00,1727-1945,2014/11/02 04:00:00+00,2014,11,7D,Ward 8,Sexual Orientation,,Simple Assault,800922,401555.92,133155.49,38.86621888,-76.98207154,,,MPD,2024/02/16 21:02:52+00,7722,
-8573423.98135756,4704682.64002867,14169801,300 block of G St SW,2014/11/02 04:00:00+00,1000,2014/11/02 04:00:00+00,2014,11,1D,Ward 6,Race,White,Threats,805863,398579.13506863,134828.39999455,38.88128935,-77.01637571,,,MPD,2024/02/16 21:02:52+00,7723,
-8574040.68837685,4708060.36800888,14170617,1100 block of 7th St NW,2014/11/02 04:00:00+00,2047,2014/11/03 05:00:00+00,2014,11,3D,Ward 2,Ethnicity/National Origin,Indian,Simple Assault,814320,398099.08,137450.09,38.90490559,-77.02191568,,,MPD,2024/02/16 21:02:52+00,7724,
-8575542.47888417,4711829.68723256,14176146,1500 block of Park Rd NW,2014/11/13 05:00:00+00,1340-1509,2014/11/13 05:00:00+00,2014,11,3D,Ward 1,Race,Unspecified,ADW,811355,396930.05,140374.96,38.93125048,-77.03540649,,,MPD,2024/02/16 21:02:52+00,7725,
-8575778.40262374,4707719.83669548,14177125,1600 block of K St NW,2014/11/15 05:00:00+00,0323-0330,2014/11/15 05:00:00+00,2014,11,2D,Ward 2,Sexual Orientation,,Simple Assault,814017,396744.98,137186.27,38.90252504,-77.03752583,,,MPD,2024/02/16 21:02:52+00,7726,
-8570905.92113098,4710446.58560262,15005239,2300 block of Washington Pl NE,2015/01/11 05:00:00+00,1700-1710,2015/01/11 05:00:00+00,2015,1,5D,Ward 5,Sexual Orientation,,Damage/Defacing/Destruction of Property,815797,400541.5,139301.4,38.92158471,-76.99375559,,,MPD,2024/02/16 21:02:52+00,7727,
-8580142.91026018,4714617.29096237,15007779,3900 block of Chesapeake St NW,2015/01/16 05:00:00+00,1622-1628,2015/01/16 05:00:00+00,2015,1,2D,Ward 3,Sexual Orientation,,Simple Assault,807279,393348.63,142539.29,38.95072757,-77.07673285,,,MPD,2024/02/16 21:02:52+00,7728,
-8573555.01658326,4706616.37109684,15008222,300 block of Indiana Ave NW,2015/01/18 05:00:00+00,1200-1220,2015/01/18 05:00:00+00,2015,1,1D,Ward 6,Sexual Orientation,,ADW,814307,398477.29,136329.37,38.89481048,-77.01755282,,,MPD,2024/02/16 21:02:52+00,7729,
-8578470.86219142,4713533.28186,15011758,3000 block of Van Ness St NW,2015/01/23 05:00:00+00,1730-0930,2015/01/24 05:00:00+00,2015,1,2D,Ward 3,Race,Black,Damage/Defacing/Destruction of Property,812163,394650.05,141697.59,38.94315419,-77.06171259,,,MPD,2024/02/16 21:02:52+00,7730,
-8575244.51833599,4711581.60925674,15018054,3100 block of 14th St NW,2015/02/05 05:00:00+00,1820-1821,2015/02/05 05:00:00+00,2015,2,3D,Ward 1,Gender Identity/Expression,,Simple Assault,800897,397162.06,140182.43,38.92951689,-77.03272986,,,MPD,2024/02/16 21:02:52+00,7731,
-8579223.52525715,4714899.91816436,15022921,4800 block of Connecticut Ave NW,2015/02/13 05:00:00+00,2100-1445,2015/02/15 05:00:00+00,2015,2,2D,Ward 3,Race,Black,Damage/Defacing/Destruction of Property,801847,394064.7,142757.9,38.952702,-77.06847388,,,MPD,2024/02/16 21:02:52+00,7732,
-8570770.86605397,4701413.24335278,15026882,2600 block of Stanton Rd SE,2015/02/24 05:00:00+00,2025-2026,2015/02/24 05:00:00+00,2015,2,7D,Ward 8,Sexual Orientation,,Simple Assault,811275,400647.28,132289.97,38.85842305,-76.99254238,,,MPD,2024/02/16 21:02:52+00,7733,
-8570430.40305124,4702188.15437048,15035070,1200 block of Pleasant St SE,2015/03/13 04:00:00+00,1548,2015/03/14 04:00:00+00,2015,3,7D,Ward 8,Gender Identity/Expression,,Robbery,811988,400912.6654388,132891.70271275,38.86384348,-76.98948395,,,MPD,2024/02/16 21:02:52+00,7734,
-8578496.71657856,4707729.43147902,15038284,3100 block of K St NW,2015/03/19 04:00:00+00,1350-1400,2015/03/19 04:00:00+00,2015,3,2D,Ward 2,Sexual Orientation,,Threats,800966,394626.86,137194.87,38.90259211,-77.06194485,,,MPD,2024/02/16 21:02:52+00,7735,
-8576968.02294059,4708009.36867093,15039950,1100 block of New Hampshire Ave NW,2015/03/22 04:00:00+00,1315-1318,2015/03/22 04:00:00+00,2015,3,2D,Ward 2,Sexual Orientation,,Simple Assault,815281,395818.14,137411.39,38.90454908,-77.04821237,,,MPD,2024/02/16 21:02:52+00,7736,
-8575992.13623691,4707719.55936414,15045344,17th St NW and K St NW,2015/03/31 04:00:00+00,1230-1250,2015/04/01 04:00:00+00,2015,4,2D,Ward 2,Political Affiliation,,Theft,900722,396578.43749878,137186.12502074,38.9025231,-77.03944583,,,MPD,2024/02/16 21:02:52+00,7737,
-8573928.7210031,4707482.79096881,15057805,600 block of I St NW,2015/04/23 04:00:00+00,1530-1532,2015/04/23 04:00:00+00,2015,4,1D,Ward 2,Religion,Jewish,Threats,809882,398186.22,137001.85,38.90086787,-77.02090986,,,MPD,2024/02/16 21:02:52+00,7738,
-8576598.41006657,4708281.34710522,15058585,1200 block of 20th St NW,2015/04/24 04:00:00+00,2120,2015/04/24 04:00:00+00,2015,4,2D,Ward 2,Political Affiliation,,Arson,812026,396106.24,137622.3,38.90645035,-77.04489208,,,MPD,2024/02/16 21:02:52+00,7739,
-8576596.36551062,4709374.39308176,15062996,20th ST NW and S St NW,2015/04/29 04:00:00+00,2335-2345,2015/05/02 04:00:00+00,2015,5,2D,Ward 2,Race,Black,Threats,907042,396108.25001034,138470.45314993,38.91409081,-77.04487371,,,MPD,2024/02/16 21:02:52+00,7740,
-8574378.24851352,4707117.285168,15068440,900 block of G St NW,2015/05/12 04:00:00+00,0500-0505,2015/05/12 04:00:00+00,2015,5,2D,Ward 2,Gender Identity/Expression,,ADW,810315,397835.86,136718.28,38.89831258,-77.02494803,,,MPD,2024/02/16 21:02:52+00,7741,
-8569950.99782168,4707451.36736692,15069014,Florida Ave NE and Holbrook St NE,2015/05/13 04:00:00+00,0004-0015,2015/05/13 04:00:00+00,2015,5,5D,Ward 5/Ward 6,Sexual Orientation,,Simple Assault,900029,401285.75999915,136977.35999655,38.90064819,-76.98517738,,,MPD,2024/10/08 19:12:20+00,7742,
-8580568.8436906,4714566.59495276,15075484,4600 block of Wisconsin Ave NW,2015/05/23 04:00:00+00,1707-1708,2015/05/23 04:00:00+00,2015,5,2D,Ward 3,Race,Black,Simple Assault,809308,393016.93,142500.26,38.9503734,-77.08055908,,,MPD,2024/02/16 21:02:52+00,7743,
-8568830.58681873,4709831.59283972,15084337,1800 block of New York Ave NE,2015/06/07 04:00:00+00,0243-0248,2015/06/07 04:00:00+00,2015,6,5D,Ward 5,Sexual Orientation,,Simple Assault,813064,402158.31,138824.53,38.91728642,-76.97511255,,,MPD,2024/02/16 21:02:52+00,7744,
-8566348.89151108,4708311.56673478,15087650,3700 block of Hayes St NE,2015/06/12 04:00:00+00,1520-1525,2015/06/12 04:00:00+00,2015,6,6D,Ward 7,Sexual Orientation,,Simple Assault,816724,404092.27,137645.85,38.9066616,-76.95281911,,,MPD,2024/02/16 21:02:52+00,7745,
-8576241.46431251,4708030.82285447,15088054,1100 block of 18th St NW,2015/06/13 04:00:00+00,0430-0435,2015/06/13 04:00:00+00,2015,6,2D,Ward 2,Sexual Orientation,,Robbery,801811,396384.27,137427.76,38.90469905,-77.04168558,,,MPD,2024/02/16 21:02:52+00,7746,
-8570586.14721294,4707387.33226806,15092039,1100 block of H St NE,2015/06/19 04:00:00+00,1525-1530,2015/06/19 04:00:00+00,2015,6,1D,Ward 6,Sexual Orientation,,Simple Assault,811771,400790.84,136927.6,38.90020052,-76.99088302,,,MPD,2024/02/16 21:02:52+00,7747,
-8570658.12263797,4705227.27801963,15092142,11th St SE and South Carolina Ave SE,2015/06/19 04:00:00+00,2010-2018,2015/06/19 04:00:00+00,2015,6,1D,Ward 6,Race,White,Simple Assault,902042,400734.91001464,135251.07999494,38.88509785,-76.99152959,,,MPD,2024/02/16 21:02:52+00,7748,
-8575064.4036686,4711304.6399676,15106302,1300 block of Columbia Rd NW,2015/07/12 04:00:00+00,2100-2105,2015/07/13 04:00:00+00,2015,7,3D,Ward 1,Sexual Orientation,,Threats,806754,397302.28,139967.52,38.92758135,-77.03111187,,,MPD,2024/02/16 21:02:52+00,7749,
-8574727.2301779,4710026.21190609,15106071,2100 block of 12th St NW,2015/07/13 04:00:00+00,0650-0652,2015/07/13 04:00:00+00,2015,7,3D,Ward 1,Race,Black,Simple Assault,809767,397564.61,138975.61,38.91864668,-77.02808299,,,MPD,2024/02/16 21:02:52+00,7750,
-8565921.61192716,4706311.24184844,15108057,3900 block of Clay Pl NE,2015/07/16 04:00:00+00,1330-1347,2015/07/16 04:00:00+00,2015,7,6D,Ward 7,Sexual Orientation,,Robbery,802705,404426.05683406,136093.63925973,38.89267711,-76.9489808,,,MPD,2024/02/16 21:02:52+00,7751,
-8581580.08948869,4713174.1369625,15114333,45th St NW and Massachusetts Ave NW,2015/07/26 04:00:00+00,1010-1028,2015/07/26 04:00:00+00,2015,7,2D,Ward 3,Race,Black,Damage/Defacing/Destruction of Property,902290,392228.43000674,141421.04000067,38.94064487,-77.08964325,,,MPD,2024/02/16 21:02:52+00,7752,
-8573290.53386976,4707633.79705144,15126726,900 block of 3rd St NW,2015/08/15 04:00:00+00,1345-1355,2015/08/15 04:00:00+00,2015,8,1D,Ward 6,Gender Identity/Expression,,Simple Assault,800088,398683.53,137118.94,38.90192355,-77.01517693,,,MPD,2024/02/16 21:02:52+00,7753,
-8578851.16725827,4717034.11718726,15136567,3200 block of Patterson St NW,2015/08/20 04:00:00+00,0846-1838,2015/08/31 04:00:00+00,2015,8,2D,Ward 4,Religion,Jewish,Damage/Defacing/Destruction of Property,813826,394355.82,144412.58,38.96760969,-77.06512893,,,MPD,2024/02/16 21:02:52+00,7754,
-8572658.36425045,4703991.99205186,15138024,Unit block of M St SW,2015/09/01 04:00:00+00,0630-0730,2015/09/02 04:00:00+00,2015,9,6D,Ward 6,Sexual Orientation,,Sexual Abuse,807215,399175.83,134292.17,38.87645954,-77.00949806,,,MPD,2024/02/16 21:02:52+00,7755,
-8565773.19085663,4706880.3208988,15138270,4000 block of Minnesota Ave NE,2015/09/03 04:00:00+00,1135-1200,2015/09/03 04:00:00+00,2015,9,6D,Ward 7,Sexual Orientation,,Threats,816435,404541.47,136535.38,38.89665588,-76.94764751,,,MPD,2024/02/16 21:02:52+00,7756,
-8566072.23744837,4706435.27292478,15138950,3900 block of Minnesota Ave NE,2015/09/04 04:00:00+00,1300-1335,2015/09/04 04:00:00+00,2015,9,6D,Ward 7,Sexual Orientation,,Threats,810204,404308.62,136189.84,38.8935443,-76.95033389,,,MPD,2024/02/16 21:02:52+00,7757,
-8577535.53972322,4707589.31393866,15143700,900 block of 25th St NW,2015/09/12 04:00:00+00,2400-2403,2015/09/12 04:00:00+00,2015,9,2D,Ward 2,Sexual Orientation,,Simple Assault,806379,395375.75,137085.66,38.90161257,-77.05331045,,,MPD,2024/02/16 21:02:52+00,7758,
-8573484.2196042,4707719.11913025,15145195,400 block of K St NW,2015/09/14 04:00:00+00,1740-1745,2015/09/14 04:00:00+00,2015,9,1D,Ward 6,Race,White,Simple Assault,816529,398532.62,137185.18,38.90252002,-77.01691684,,,MPD,2024/02/16 21:02:52+00,7759,
-8569290.37611006,4704185.01781446,15145619,1900 block of M St SE,2015/09/15 04:00:00+00,1319-1530,2015/09/15 04:00:00+00,2015,9,1D,Ward 6,Race,Black,Robbery,805401,401801.11,134442.18,38.87780943,-76.97924291,,,MPD,2024/02/16 21:02:52+00,7760,
-8574910.05482976,4712146.88540627,15150759,3500 block of 13th St NW,2015/09/19 04:00:00+00,2330-1930,2015/09/23 04:00:00+00,2015,9,4D,Ward 1,Sexual Orientation,,Damage/Defacing/Destruction of Property,808594,397422.72,140620.84,38.93346702,-77.02972533,,,MPD,2024/02/16 21:02:52+00,7761,
-8570365.96374681,4708275.89495201,15152168,1100 block of Owens Pl NE,2015/09/25 04:00:00+00,2237-2242,2015/09/25 04:00:00+00,2015,9,5D,Ward 5,Sexual Orientation,,Threats,810927,400962.33,137617.17,38.90641224,-76.98890508,,,MPD,2024/02/16 21:02:52+00,7762,
-8574759.89812629,4711184.16297714,15155750,1100 block of Harvard St NW,2015/10/01 04:00:00+00,2225-2230,2015/10/02 04:00:00+00,2015,10,3D,Ward 1,Sexual Orientation,,Robbery,810108,397539.44,139873.98,38.92673941,-77.02837645,,,MPD,2024/02/16 21:02:52+00,7763,
-8572845.76553682,4707119.76733802,15159716,G St NW and Massachusetts Ave NW,2015/10/08 04:00:00+00,0500-1130,2015/10/08 04:00:00+00,2015,10,1D,Ward 6,Gender Identity/Expression,,Simple Assault,900107,399030.05001305,136719.97001231,38.89832993,-77.01118151,,,MPD,2024/02/16 21:02:52+00,7764,
-8577179.58532022,4707720.15236179,15159566,K St NW and Washington Cir NW,2015/10/08 04:00:00+00,1134-1230,2015/10/08 04:00:00+00,2015,10,2D,Ward 2,Religion,Muslim,ADW,912879,395653.17091999,137187.03908189,38.90252724,-77.05011286,,,MPD,2024/02/16 21:02:52+00,7765,
-8576597.92269793,4708950.2839113,15162534,20th ST NW and Q St NW,2015/10/13 04:00:00+00,1215-1216,2015/10/13 04:00:00+00,2015,10,2D,Ward 2,Race,Unspecified,Damage/Defacing/Destruction of Property,900433,396106.87500234,138141.37500563,38.91112636,-77.0448877,,,MPD,2024/02/16 21:02:52+00,7766,
-8574418.94648119,4709790.26047502,15164932,Vermont Ave NW and U St NW,2015/10/17 04:00:00+00,0305-0310,2015/10/17 04:00:00+00,2015,10,3D,Ward 1,Race,Black,Simple Assault,903436,397804.72133992,138792.47139023,38.91699754,-77.02531363,,,MPD,2024/02/16 21:02:52+00,7767,
-8572682.44306812,4696548.71345417,15167760,Unit block of Galveston Pl SW,2015/10/21 04:00:00+00,2100-2105,2015/10/21 04:00:00+00,2015,10,7D,Ward 8,Sexual Orientation,,Robbery,813921,399156.44543717,128511.71982869,38.82438671,-77.00971436,,,MPD,2024/02/16 21:02:52+00,7768,
-8574898.33180286,4707117.32234582,15168831,13th St NW and G ST NW,2015/10/23 04:00:00+00,1640-1651,2015/10/23 04:00:00+00,2015,10,1D,Ward 2,Sexual Orientation,,Simple Assault,905734,397430.58428357,136718.43001231,38.89831284,-77.02962002,,,MPD,2024/02/16 21:02:52+00,7769,
-8573929.49140939,4706978.56117192,15173860,600 block of F St NW,2015/11/01 04:00:00+00,2245-2400,2015/11/01 04:00:00+00,2015,11,1D,Ward 2,Gender Identity/Expression,,ADW,804562,398185.53,136610.53,38.89734272,-77.02091678,,,MPD,2024/02/16 21:02:52+00,7770,
-8575220.43421611,4707893.26625541,15177323,1400 block of L St NW,2015/11/06 05:00:00+00,1645-1655,2015/11/06 05:00:00+00,2015,11,2D,Ward 2,Race,Black,Threats,807754,397179.8,137320.69,38.90373744,-77.03251351,,,MPD,2024/02/16 21:02:52+00,7771,
-8574210.58640931,4709771.78081701,15178501,800 block of Florida Ave NW,2015/11/08 05:00:00+00,1453-1500,2015/11/08 05:00:00+00,2015,11,3D,Ward 1,Race,White,Robbery,813652,397967.04,138778.09,38.91686837,-77.0234419,,,MPD,2024/02/16 21:02:52+00,7772,
-8573970.4556431,4710746.72338263,15180337,2400 block of 6th St NW,2015/11/11 05:00:00+00,1928-1929,2015/11/11 05:00:00+00,2015,11,3D,Ward 1,Race,Black,Threats,804466,398154.29,139534.45,38.92368232,-77.02128477,,,MPD,2024/02/16 21:02:52+00,7773,
-8578900.73619831,4715739.96213381,15194549,5300 block of Nevada Ave NW,2015/12/06 05:00:00+00,1520-1645,2015/12/06 05:00:00+00,2015,12,2D,Ward 3,Race,Black,Threats,804004,394316.51,143409.14,38.9585702,-77.06557422,,,MPD,2024/02/16 21:02:52+00,7774,
-8569795.8728307,4707940.68429006,15197337,1400 block of Staples St NE,2015/12/10 05:00:00+00,1214-1214,2015/12/10 05:00:00+00,2015,12,5D,Ward 5,Race,White,Threats,811530,401406.57,137357.11,38.90406893,-76.98378386,,,MPD,2024/02/16 21:02:52+00,7775,
-8578587.82444125,4707788.78641523,15198456,1000 block of Wisconsin Ave NW,2015/12/13 05:00:00+00,0032-0126,2015/12/13 05:00:00+00,2015,12,2D,Ward 2,Ethnicity/National Origin,Arab/Middle Eastern,Threats,803006,394555.9,137240.98,38.90300705,-77.06276329,,,MPD,2024/02/16 21:02:52+00,7776,
-8573564.13586759,4704193.19348738,16000379,1100 block of 4th St SW,2016/01/01 05:00:00+00,0340-0350,2016/01/01 05:00:00+00,2016,1,1D,Ward 6,Sexual Orientation,,Simple Assault,815976,398469.82,134448.47,38.87786661,-77.01763474,,,MPD,2024/02/16 21:02:52+00,7777,
-8578502.62712247,4708100.39573,16006051,3100 block of M St NW,2016/01/12 05:00:00+00,2000,2016/01/12 05:00:00+00,2016,1,2D,Ward 2,Ethnicity/National Origin,Unspecified,Simple Assault,809180,394622.45,137482.75,38.90518541,-77.06199794,,,MPD,2024/02/16 21:02:52+00,7778,
-8576871.66409685,4706789.10474918,16010086,2100 block of E St NW,2016/01/16 05:00:00+00,0001-0100,2016/01/19 05:00:00+00,2016,1,2D,Ward 2,Ethnicity/National Origin,Asian,Theft,807732,395892.73,136464.35,38.89601815,-77.04734676,,,MPD,2024/02/16 21:02:52+00,7779,
-8573929.49140939,4706978.56117192,16010112,600 block of F St NW,2016/01/19 05:00:00+00,1930-1935,2016/01/19 05:00:00+00,2016,1,1D,Ward 2,Gender Identity/Expression,,Threats,804562,398185.53,136610.53,38.89734272,-77.02091678,,,MPD,2024/02/16 21:02:52+00,7780,
-8565567.75323315,4705429.01041478,16013182,4300 block of C St SE,2016/01/19 05:00:00+00,0000,2016/01/21 05:00:00+00,2016,1,6D,Ward 7,Sexual Orientation,,Voyeurism,807273,404702.23,135409.03,38.88650846,-76.94580203,,,MPD,2024/02/16 21:02:52+00,7781,
-8573929.49140939,4706978.56117192,16013651,600 block of F St NW,2016/01/28 05:00:00+00,0730-0800,2016/01/28 05:00:00+00,2016,1,1D,Ward 2,Sexual Orientation,,Robbery,804562,398185.53,136610.53,38.89734272,-77.02091678,,,MPD,2024/02/16 21:02:52+00,7782,
-8563570.99842226,4704805.93242013,16020096,5200 block of E St SE,2016/02/07 05:00:00+00,2230-2235,2016/02/09 05:00:00+00,2016,2,6D,Ward 7,Gender Identity/Expression,,Simple Assault,811984,406258.84358776,134926.45234664,38.88215151,-76.92786489,,,MPD,2024/02/16 21:02:52+00,7783,
-8576516.09152312,4709161.80371982,16022306,1900 block of R St NW,2016/02/13 05:00:00+00,0340-0350,2016/02/13 05:00:00+00,2016,2,2D,Ward 2,Ethnicity/National Origin,Latino/Hispanic,Robbery,806127,396170.71,138305.47,38.91260486,-77.0441526,,,MPD,2024/02/16 21:02:52+00,7784,
-8576337.49994618,4709162.15952598,16028747,1800 block of R St NW,2016/02/25 05:00:00+00,1200-12205,2016/02/25 05:00:00+00,2016,2,2D,Ward 2,Religion,Jewish,Damage/Defacing/Destruction of Property,803082,396309.85,138305.68,38.91260735,-77.04254828,,,MPD,2024/02/16 21:02:52+00,7785,
-8573817.43997686,4707407.13870331,16029135,800 block of 6th St NW,2016/02/26 05:00:00+00,0819-0835,2016/02/26 05:00:00+00,2016,2,1D,Ward 2,Race,Black,Simple Assault,811531,398272.92,136943.12,38.90033899,-77.01991021,,,MPD,2024/02/16 21:02:52+00,7786,
-8571301.23863748,4706889.62197914,16035192,600 block of Acker Pl NE,2016/03/06 05:00:00+00,2200-2300,2016/03/07 05:00:00+00,2016,3,1D,Ward 6,Sexual Orientation,,ADW,806308,400233.63,136541.3,38.89672091,-76.99730679,,,MPD,2024/02/16 21:02:52+00,7787,
-8575666.76658869,4708790.9678747,16036050,1500 block of 16th St NW,2016/03/08 05:00:00+00,1000,2016/03/09 05:00:00+00,2016,3,2D,Ward 2,Religion,Jewish,Damage/Defacing/Destruction of Property,806024,396832.3,138017.43,38.91001273,-77.03652298,,,MPD,2024/02/16 21:02:52+00,7788,
-8570837.41606276,4710537.00007338,16039876,900 block of Rhode Island Ave NE,2016/03/15 04:00:00+00,1708-1715,2016/03/15 04:00:00+00,2016,3,5D,Ward 5,Sexual Orientation,,Simple Assault,814008,400594.86,139371.55,38.9222166,-76.9931402,,,MPD,2024/02/16 21:02:52+00,7789,
-8565077.07087313,4705896.63892035,16041944,4100 block of East Capitol St NE,2016/03/19 04:00:00+00,2400-2404,2016/03/19 04:00:00+00,2016,3,6D,Ward 7,Ethnicity/National Origin,Latino/Hispanic,Robbery,807435,405084.42521867,135772.23634743,38.88977823,-76.94139416,,,MPD,2024/02/16 21:02:52+00,7790,
-8574501.50710135,4714113.50234583,16043698,900 block of Crittenden St NW,2016/03/22 04:00:00+00,0940,2016/03/22 04:00:00+00,2016,3,4D,Ward 4,Sexual Orientation,,Simple Assault,808804,397741.36,142146.11,38.94720797,-77.02605528,,,MPD,2024/02/16 21:02:52+00,7791,
-8575244.51833599,4711581.60925674,16045961,3100 block of 14th St NW,2016/03/25 04:00:00+00,1740,2016/03/25 04:00:00+00,2016,3,3D,Ward 1,Gender Identity/Expression,,Simple Assault,800897,397162.06,140182.43,38.92951689,-77.03272986,,,MPD,2024/02/16 21:02:52+00,7792,
-8580298.06924032,4713817.31133955,16047246,4300 block of Wisconsin Ave NW,2016/03/27 04:00:00+00,2020,2016/03/27 04:00:00+00,2016,3,2D,Ward 3,Ethnicity/National Origin,Latino/Hispanic,Threats,804419,393227.28,141918.97,38.94513863,-77.07812667,,,MPD,2024/02/16 21:02:52+00,7793,
-8563663.65810349,4707316.75094953,16051894,5000 block of Hayes St NE,2016/04/04 04:00:00+00,1745-1746,2016/04/04 04:00:00+00,2016,4,6D,Ward 7,Sexual Orientation,,Threats,815756,406185.1,136875.2,38.89970708,-76.92869726,,,MPD,2024/02/16 21:02:52+00,7794,
-8573929.49140939,4706978.56117192,16053744,600 block of F St NW,2016/04/08 04:00:00+00,0100-0144,2016/04/08 04:00:00+00,2016,4,1D,Ward 2,Race,Black,Simple Assault,804562,398185.53,136610.53,38.89734272,-77.02091678,,,MPD,2024/02/16 21:02:52+00,7795,
-8570969.615366,4708004.63839051,16054512,800 block of Florida Ave NE,2016/04/09 04:00:00+00,0355,2016/04/09 04:00:00+00,2016,4,5D,Ward 5/Ward 6,Religion,Jewish,Damage/Defacing/Destruction of Property,802627,400492,137406.63,38.90451601,-76.99432777,,,MPD,2024/10/08 19:13:03+00,7796,
-8576317.14879203,4710452.07111488,16054987,2400 block of 18th St NW,2016/04/10 04:00:00+00,0100-0115,2016/04/10 04:00:00+00,2016,4,3D,Ward 1,Sexual Orientation,,Simple Assault,813850,396326.17,139306.49,38.92162305,-77.04236546,,,MPD,2024/02/16 21:02:52+00,7797,
-8570969.615366,4708004.63839051,16058198,800 block of Florida Ave NE,2016/04/15 04:00:00+00,0914,2016/04/15 04:00:00+00,2016,4,5D,Ward 6,Religion,Jewish,Damage/Defacing/Destruction of Property,802627,400492,137406.63,38.90451601,-76.99432777,,,MPD,2024/02/16 21:02:52+00,7798,
-8574337.65963997,4712816.84381005,16070040,3800 block of Georgia Ave NW,2016/04/20 04:00:00+00,1115,2016/05/04 04:00:00+00,2016,5,4D,Ward 4,Sexual Orientation,,Threats,806775,397868.68,141140.38,38.93814839,-77.02458342,,,MPD,2024/02/16 21:02:52+00,7799,
-8574004.75278575,4711654.43915571,16062767,600 block of Kenyon St NW,2016/04/21 04:00:00+00,2330-2400,2016/04/22 04:00:00+00,2016,4,4D,Ward 1,Religion,Muslim,Damage/Defacing/Destruction of Property,806833,398127.74,140238.64,38.93002583,-77.02159286,,,MPD,2024/02/16 21:02:52+00,7800,
-8570284.22012923,4707794.50178206,16063030,1200 block of Morse St NE,2016/04/22 04:00:00+00,1625-1628,2016/04/22 04:00:00+00,2016,4,5D,Ward 5,Race,Black,Simple Assault,803110,401026.07,137243.61,38.903047,-76.98817076,,,MPD,2024/02/16 21:02:52+00,7801,
-8573141.68772993,4713475.24639028,16064153,4200 block of 2nd St NW,2016/04/24 04:00:00+00,1041-1100,2016/04/24 04:00:00+00,2016,4,4D,Ward 4,Sexual Orientation,,ADW,811534,398800.2,141650.86,38.94274871,-77.01383982,,,MPD,2024/02/16 21:02:52+00,7802,
-8574610.78572275,4710662.98923073,16066584,2500 block of 11th St NW,2016/04/28 04:00:00+00,0841-1100,2016/04/28 04:00:00+00,2016,4,3D,Ward 1,Sexual Orientation,,ADW,812308,397655.47,139469.62,38.92309712,-77.02703695,,,MPD,2024/02/16 21:02:52+00,7803,
-8573581.66998358,4710058.51693981,16071328,2100 block of 4th St NW,2016/05/05 04:00:00+00,2236,2016/05/06 04:00:00+00,2016,5,3D,Ward 1,Sexual Orientation,,ADW,802661,398457.04,139000.45,38.91887246,-77.01779225,,,MPD,2024/02/16 21:02:52+00,7804,
-8575440.80034943,4717027.87316597,16071395,1400 block of Tuckerman St NW,2016/05/06 04:00:00+00,0042-0202,2016/05/06 04:00:00+00,2016,5,4D,Ward 4,Race,Black,Simple Assault,801150,397010.77,144406.29,38.96756608,-77.03449309,,,MPD,2024/02/16 21:02:52+00,7805,
-8573762.34760854,4707954.76341796,16076517,500 block of L St NW,2016/05/14 04:00:00+00,0240-0244,2016/05/14 04:00:00+00,2016,5,5D,Ward 2,Gender Identity/Expression,,ADW,812058,398315.94,137368.09,38.90416735,-77.0194153,,,MPD,2024/02/16 21:02:52+00,7806,
-8574317.08355399,4712648.07696628,16078670,3700 block of Georgia Ave NW,2016/05/17 04:00:00+00,1720-1730,2016/05/17 04:00:00+00,2016,5,4D,Ward 4,Sexual Orientation,,Simple Assault,809816,397884.67,141009.47,38.93696915,-77.02439858,,,MPD,2024/02/16 21:02:52+00,7807,
-8573346.31984386,4707327.07009111,16079118,300 block of H St NW,2016/05/18 04:00:00+00,1153-1154,2016/05/18 04:00:00+00,2016,5,1D,Ward 6,Gender Identity/Expression,,Simple Assault,800047,398640.02,136880.91,38.89977922,-77.01567806,,,MPD,2024/02/16 21:02:52+00,7808,
-8580499.62933814,4714277.97693768,16080636,4500 block of Wisconsin Ave NW,2016/05/20 04:00:00+00,1759-1800,2016/05/20 04:00:00+00,2016,5,2D,Ward 3,Homelessness,,Simple Assault,803221,393070.63,142276.38,38.94835706,-77.07993731,,,MPD,2024/02/16 21:02:52+00,7809,
-8573397.25258834,4718181.89038183,16118491,200 block of Cedar St NW,2016/07/17 04:00:00+00,1930-1940,2016/07/17 04:00:00+00,2016,7,4D,Ward 4,Religion,Muslim,Threats,811878,398601.82,145300.55,38.97562576,-77.0161356,,,MPD,2024/02/16 21:02:52+00,7810,
-8574343.34295541,4709790.09900187,16118067,900 block of U St NW,2016/07/17 04:00:00+00,0020-0021,2016/07/17 04:00:00+00,2016,7,3D,Ward 1,Race,Black,Simple Assault,813703,397863.62,138792.33,38.91699641,-77.02463447,,,MPD,2024/02/16 21:02:52+00,7811,
-8576599.59644204,4708030.85847932,16119683,1100 block of 20th St NW,2016/07/19 04:00:00+00,0000-1710,2016/07/23 04:00:00+00,2016,7,2D,Ward 2,Religion,Jewish,Damage/Defacing/Destruction of Property,802734,396105.22,137427.92,38.9046993,-77.04490273,,,MPD,2024/02/16 21:02:52+00,7812,
-8574898.74115905,4709637.43695063,16214281,1900 block of 13th St NW,2016/07/25 04:00:00+00,1830-1835,2016/07/26 04:00:00+00,2016,7,5D,Ward 1,Sexual Orientation,,ADW,805617,397430.9,138674.01,38.91592938,-77.0296237,,,MPD,2024/02/16 21:02:52+00,7813,
-8571096.14477389,4701460.11556762,16123724,2600 block of Martin Luther King Ave SE,2016/07/25 04:00:00+00,2233-2343,2016/07/26 04:00:00+00,2016,7,7D,Ward 8,Sexual Orientation,,Threats,806491,400393.66249432,132326.35020023,38.85875093,-76.99546441,,,MPD,2024/02/16 21:02:52+00,7814,
-8578081.79187546,4709888.97822774,16128121,2650 block of Massachusetts Ave NW,2016/08/01 04:00:00+00,1902-2017,2016/08/01 04:00:00+00,2016,8,2D,Ward 2,Religion,Muslim,Threats,813802,394951.24,138870.37,38.91768751,-77.05821752,,,MPD,2024/02/16 21:02:52+00,7815,
-8563581.97600751,4706118.90590345,16129021,100 block of Division Ave NE,2016/08/03 04:00:00+00,0110-0700,2016/08/03 04:00:00+00,2016,8,6D,Ward 7,Sexual Orientation,,Threats,801773,406249.48320375,135945.58626759,38.89133232,-76.9279635,,,MPD,2024/02/16 21:02:52+00,7816,
-8568412.19251935,4700446.29268647,16131000,2400 block of Alabama Ave SE,2016/08/06 04:00:00+00,0405,2016/08/06 04:00:00+00,2016,8,7D,Ward 8,Ethnicity/National Origin,Latino/Hispanic,Robbery,806892,402486.54336026,131539.4476395,38.85165875,-76.97135406,,,MPD,2024/02/16 21:02:52+00,7817,
-8574040.8145288,4706709.70504603,16141289,400 block of 7th St NW,2016/08/21 04:00:00+00,1800-2059,2016/08/22 04:00:00+00,2016,8,1D,Ward 2,Religion,Jewish,Damage/Defacing/Destruction of Property,813752,398098.73,136401.89,38.89546303,-77.02191681,,,MPD,2024/02/16 21:02:52+00,7818,
-8575243.7960249,4711751.98868208,16144770,3300 block of 14th St NW,2016/08/28 04:00:00+00,0411-0503,2016/08/28 04:00:00+00,2016,8,3D,Ward 1,Gender Identity/Expression,,Simple Assault,811139,397162.67,140314.6,38.93070752,-77.03272337,,,MPD,2024/02/16 21:02:52+00,7819,
-8574581.68474922,4718051.31806895,16150940,6900 block of Georgia Ave NW,2016/09/06 04:00:00+00,2250-2310,2016/09/07 04:00:00+00,2016,9,4D,Ward 4,Ethnicity/National Origin,Latino/Hispanic,Simple Assault,800189,397679.82,145199.54,38.97471389,-77.02677553,,,MPD,2024/02/16 21:02:52+00,7820,
-8570734.65450175,4698242.726409,16155806,900 block of Blakney Lane SE,2016/09/14 04:00:00+00,0045,2016/09/14 04:00:00+00,2016,9,7D,Ward 8,Gender Identity/Expression,,Threats,804707,400675.72348658,129827.64216591,38.8362413,-76.99221709,,,MPD,2024/02/16 21:02:52+00,7821,
-8571665.15424993,4705662.28144474,16157283,100 block of 4th St SE,2016/09/16 04:00:00+00,1715,2016/09/16 04:00:00+00,2016,9,1D,Ward 6,Disability,,Simple Assault,800642,399950.03580591,135588.69999526,38.88813957,-77.0005759,,,MPD,2024/02/16 21:02:52+00,7822,
-8573487.0426795,4709383.51418396,16162028,400 block of Florida Ave NW,2016/09/23 04:00:00+00,2151-2215,2016/09/23 04:00:00+00,2016,9,3D,Ward 1,Race,White,Simple Assault,807218,398530.66,138476.71,38.91415456,-77.0169422,,,MPD,2024/02/16 21:02:52+00,7823,
-8575302.47915081,4709056.35766379,16168163,1400 block of Corcoran St NW,2016/10/01 04:00:00+00,1300-1720,2016/10/03 04:00:00+00,2016,10,3D,Ward 2,Race,Black,Damage/Defacing/Destruction of Property,806220,397116.2,138223.25,38.91186781,-77.03325054,,,MPD,2024/02/16 21:02:52+00,7824,
-8569588.03243831,4707464.93470449,16169200,1500 block of Maryland Ave NE,2016/10/05 04:00:00+00,1145-1238,2016/10/05 04:00:00+00,2016,10,5D,Ward 5,Gender Identity/Expression,,Simple Assault,800273,401568.59,136987.94,38.90074304,-76.9819168,,,MPD,2024/02/16 21:02:52+00,7825,
-8569544.15512273,4701228.37285082,16170819,1600 block of Morris Rd SE,2016/10/07 04:00:00+00,2030-2036,2016/10/08 04:00:00+00,2016,10,7D,Ward 8,Ethnicity/National Origin,Black/African,Threats,808414,401603.76,132146.55,38.85712984,-76.98152265,,,MPD,2024/02/16 21:02:52+00,7826,
-8575244.47875128,4712836.94077308,16175768,3800 block of 14th St NW,2016/10/16 04:00:00+00,0240-0320,2016/10/16 04:00:00+00,2016,10,1D,Ward 4,Gender Identity/Expression,,Simple Assault,803759,397162.44,141156.19,38.93828881,-77.03272951,,,MPD,2024/02/16 21:02:52+00,7827,
-8570263.61322133,4699063.25536602,16176048,1300 block of Congress St SE,2016/10/16 04:00:00+00,1542-1642,2016/10/16 04:00:00+00,2016,10,7D,Ward 8,Gender Identity/Expression,,ADW,804649,401043.01871892,130465.0051745,38.84198259,-76.98798565,,,MPD,2024/02/16 21:02:52+00,7828,
-8571174.41614749,4707468.25704019,16177646,800 block of 7th St NE,2016/10/19 04:00:00+00,0522-0525,2016/10/19 04:00:00+00,2016,10,1D,Ward 6,Gender Identity/Expression,,Simple Assault,806285,400332.44,136990.37,38.90076626,-76.99616753,,,MPD,2024/02/16 21:02:52+00,7829,
-8576849.27971648,4709374.84104644,16181036,2100 block of S St NW,2016/10/22 04:00:00+00,0300-1057,2016/10/24 04:00:00+00,2016,10,2D,Ward 2,Sexual Orientation,,Threats,805642,395911.21,138470.9,38.91409394,-77.04714568,,,MPD,2024/02/16 21:02:52+00,7830,
-8579566.48855005,4710263.39857697,16179656,2300 block of Wisconsin Ave NW,2016/10/22 04:00:00+00,0313,2016/10/22 04:00:00+00,2016,10,2D,Ward 3,Sexual Orientation,,Simple Assault,814763,393794.83,139161.69,38.92030441,-77.07155477,,,MPD,2024/02/16 21:02:52+00,7831,
-8572534.78567368,4706958.71114337,16180630,Unit block of Massachusetts Ave NE,2016/10/23 04:00:00+00,1714-1821,2016/10/23 04:00:00+00,2016,10,1D,Ward 6,Sexual Orientation,,ADW,800876,399272.37,136594.95,38.89720394,-77.00838793,,,MPD,2024/02/16 21:02:52+00,7832,
-8573862.73724949,4709589.44182512,16184816,600 block of Florida Ave NW,2016/10/30 04:00:00+00,0151-0345,2016/10/30 04:00:00+00,2016,10,3D,Ward 1/Ward 2,Sexual Orientation,,Simple Assault,810091,398238,138636.55,38.91559392,-77.02031712,,,MPD,2024/10/08 19:05:22+00,7833,
-8574304.73060518,4710560.95142167,16188074,2500 block of 9th St NW,2016/11/04 04:00:00+00,1745,2016/11/04 04:00:00+00,2016,11,3D,Ward 1,Ethnicity/National Origin,Latino/Hispanic,Threats,807180,397893.86,139390.39,38.922384,-77.02428761,,,MPD,2024/02/16 21:02:52+00,7834,
-8573400.52483639,4708843.67661068,16188276,1500 block of 4th St NW,2016/11/04 04:00:00+00,1551,2016/11/04 04:00:00+00,2016,11,3D,Ward 5,Gender Identity/Expression,,ADW,814162,398597.99,138057.82,38.91038117,-77.01616499,,,MPD,2024/02/16 21:02:52+00,7835,
-8580613.7526707,4708316.77679417,16189410,1400 block of Foxhall Rd NW,2016/11/05 04:00:00+00,2000-1059,2016/11/06 04:00:00+00,2016,11,2D,Ward 3,Political Affiliation,,Damage/Defacing/Destruction of Property,813923,392977.66,137651.95,38.90669802,-77.0809625,,,MPD,2024/02/16 21:02:52+00,7836,
-8574317.08355399,4712648.07696628,16190338,3700 block of Georgia Ave NW,2016/11/07 05:00:00+00,2040,2016/11/07 05:00:00+00,2016,11,4D,Ward 4,Gender Identity/Expression,,Simple Assault,809816,397884.67,141009.47,38.93696915,-77.02439858,,,MPD,2024/02/16 21:02:52+00,7837,
-8580043.04788452,4711403.8044303,16193410,2900 block of Bellevue Ter NW,2016/11/12 05:00:00+00,0000-1030,2016/11/13 05:00:00+00,2016,11,2D,Ward 3,Religion,Jewish,Damage/Defacing/Destruction of Property,807284,393424.32,140046.72,38.92827435,-77.07583577,,,MPD,2024/02/16 21:02:52+00,7838,
-8579502.10072285,4708458.62295354,16195957,3700 block of O St NW,2016/11/13 05:00:00+00,0105,2016/11/17 05:00:00+00,2016,11,2D,Ward 2,Religion,Muslim,Simple Assault,810249,393843.9,137761.3,38.90768958,-77.07097637,,,MPD,2024/02/16 21:02:52+00,7839,
-8576518.37188795,4708167.4945547,16196212,1900 block of M St NW,2016/11/18 05:00:00+00,0215,2016/11/18 05:00:00+00,2016,11,2D,Ward 2,Political Affiliation,,ADW,813384,396168.56,137533.92,38.90565447,-77.04417308,,,MPD,2024/02/16 21:02:52+00,7840,
-8574096.51096584,4709717.49744568,16196907,700 block of Florida Ave NW,2016/11/19 05:00:00+00,0409,2016/11/19 05:00:00+00,2016,11,3D,Ward 1,Sexual Orientation,,ADW,800541,398055.9,138735.95,38.91648896,-77.02241714,,,MPD,2024/02/16 21:02:52+00,7841,
-8574337.65963997,4712816.84381005,16197526,3800 block of Georgia Ave NW,2016/11/20 05:00:00+00,0545-0630,2016/11/20 05:00:00+00,2016,11,4D,Ward 4,Sexual Orientation,,Simple Assault,806775,397868.68,141140.38,38.93814839,-77.02458342,,,MPD,2024/02/16 21:02:52+00,7842,
-8563110.3940542,4706633.8681461,16202012,5300 block of Dix St NE,2016/11/28 05:00:00+00,1910,2016/11/28 05:00:00+00,2016,11,6D,Ward 7,Sexual Orientation,,Simple Assault,806027,406616.66608409,136345.56722796,38.89493281,-76.92372721,,,MPD,2024/02/16 21:02:52+00,7843,
-8570713.80476661,4699039.83903005,16208137,3300 block of 10th Pl SE,2016/12/09 05:00:00+00,1130,2016/12/09 05:00:00+00,2016,12,7D,Ward 8,Sexual Orientation,,Simple Assault,800977,400691.9308146,130446.77947849,38.84181875,-76.99202979,,,MPD,2024/02/16 21:02:52+00,7844,
-8577323.37761784,4708252.94755782,16212622,1200 block of 24th St NW,2016/12/17 05:00:00+00,0152,2016/12/17 05:00:00+00,2016,12,2D,Ward 2,Religion,Christian,Simple Assault,808655,395541.36,137600.56,38.90625183,-77.05140457,,,MPD,2024/02/16 21:02:52+00,7845,
-8573762.34760854,4707954.76341796,16213056,540 block of L St NW,2016/12/17 05:00:00+00,2041,2016/12/17 05:00:00+00,2016,12,1D,Ward 2,Sexual Orientation,,Threats,812058,398315.94,137368.09,38.90416735,-77.0194153,,,MPD,2024/02/16 21:02:52+00,7846,
-8571664.89963878,4698698.20465423,17003228,3400 block of 4th ST SE,2017/01/05 05:00:00+00,1533,2017/01/06 05:00:00+00,2017,1,7D,Ward 8,Sexual Orientation,,Threats,815806,399950.2,130181.4,38.83942837,-77.00057362,,,MPD,2024/02/16 21:02:52+00,7847,
-8574040.7859631,4707234.16437231,17008389,700 block of 7th St NW,2017/01/15 05:00:00+00,1812,2017/01/15 05:00:00+00,2017,1,1D,Ward 2,Political Affiliation,,Simple Assault,803289,398098.85,136808.92,38.89912971,-77.02191656,,,MPD,2024/02/16 21:02:52+00,7848,
-8579873.26565944,4709159.5390759,17009376,3800 block of Reservoir Rd NW,2017/01/17 05:00:00+00,1340,2017/01/17 05:00:00+00,2017,1,2D,Ward 2,Race,Black,ADW,816538,393555.15,138305.41,38.91258904,-77.0743106,,,MPD,2024/02/16 21:02:52+00,7849,
-8569406.20642179,4702993.80778353,17014388,1700 block of R St SE,2017/01/26 05:00:00+00,0703,2017/01/26 05:00:00+00,2017,1,6D,Ward 8,Gender Identity/Expression,,ADW,802238,401711.02278354,133517.36444134,38.8694785,-76.98028344,,,MPD,2024/02/16 21:02:52+00,7850,
-8576063.38544518,4708571.33224618,17014929,1700 block of Massachusetts Ave NW,2017/01/27 05:00:00+00,0300,2017/01/27 05:00:00+00,2017,1,2D,Ward 2,Religion,Jewish,Damage/Defacing/Destruction of Property,811901,396523.21,137847.13,38.90847745,-77.04008587,,,MPD,2024/02/16 21:02:52+00,7851,
-8576063.96267023,4708394.52342055,17016247,1700 block of N St NW,2017/01/29 05:00:00+00,0300,2017/01/29 05:00:00+00,2017,1,2D,Ward 2,Political Affiliation,,ADW,804804,396522.7,137709.93,38.9072415,-77.04009106,,,MPD,2024/02/16 21:02:52+00,7852,
-8573757.89928471,4706582.5336783,17029252,500 block of Indiana Ave NW,2017/02/03 05:00:00+00,1100,2017/02/20 05:00:00+00,2017,2,1D,Ward 2/Ward 6,Sexual Orientation,,Simple Assault,800013,398319.18,136303.14,38.8945739,-77.01937534,,,MPD,2024/10/08 19:09:20+00,7853,
-8575010.91621376,4708489.18761038,17020132,1300 block of Vermont Ave NW,2017/02/04 05:00:00+00,1900,2017/02/04 05:00:00+00,2017,2,3D,Ward 2,Sexual Orientation,,ADW,810205,397343.21,137783.07,38.90790323,-77.03063138,,,MPD,2024/02/16 21:02:52+00,7854,
-8579748.2870827,4711200.78928538,17021479,2800 block of Wisconsin Ave NW,2017/02/06 05:00:00+00,1700,2017/02/07 05:00:00+00,2017,2,2D,Ward 3,Religion,Jewish,Threats,812996,393653.79,139889.04,38.9268556,-77.07318789,,,MPD,2024/02/16 21:02:52+00,7855,
-8576317.14879203,4710452.07111488,17027193,2400 block of 18th St NW,2017/02/17 05:00:00+00,0225,2017/02/17 05:00:00+00,2017,2,3D,Ward 1,Race,Black,Simple Assault,813850,396326.17,139306.49,38.92162305,-77.04236546,,,MPD,2024/02/16 21:02:52+00,7856,
-8576382.17519247,4710576.33373234,17027720,1800 block of Columbia Rd NW,2017/02/18 05:00:00+00,0025,2017/02/18 05:00:00+00,2017,2,3D,Ward 1,Ethnicity/National Origin,Black/African,Threats,807751,396275.56,139402.92,38.9224915,-77.04294961,,,MPD,2024/02/16 21:02:52+00,7857,
-8579748.2870827,4711200.78928538,17029569,2800 block of Wisconsin Ave NW,2017/02/18 05:00:00+00,0948,2017/02/21 05:00:00+00,2017,2,2D,Ward 3,Religion,Jewish,Threats,812996,393653.79,139889.04,38.9268556,-77.07318789,,,MPD,2024/02/16 21:02:52+00,7858,
-8571428.5337371,4698739.28655029,17029776,3300 block of 6th St SE,2017/02/21 05:00:00+00,1500,2017/02/21 05:00:00+00,2017,2,7D,Ward 8,Sexual Orientation,,Damage/Defacing/Destruction of Property,809813,400134.54,130213.31,38.83971582,-76.99845031,,,MPD,2024/02/16 21:02:52+00,7859,
-8575346.34443527,4707048.21791709,17031021,600 block of 15th St NW,2017/02/22 05:00:00+00,1820,2017/02/23 05:00:00+00,2017,2,2D,Ward 2,Sexual Orientation,,Simple Assault,803528,397081.45,136664.92,38.89782971,-77.03364458,,,MPD,2024/02/16 21:02:52+00,7860,
-8575885.12663161,4709003.36591467,12003845,1600 block of 17th St NW ,2012/01/08 05:00:00+00,1500-1505,2012/01/08 05:00:00+00,2012,1,3D,Ward 2,Sexual Orientation,,Threats,808622,396662.24,138182.31,38.9114974,-77.03848454,,,MPD,2024/02/16 21:02:52+00,7861,
-8573294.00546844,4704271.49799696,12005834,3rd St SW and K St SW,2012/01/12 05:00:00+00,1722,2012/01/12 05:00:00+00,2012,1,1D,Ward 6,Sexual Orientation,,Robbery,903177,398680.39001273,134509.21999426,38.87841421,-77.01520812,,,MPD,2024/02/16 21:02:52+00,7862,
-8574579.8314342,4711982.95177919,12006285,Park Rd NW and Sherman Ave NW,2012/01/13 05:00:00+00,1255-1258,2012/01/13 05:00:00+00,2012,1,4D,Ward 1,Race,Unspecified,Simple Assault,902294,397679.8830038,140493.59539181,38.93232148,-77.02675888,,,MPD,2024/02/16 21:02:52+00,7863,
-8576238.1846318,4709759.17804902,12006742,18th St NW and Florida Ave NW,2012/01/14 05:00:00+00,0431-0433,2012/01/14 05:00:00+00,2012,1,3D,Ward 1/Ward 2,Ethnicity/National Origin,Arab/Middle Eastern,Simple Assault,904132,396387.4374986,138768.87500621,38.91678029,-77.04165612,,,MPD,2024/10/08 19:01:31+00,7864,
-8573928.98170085,4707331.74621241,12010912,600 block of H St NW,2012/01/22 05:00:00+00,1930,2012/01/22 05:00:00+00,2012,1,1D,Ward 2,Race,Asian,Threats,807858,398185.99,136884.63,38.89981191,-77.0209122,,,MPD,2024/02/16 21:02:52+00,7865,
-8570130.42255556,4699505.51318863,12010626,1300 block of Alabama Ave SE,2012/01/22 05:00:00+00,0145,2012/01/22 05:00:00+00,2012,1,7D,Ward 8,Sexual Orientation,,ADW,812079,401146.84,130808.51,38.84507691,-76.98678918,,,MPD,2024/02/16 21:02:52+00,7866,
-8571828.29381396,4705035.25081805,12019568,400 block of 3rd St SE,2012/02/08 05:00:00+00,1200-1230,2012/02/09 05:00:00+00,2012,2,1D,Ward 6,Race,Black,Threats,803721,399822.88,135101.99,38.88375508,-77.00204141,,,MPD,2024/02/16 21:02:52+00,7867,
-8575253.15039839,4705606.88117646,12021883,1400 block of Independence Ave SW,2012/02/14 05:00:00+00,0900-0915,2012/02/14 05:00:00+00,2012,2,1D,Ward 2,Ethnicity/National Origin,Unspecified,Simple Assault,802956,397153.67,135546.21,38.8877522,-77.03280741,,,MPD,2024/02/16 21:02:52+00,7868,
-8574103.96412594,4713361.65925792,12026003,700 block of Upshur St NW,2012/02/23 05:00:00+00,0150-0153,2012/02/23 05:00:00+00,2012,2,4D,Ward 4,Sexual Orientation,,Robbery,800289,398050.79,141562.91,38.94195508,-77.02248409,,,MPD,2024/02/16 21:02:52+00,7869,
-8575244.51833599,4711581.60925674,12034069,3100 block of 14th St NW,2012/03/11 05:00:00+00,0636-0700,2012/03/11 05:00:00+00,2012,3,3D,Ward 1,Sexual Orientation,,ADW,800897,397162.06,140182.43,38.92951689,-77.03272986,,,MPD,2024/02/16 21:02:52+00,7870,
-8574186.87017356,4711513.47196075,12034811,Irving St NW and Georgia Ave NW,2012/03/12 04:00:00+00,2135-2140,2012/03/12 04:00:00+00,2012,3,3D,Ward 1,Sexual Orientation,,Robbery,902773,397985.85999608,140129.31999947,38.92904073,-77.02322885,,,MPD,2024/02/16 21:02:52+00,7871,
-8565773.19085663,4706880.3208988,12036881,4000 block of Minnesota Ave NE,2012/03/16 04:00:00+00,2315,2012/03/17 04:00:00+00,2012,3,6D,Ward 7,Sexual Orientation,,Robbery,816435,404541.47,136535.38,38.89665588,-76.94764751,,,MPD,2024/02/16 21:02:52+00,7872,
-8574266.57109603,4709844.5222668,12040991,2000 block of 9th St NW,2012/03/25 04:00:00+00,0257-0258,2012/03/25 04:00:00+00,2012,3,3D,Ward 1,Sexual Orientation,,Simple Assault,805059,397923.44,138834.54,38.91737679,-77.02394482,,,MPD,2024/02/16 21:02:52+00,7873,
-8570878.5561862,4699402.73297463,12042017,3000 block of 9th St SE,2012/03/27 04:00:00+00,1400-1435,2012/03/27 04:00:00+00,2012,3,7D,Ward 8,Sexual Orientation,,Simple Assault,814370,400563.42627048,130728.62159075,38.8443578,-76.99350978,,,MPD,2024/02/16 21:02:52+00,7874,
-8578010.62460267,4708086.66019716,12042817,2800 block of Pennsylvania Ave NW,2012/03/29 04:00:00+00,0150,2012/03/29 04:00:00+00,2012,3,2D,Ward 2,Ethnicity/National Origin,Arab/Middle Eastern,Simple Assault,807663,395005.8,137471.84,38.90508939,-77.05757821,,,MPD,2024/02/16 21:02:52+00,7875,
-8575158.07062968,4709427.52863007,12059617,1800 block of 14th St NW,2012/04/04 04:00:00+00,0200,2012/05/02 04:00:00+00,2012,5,3D,Ward 1/Ward 2,Race,Black,Simple Assault,810471,397228.81,138511.21,38.91446221,-77.03195329,,,MPD,2024/10/08 19:02:30+00,7876,
-8574962.4846849,4706715.89609151,12052642,1300 block of Pennsylvania Ave NW,2012/04/06 04:00:00+00,0832-1241,2012/04/18 04:00:00+00,2012,4,2D,Ward 2,Race,Black,Threats,800757,397380.49,136406.9,38.89550632,-77.03019631,,,MPD,2024/02/16 21:02:52+00,7877,
-8568825.17585848,4699339.40740469,12050382,1900 block of Mississippi Ave SE,2012/04/13 04:00:00+00,1833-1845,2012/04/13 04:00:00+00,2012,4,7D,Ward 8,Sexual Orientation,,Simple Assault,814208,402164.74979196,130679.7141667,38.84391474,-76.97506395,,,MPD,2024/02/16 21:02:52+00,7878,
-8575484.6563669,4712445.3045219,12052410,1500 block of Ogden St NW,2012/04/17 04:00:00+00,2140,2012/04/17 04:00:00+00,2012,4,4D,Ward 1,Gender Identity/Expression,,Threats,803978,396975.27,140852.48,38.93555228,-77.03488706,,,MPD,2024/02/16 21:02:52+00,7879,
-8577033.04971404,4708736.85072784,12058115,22nd St NW and P St NW,2012/04/29 04:00:00+00,0230,2012/04/29 04:00:00+00,2012,4,2D,Ward 2,Race,Unspecified,Damage/Defacing/Destruction of Property,906688,395767.77397803,137975.93481347,38.90963445,-77.04879651,,,MPD,2024/02/16 21:02:52+00,7880,
-8575301.45557911,4709950.05158994,12060407,1400 block of V St NW,2012/05/03 04:00:00+00,2149-2248,2012/05/04 04:00:00+00,2012,5,5D,Ward 1,Sexual Orientation,,Threats,811679,397117.25,138916.67,38.91811437,-77.03324134,,,MPD,2024/02/16 21:02:52+00,7881,
-8574121.52964024,4712424.01304668,12062696,700 block of Princeton Pl NW,2012/05/08 04:00:00+00,0830,2012/05/08 04:00:00+00,2012,5,4D,Ward 1,Race,Black,Damage/Defacing/Destruction of Property,806742,398036.93,140835.63,38.9354035,-77.02264189,,,MPD,2024/02/16 21:02:52+00,7882,
-8571174.3938349,4707387.95398253,12066780,7th St NE and H St NE,2012/05/16 04:00:00+00,0130,2012/05/16 04:00:00+00,2012,5,1D,Ward 6,Gender Identity/Expression,,Simple Assault,901151,400332.45999826,136928.0500125,38.90020486,-76.99616733,,,MPD,2024/02/16 21:02:52+00,7883,
-8576241.55219465,4708167.60762315,12069176,18th St NW and M St NW,2012/05/20 04:00:00+00,1000,2012/05/20 04:00:00+00,2012,5,2D,Ward 2,Sexual Orientation,,Simple Assault,906209,396384.2500106,137533.90626906,38.90565526,-77.04168637,,,MPD,2024/02/16 21:02:52+00,7884,
-8573209.60652286,4707718.67684795,12077382,200 block of K St NW,2012/06/05 04:00:00+00,0312-0345,2012/06/05 04:00:00+00,2012,6,1D,Ward 6,Race,Unspecified,Simple Assault,810843,398746.6,137184.8,38.90251693,-77.01444995,,,MPD,2024/02/16 21:02:52+00,7885,
-8575775.43790826,4709162.39409631,12079041,1600 block of R St NW,2012/06/08 04:00:00+00,0220-0223,2012/06/08 04:00:00+00,2012,6,3D,Ward 2,Sexual Orientation,,Simple Assault,812936,396747.75,138305.67,38.91260899,-77.03749919,,,MPD,2024/02/16 21:02:52+00,7886,
-8573556.33456952,4706230.04211647,12082150,4th St NW and Pennsylvania Ave NW,2012/06/13 04:00:00+00,1937-1938,2012/06/13 04:00:00+00,2012,6,1D,Ward 2/Ward 6,Race,Unspecified,Threats,906301,398476.20518054,136029.52636367,38.89210938,-77.01756466,,,MPD,2024/10/08 19:09:20+00,7887,
-8575758.89620484,4711469.48074678,12086552,Irving St NW and Mount Pleasant St NW,2012/06/22 04:00:00+00,0430,2012/06/22 04:00:00+00,2012,6,4D,Ward 1,Sexual Orientation,,Robbery,905760,396761.37001095,140095.59999944,38.92873331,-77.0373506,,,MPD,2024/02/16 21:02:52+00,7888,
-8575157.9001331,4708680.79321457,12087498,1400 block of 14th St NW,2012/06/23 04:00:00+00,2220-2225,2012/06/23 04:00:00+00,2012,6,3D,Ward 2,Sexual Orientation,,Simple Assault,811823,397228.74,137931.79,38.9092426,-77.03195176,,,MPD,2024/02/16 21:02:52+00,7889,
-8573909.76946361,4709595.38560312,12089021,600 block of T St NW,2012/06/26 04:00:00+00,2040-2100,2012/06/27 04:00:00+00,2012,6,1D,Ward 1/Ward 2,Sexual Orientation,,ADW,800090,398201.36,138641.17,38.91563546,-77.02073961,,,MPD,2024/10/08 19:05:23+00,7890,
-8569016.13753305,4703132.84123531,12092554,1900 block of Minnesota Ave Ave SE,2012/06/30 04:00:00+00,0837-0840,2012/07/03 04:00:00+00,2012,7,6D,Ward 8,Gender Identity/Expression,,Simple Assault,806143,402015.08,133625.38,38.87045091,-76.97677939,,,MPD,2024/02/16 21:02:52+00,7891,
-8573862.73724949,4709589.44182512,12091566,600 block of Florida Ave NW,2012/07/01 04:00:00+00,0300-0330,2012/07/01 04:00:00+00,2012,7,3D,Ward 2,Sexual Orientation,,Simple Assault,810091,398238,138636.55,38.91559392,-77.02031712,,,MPD,2024/02/16 21:02:52+00,7892,
-8576240.99606444,4710105.63248259,12091731,2200 block of 18th St NW,2012/07/01 04:00:00+00,2250,2012/07/01 04:00:00+00,2012,7,3D,Ward 1,Sexual Orientation,,Simple Assault,811212,396385.37,139037.68,38.91920176,-77.04168137,,,MPD,2024/02/16 21:02:52+00,7893,
-8575973.11373126,4709374.50033096,12092003,New Hampshire Ave NW and S St NW,2012/07/01 04:00:00+00,1900-1903,2012/07/01 04:00:00+00,2012,7,2D,Ward 2,Ethnicity/National Origin,Asian,Simple Assault,900574,396593.81250679,138470.31250993,38.91409156,-77.03927495,,,MPD,2024/02/16 21:02:52+00,7894,
-8575157.62324775,4708622.87853518,12101740,14th St NW and Rhode Island Ave NW,2012/07/17 04:00:00+00,1330,2012/07/17 04:00:00+00,2012,7,3D,Ward 2,Disability,,Simple Assault,906402,397228.93999538,137886.85001339,38.90883777,-77.03194927,,,MPD,2024/02/16 21:02:52+00,7895,
-8574040.61490866,4707659.23135869,12109242,7th St NW and K St NW,2012/08/04 04:00:00+00,0400,2012/08/04 04:00:00+00,2012,8,1D,Ward 6,Sexual Orientation,,Robbery,900796,398099.06249219,137138.7968927,38.90210135,-77.02191502,,,MPD,2024/02/16 21:02:52+00,7896,
-8564346.59072408,4705032.09984253,12110368,E St SE and Benning Rd SE,2012/08/06 04:00:00+00,1500,2012/08/06 04:00:00+00,2012,8,6D,Ward 7,Sexual Orientation,,Robbery,910993,405654.2000032,135101.55999481,38.88373305,-76.93483215,,,MPD,2024/02/16 21:02:52+00,7897,
-8573401.5481603,4707805.98594521,12112229,1000 block of 4th St NW,2012/08/10 04:00:00+00,0045,2012/08/10 04:00:00+00,2012,8,Unk,Ward 6,Gender Identity/Expression,,Simple Assault,806790,398597.05,137252.58,38.90312729,-77.01617419,,,MPD,2024/02/16 21:02:52+00,7898,
-8573816.95108425,4707224.22971866,12113128,700 block of 6th St NW,2012/08/11 04:00:00+00,1746,2012/08/11 04:00:00+00,2012,8,1D,Ward 2,Religion,Jewish,Threats,813230,398273.27,136801.17,38.89906025,-77.01990581,,,MPD,2024/02/16 21:02:52+00,7899,
-8574211.37556986,4707137.34034257,12114937,800 block of G St NW,2012/08/15 04:00:00+00,1050,2012/08/15 04:00:00+00,2012,8,1D,Ward 2,Political Affiliation,,ADW,803164,397965.9,136733.81,38.89845279,-77.02344899,,,MPD,2024/02/16 21:02:52+00,7900,
-8572256.24091086,4707960.84919014,12116716,1100 block of 1st St NE,2012/08/18 04:00:00+00,1745,2012/08/18 04:00:00+00,2012,8,5D,Ward 6,Sexual Orientation,,Threats,800351,399489.48,137372.65,38.90420989,-77.00588572,,,MPD,2024/02/16 21:02:52+00,7901,
-8569157.3421055,4703042.52195272,12117324,1800 block of Minnesota Ave SE,2012/08/19 04:00:00+00,2130-2135,2012/08/19 04:00:00+00,2012,8,6D,Ward 8,Gender Identity/Expression,,ADW,806952,401905.02,133555.23,38.86981921,-76.97804785,,,MPD,2024/02/16 21:02:52+00,7902,
-8571909.25243565,4699099.93631873,12118951,3300 block of Martin Luther King Jr Ave,2012/08/23 04:00:00+00,0241,2012/08/23 04:00:00+00,2012,8,7D,Ward 8,Sexual Orientation,,Simple Assault,806338,399759.64,130493.43,38.84223924,-77.00276867,,,MPD,2024/02/16 21:02:52+00,7903,
-8565021.41385291,4707224.66778814,12046039,4200 block of Gault Pl NE,2012/08/23 04:00:00+00,1200-1800,2012/04/04 04:00:00+00,2012,4,6D,Ward 7,Sexual Orientation,,Threats,812613,405127.13389071,136802.98121238,38.89906331,-76.94089418,,,MPD,2024/02/16 21:02:52+00,7904,
-8573878.83546716,4709195.78528678,12119254,600 block of Rhode Island Ave NW,2012/08/23 04:00:00+00,1656,2012/08/23 04:00:00+00,2012,8,3D,Ward 2,Sexual Orientation,,Simple Assault,813924,398225.39,138331.11,38.91284239,-77.02046173,,,MPD,2024/02/16 21:02:52+00,7905,
-8571795.20202818,4696154.77876593,12120516,4700 block of South Capitol St SE,2012/08/25 04:00:00+00,2353,2012/08/25 04:00:00+00,2012,8,7D,Ward 8,Sexual Orientation,,ADW,809409,399848.54,128205.63,38.8216297,-77.00174414,,,MPD,2024/02/16 21:02:52+00,7906,
-8577145.35607988,4708493.60427822,12121983,1300 block of 23rd St NW,2012/08/29 04:00:00+00,0010-0031,2012/08/29 04:00:00+00,2012,8,2D,Ward 2,Sexual Orientation,,Robbery,814994,395680.17,137787.23,38.90793411,-77.04980538,,,MPD,2024/02/16 21:02:52+00,7907,
-8569016.13753305,4703132.84123531,12123570,1900 block of Minnesota Ave SE,2012/08/31 04:00:00+00,2353,2012/08/31 04:00:00+00,2012,8,6D,Ward 8,Sexual Orientation,,Robbery,806143,402015.08,133625.38,38.87045091,-76.97677939,,,MPD,2024/02/16 21:02:52+00,7908,
-8575244.51833599,4711581.60925674,12124273,3100 block of 14th St NW,2012/09/02 04:00:00+00,1411,2012/09/02 04:00:00+00,2012,9,3D,Ward 1,Religion,Other/Unknown Religion,Robbery,800897,397162.06,140182.43,38.92951689,-77.03272986,,,MPD,2024/02/16 21:02:52+00,7909,
-8575157.994401,4710166.13380086,12128457,2200 block of 14th St NW,2012/09/11 04:00:00+00,0207,2012/09/11 04:00:00+00,2012,9,3D,Ward 1,Sexual Orientation,,Simple Assault,810063,397229.07,139084.28,38.91962462,-77.03195261,,,MPD,2024/02/16 21:02:52+00,7910,
-8574381.66749778,4709162.04824079,12132265,900 block of R St NW,2012/09/18 04:00:00+00,1802,2012/09/18 04:00:00+00,2012,9,3D,Ward 2,Sexual Orientation,,ADW,812494,397833.63,138305.03,38.91260657,-77.02497875,,,MPD,2024/02/16 21:02:52+00,7911,
-8573884.66349335,4712066.42953832,12141095,3500 block of Warder St NW,2012/10/05 04:00:00+00,0800-1947,2012/10/05 04:00:00+00,2012,10,4D,Ward 1,Sexual Orientation,,Damage/Defacing/Destruction of Property,810158,398221.35,140558.21,38.93290481,-77.02051408,,,MPD,2024/02/16 21:02:52+00,7912,
-8576339.65633423,4708167.41229114,12146636,1800 block of M St NW,2012/10/12 04:00:00+00,1800-0820,2012/10/12 04:00:00+00,2012,10,2D,Ward 2,Religion,Jewish,Damage/Defacing/Destruction of Property,809121,396307.81,137533.79,38.90565389,-77.04256765,,,MPD,2024/02/16 21:02:52+00,7913,
-8563350.66629056,4707038.22994008,12148536,600 block of Division Ave NE,2012/10/20 04:00:00+00,2258,2012/10/20 04:00:00+00,2012,10,6D,Ward 7,Gender Identity/Expression,,Simple Assault,814997,406429.17,136659.24,38.89775988,-76.92588561,,,MPD,2024/02/16 21:02:52+00,7914,
-8576340.39814621,4707719.83393698,12151408,1800 block of K St NW,2012/10/25 04:00:00+00,1800-1151 ,2012/10/26 04:00:00+00,2012,10,2D,Ward 2,Religion,Jewish,Damage/Defacing/Destruction of Property,805384,396307.07,137186.46,38.90252502,-77.04257432,,,MPD,2024/02/16 21:02:52+00,7915,
-8575415.48684441,4712162.61564994,12151904,1400 block of Meridian Pl ,2012/10/27 04:00:00+00,0412,2012/10/27 04:00:00+00,2012,10,4D,Ward 1,Race,Unspecified,Robbery,802153,397029.06,140633.18,38.93357694,-77.0342657,,,MPD,2024/02/16 21:02:52+00,7916,
-8571146.73478786,4700306.37552195,12153620,2700 block of Martin Luther King Jr Ave SE,2012/10/30 04:00:00+00,1230,2012/10/30 04:00:00+00,2012,10,7D,Ward 8,Sexual Orientation,,Simple Assault,802612,400354.25833428,131430.4068714,38.8506799,-76.99591886,,,MPD,2024/02/16 21:02:52+00,7917,
-8571367.71120135,4710826.34782127,12156229,600 block of Edgewood St NE,2012/11/05 05:00:00+00,1954,2012/11/05 05:00:00+00,2012,11,5D,Ward 5,Sexual Orientation,,Simple Assault,804594,400181.76,139596.01,38.92423879,-76.99790392,,,MPD,2024/02/16 21:02:52+00,7918,
-8575251.59668574,4707719.51212287,12162862,1400 block of K St NW,2012/11/19 05:00:00+00,1452,2012/11/19 05:00:00+00,2012,11,2D,Ward 2,Race,Black,Simple Assault,805270,397155.47,137185.86,38.90252277,-77.03279345,,,MPD,2024/02/16 21:02:52+00,7919,
-8570296.02130957,4708141.04103509,12164492,Montello Ave NE and Oates St NE,2012/11/23 05:00:00+00,1000,2012/11/23 05:00:00+00,2012,11,5D,Ward 5,Sexual Orientation,,Robbery,905902,401016.8399989,137512.53001304,38.90546954,-76.98827677,,,MPD,2024/02/16 21:02:52+00,7920,
-8573537.7641752,4709694.70414652,12171834,1900 block of 4th ST NW,2012/12/07 05:00:00+00,1900,2012/12/08 05:00:00+00,2012,12,3D,Ward 1,Race,Black,Damage/Defacing/Destruction of Property,809359,398491.19,138718.17,38.91632965,-77.01739784,,,MPD,2024/02/16 21:02:52+00,7921,
-8575035.00313114,4716184.05850237,12173827,1300 block of Missouri Ave NW,2012/12/12 05:00:00+00,1746,2012/12/12 05:00:00+00,2012,12,4D,Ward 4,Sexual Orientation,,Robbery,808087,397326.46,143751.91,38.96167228,-77.03084775,,,MPD,2024/02/16 21:02:52+00,7922,
-8580009.77727833,4716241.40069249,13000464,3800 block of Legation St NW,2013/01/02 05:00:00+00,1324,2013/01/02 05:00:00+00,2013,1,2D,Ward 3,Religion,Jewish,Damage/Defacing/Destruction of Property,806248,393453.34,143798.63,38.96207282,-77.0755369,,,MPD,2024/02/16 21:02:52+00,7923,
-8579139.16724024,4715828.22861792,13000847,5300 block of Nebraska Ave NW,2013/01/02 05:00:00+00,1600-0915,2013/01/03 05:00:00+00,2013,1,2D,Ward 3,Religion,Jewish,Damage/Defacing/Destruction of Property,811886,394130.92,143477.72,38.95918677,-77.06771608,,,MPD,2024/02/16 21:02:52+00,7924,
-8563897.29206311,4704587.10867217,13001980,5000 block of G St SE,2013/01/05 05:00:00+00,1952,2013/01/05 05:00:00+00,2013,1,6D,Ward 7,Gender Identity/Expression,,ADW,815559,406004.65,134756.39,38.8806213,-76.93079603,,,MPD,2024/02/16 21:02:52+00,7925,
-8575244.51833599,4711581.60925674,13005159,3100 block of 14th St NW,2013/01/12 05:00:00+00,1500,2013/01/12 05:00:00+00,2013,1,3D,Ward 1,Sexual Orientation,,Simple Assault,800897,397162.06,140182.43,38.92951689,-77.03272986,,,MPD,2024/02/16 21:02:52+00,7926,
-8575775.43790826,4709162.39409631,17200228,1600 block of R St NW,2017/11/19 05:00:00+00,0318,2017/11/19 05:00:00+00,2017,11,3D,Ward 2,Sexual Orientation,,Simple Assault,812936,396747.75,138305.67,38.91260899,-77.03749919,,,MPD,2024/02/16 21:02:52+00,7927,
-8574343.34295541,4709790.09900187,17200709,900 block of U St NW,2017/11/20 05:00:00+00,0051,2017/11/20 05:00:00+00,2017,11,3D,Ward 1,Sexual Orientation,,ADW,813703,397863.62,138792.33,38.91699641,-77.02463447,,,MPD,2024/02/16 21:02:52+00,7928,
-8573209.60652286,4707718.67684795,17201401,200 block of K St NW,2017/11/21 05:00:00+00,0940,2017/11/21 05:00:00+00,2017,11,1D,Ward 6,Ethnicity/National Origin,Jewish,Damage/Defacing/Destruction of Property,810843,398746.6,137184.8,38.90251693,-77.01444995,,,MPD,2024/02/16 21:02:52+00,7929,
-8573762.93423534,4707331.5768837,17206791,500 block of H St NW,2017/11/23 05:00:00+00,1500,2017/11/30 05:00:00+00,2017,11,1D,Ward 2,Ethnicity/National Origin,Jewish,Damage/Defacing/Destruction of Property,800244,398315.38,136884.47,38.89981073,-77.01942057,,,MPD,2024/02/16 21:02:52+00,7930,
-8577696.43237684,4708642.02945675,17203063,1400 block of 26th St NW,2017/11/23 05:00:00+00,0830,2017/11/24 05:00:00+00,2017,11,2D,Ward 2,Ethnicity/National Origin,Jewish,Damage/Defacing/Destruction of Property,803613,395250.87,137902.65,38.90897164,-77.05475578,,,MPD,2024/02/16 21:02:52+00,7931,
-8580480.06548635,4710405.83780122,17203090,2300 block of 40th Pl NW,2017/11/23 05:00:00+00,2230,2017/11/24 05:00:00+00,2017,11,2D,Ward 3,Race,Black,Damage/Defacing/Destruction of Property,812367,393083.24,139272.79,38.92129992,-77.07976157,,,MPD,2024/02/16 21:02:52+00,7932,
-8574269.28749301,4708844.30960958,17203324,1500 block of 9th St NW,2017/11/24 05:00:00+00,1947,2017/11/24 05:00:00+00,2017,11,3D,Ward 2,Ethnicity/National Origin,Arab/Middle Eastern,Simple Assault,808547,397921.12,138058.46,38.9103856,-77.02396922,,,MPD,2024/02/16 21:02:52+00,7933,
-8573738.75067383,4707547.8670599,17204268,500 block of I St NW,2017/11/26 05:00:00+00,1348,2017/11/26 05:00:00+00,2017,11,1D,Ward 6,Ethnicity/National Origin,Jewish,Damage/Defacing/Destruction of Property,801981,398334.26,137052.32,38.90132282,-77.01920333,,,MPD,2024/02/16 21:02:52+00,7934,
-8573514.59445669,4707433.52576826,17204180,400 block of Massachusetts Ave NW,2017/11/26 05:00:00+00,0855,2017/11/26 05:00:00+00,2017,11,1D,Ward 6,Ethnicity/National Origin,Jewish,Damage/Defacing/Destruction of Property,806146,398508.91,136963.55,38.90052346,-77.0171897,,,MPD,2024/02/16 21:02:52+00,7935,
-8574040.72539029,4707571.16064923,17204700,900 block of 7th St NW,2017/11/27 05:00:00+00,1041,2017/11/27 05:00:00+00,2017,11,1D,Ward 2,Ethnicity/National Origin,Jewish,Damage/Defacing/Destruction of Property,814494,398098.96,137070.45,38.90148566,-77.02191601,,,MPD,2024/02/16 21:02:52+00,7936,
-8574386.07644426,4707822.08953234,17206400,900 block of Massachusetts Ave NW,2017/11/29 05:00:00+00,1731,2017/11/29 05:00:00+00,2017,11,2D,Ward 2,Race,Black,Damage/Defacing/Destruction of Property,812637,397829.91,137265.25,38.90323987,-77.02501835,,,MPD,2024/02/16 21:02:52+00,7937,
-8570837.41606276,4710537.00007338,17207984,900 block of Rhode Island Ave NE,2017/12/02 05:00:00+00,1254,2017/12/02 05:00:00+00,2017,12,5D,Ward 5,Ethnicity/National Origin,Unspecified,Simple Assault,814008,400594.86,139371.55,38.9222166,-76.9931402,,,MPD,2024/02/16 21:02:52+00,7938,
-8564459.49755393,4706078.79690769,17207852,100 block of 46th Pl NE,2017/12/02 05:00:00+00,0544,2017/12/02 05:00:00+00,2017,12,6D,Ward 7,Sexual Orientation,,Simple Assault,814357,405565.62829112,135913.94524356,38.89105188,-76.93584641,,,MPD,2024/02/16 21:02:52+00,7939,
-8572608.34688993,4709214.31802656,17210790,1700 block of North Capitol St NE,2017/12/06 05:00:00+00,2340,2017/12/07 05:00:00+00,2017,12,5D,Ward 5,Race,Black,ADW,800093,399215.22,138345.33,38.91297193,-77.00904874,,,MPD,2024/02/16 21:02:52+00,7940,
-8571746.82547962,4705466.34055717,17211297,300 block of Pennsylvania Ave SE,2017/12/07 05:00:00+00,1950,2017/12/07 05:00:00+00,2017,12,1D,Ward 6,Race,Black,Simple Assault,809147,399886.38214185,135436.61119512,38.88676949,-77.00130957,,,MPD,2024/02/16 21:02:52+00,7941,
-8573247.05833011,4706705.96123973,17214121,400 block of 2nd St NW,2017/12/12 05:00:00+00,1912,2017/12/12 05:00:00+00,2017,12,1D,Ward 6,Ethnicity/National Origin,Jewish,Damage/Defacing/Destruction of Property,279729,398717.29,136398.86,38.89543686,-77.01478638,,,MPD,2024/02/16 21:02:52+00,7942,
-8575228.97956657,4711389.13115709,17215419,3000 block of 14th ST NW,2017/12/14 05:00:00+00,2316,2017/12/13 05:00:00+00,2017,12,3D,Ward 1,Sexual Orientation,,ADW,806449,397174.11,140033.11,38.9281718,-77.03259028,,,MPD,2024/02/16 21:02:52+00,7943,
-8579153.25759101,4708145.21417717,17217042,1200 block of 34th St NW,2017/12/17 05:00:00+00,0940,2017/12/17 05:00:00+00,2017,12,2D,Ward 2,Race,Black,Damage/Defacing/Destruction of Property,808214,394115.52,137517.89,38.90549872,-77.06784266,,,MPD,2024/02/16 21:02:52+00,7944,
-8575795.69095796,4719654.39911067,17220567,1600 block of Kalmia RD NW,2017/12/23 05:00:00+00,1600,2017/12/23 05:00:00+00,2017,12,4D,Ward 4,Race,Black,Threats,806432,396735.33,146442.58,38.98590846,-77.03768113,,,MPD,2024/02/16 21:02:52+00,7945,
-8570299.74348036,4706326.93793671,17220499,200 block of 13th ST NE,2017/12/23 05:00:00+00,1300,2017/12/23 05:00:00+00,2017,12,1D,Ward 6,Race,Black,Damage/Defacing/Destruction of Property,810318,401014.12,136104.65,38.89278685,-76.98831021,,,MPD,2024/02/16 21:02:52+00,7946,
-8570586.56947264,4704858.62123293,17222427,1100 block of Pennsylvania Ave SE,2017/12/27 05:00:00+00,2140,2017/12/27 05:00:00+00,2017,12,1D,Ward 6,Ethnicity/National Origin,Arab/Middle Eastern,ADW,800670,400790.70681469,134964.91916268,38.88251996,-76.99088681,,,MPD,2024/02/16 21:02:52+00,7947,
-8566281.60593827,4702321.20162631,17223754,2000 block of 38th ST SE,2017/12/30 05:00:00+00,1610,2017/12/30 05:00:00+00,2017,12,6D,Ward 7,Race,Black,Damage/Defacing/Destruction of Property,809490,404147.13,132996.04,38.86477408,-76.95221468,,,MPD,2024/02/16 21:02:52+00,7948,
-8569501.21930965,4698343.28321245,18006370,1300 block of Southern Ave SE,2017/12/31 05:00:00+00,1400,2018/01/13 05:00:00+00,2018,1,7D,Ward 8,Gender Identity/Expression,,Sexual Abuse,808913,401637.7,129905.89,38.83694492,-76.98113695,,,MPD,2024/02/16 21:02:52+00,7949,
-8569795.8728307,4707940.68429006,18009204,1400 block of Staples St NE,2018/01/17 05:00:00+00,1903,2018/01/17 05:00:00+00,2018,1,5D,Ward 5,Ethnicity/National Origin,Latino/Hispanic,Simple Assault,811530,401406.57,137357.11,38.90406893,-76.98378386,,,MPD,2024/02/16 21:02:52+00,7950,
-8571742.18629516,4696865.72734643,18009754,300 block of Livingston Ter SE,2018/01/18 05:00:00+00,1838,2018/01/18 05:00:00+00,2018,1,7D,Ward 8,Gender Identity/Expression,,Simple Assault,802041,399889.90473385,128757.95403692,38.8266053,-77.00126789,,,MPD,2024/02/16 21:02:52+00,7951,
-8575244.51833599,4711581.60925674,18009995,3100 block of 14th St NW,2018/01/19 05:00:00+00,0446,2018/01/19 05:00:00+00,2018,1,3D,Ward 1,Sexual Orientation,,Simple Assault,800897,397162.06,140182.43,38.92951689,-77.03272986,,,MPD,2024/02/16 21:02:52+00,7952,
-8574669.09671565,4708841.02599547,18010118,1100 block of Rhode Island Ave NW,2018/01/19 05:00:00+00,1202,2018/01/19 05:00:00+00,2018,1,3D,Ward 2,Sexual Orientation,,Damage/Defacing/Destruction of Property,814136,397609.62,138056,38.91036264,-77.02756077,,,MPD,2024/02/16 21:02:52+00,7953,
-8574610.56730529,4707225.08140621,18010652,700 block of 11th St NW,2018/01/20 05:00:00+00,0258,2018/01/20 05:00:00+00,2018,1,2D,Ward 2,Sexual Orientation,,Simple Assault,812220,397654.85,136801.99,38.8990662,-77.02703499,,,MPD,2024/02/16 21:02:52+00,7954,
-8569700.55395926,4706709.71780883,18015847,1500 block of Isherwood St NE,2018/01/28 05:00:00+00,2004,2018/01/28 05:00:00+00,2018,1,5D,Ward 7,Sexual Orientation,,ADW,809407,401481.02,136401.81,38.89546312,-76.9829276,,,MPD,2024/02/16 21:02:52+00,7955,
-8577378.87664313,4710820.76959092,18016303,2600 block of Connecticut Ave NW,2018/01/29 05:00:00+00,1632,2018/01/29 05:00:00+00,2018,1,2D,Ward 3,Race,White,Simple Assault,807493,395499.25,139592.96,38.92419981,-77.05190312,,,MPD,2024/02/16 21:02:52+00,7956,
-8569484.62593072,4700146.06107651,18017482,3200 block of Stanton Rd SE,2018/01/31 05:00:00+00,1816,2018/02/01 05:00:00+00,2018,2,7D,Ward 8,Race,White,ADW,815443,401650.35,131306.07,38.84955835,-76.98098789,,,MPD,2024/02/16 21:02:52+00,7957,
-8566253.9116562,4706118.4975093,18018660,3700 block of Minnesota Ave NE,2018/02/02 05:00:00+00,1330,2018/02/02 05:00:00+00,2018,2,6D,Ward 7,Gender Identity/Expression,,ADW,801740,404167.17,135943.9,38.89132947,-76.9519659,,,MPD,2024/02/16 21:02:52+00,7958,
-8568830.58681873,4709831.59283972,18018893,1800 block of New York Ave NE,2018/02/03 05:00:00+00,0203,2018/02/03 05:00:00+00,2018,2,5D,Ward 5,Sexual Orientation,,ADW,813064,402158.31,138824.53,38.91728642,-76.97511255,,,MPD,2024/02/16 21:02:52+00,7959,
-8569811.87814916,4709469.72757525,18025351,1400 block of Okie St NE,2018/02/14 05:00:00+00,0710,2018/02/14 05:00:00+00,2018,2,5D,Ward 5,Sexual Orientation,,Threats,816601,401393.89,138543.59,38.91475717,-76.98392764,,,MPD,2024/02/16 21:02:52+00,7960,
-8570541.28399995,4711081.74941815,18027375,2800 block of 12th St NE,2018/02/17 05:00:00+00,2323,2018/02/18 05:00:00+00,2018,2,5D,Ward 5,Ethnicity/National Origin,Asian,Simple Assault,812797,400825.5,139794.19,38.92602369,-76.99048,,,MPD,2024/02/16 21:02:52+00,7961,
-8574386.07644426,4707822.08953234,18028707,900 block of Massachusetts Ave NW,2018/02/20 05:00:00+00,1245,2018/02/18 05:00:00+00,2018,2,3D,Ward 2,Gender Identity/Expression,,Simple Assault,812637,397829.91,137265.25,38.90323987,-77.02501835,,,MPD,2024/02/16 21:02:52+00,7962,
-8571545.57573585,4708242.47772483,18030040,1200 block of 5th St NE,2018/02/22 05:00:00+00,1240,2018/02/22 05:00:00+00,2018,2,5D,Ward 6,Sexual Orientation,,ADW,806786,400043.22,137591.18,38.90617864,-76.99950171,,,MPD,2024/02/16 21:02:52+00,7963,
-8580847.36780091,4712486.31572044,18039188,4200 block of Massachusetts Ave NW,2018/03/01 05:00:00+00,0100,2018/03/10 05:00:00+00,2018,3,2D,Ward 3,Sexual Orientation,,Threats,811199,392798.58,140886.99,38.93583885,-77.0830611,,,MPD,2024/02/16 21:02:52+00,7964,
-8577428.84532631,4708110.7616584,18037611,2400 block of M St NW,2018/03/02 05:00:00+00,2100,2018/03/07 05:00:00+00,2018,3,2D,Ward 2,Religion,Jewish,Theft,803114,395459.12,137490.27,38.90525787,-77.052352,,,MPD,2024/02/16 21:02:52+00,7965,
-8576036.92450229,4709791.18674162,18035915,1700 block of U St NW,2018/03/04 05:00:00+00,1553,2018/03/04 05:00:00+00,2018,3,3D,Ward 2,Sexual Orientation,,Simple Assault,808175,396544.24,138793.64,38.91700401,-77.03984817,,,MPD,2024/02/16 21:02:52+00,7966,
-8571913.09384763,4707718.37469092,18035701,200 block of K St NE,2018/03/04 05:00:00+00,0352,2018/03/04 05:00:00+00,2018,3,5D,Ward 6,Gender Identity/Expression,,Simple Assault,811123,399756.85,137184.47,38.90251482,-77.00280318,,,MPD,2024/02/16 21:02:52+00,7967,
-8568830.58681873,4709831.59283972,18035702,2200 block of New York Ave NE,2018/03/04 05:00:00+00,0345,2018/03/04 05:00:00+00,2018,3,5D,Ward 5,Ethnicity/National Origin,Arab/Middle Eastern,Simple Assault,813064,402158.31,138824.53,38.91728642,-76.97511255,,,MPD,2024/02/16 21:02:52+00,7968,
-8571606.57194294,4703994.90491662,18037412,400 block of M St SE,2018/03/06 05:00:00+00,1230,2018/03/07 05:00:00+00,2018,3,1D,Ward 8,Gender Identity/Expression,,Threats,808481,399995.69193395,134294.38837806,38.87647991,-77.00004965,,,MPD,2024/02/16 21:02:52+00,7969,
-8576262.55025824,4708395.38751743,18042460,1800 block of N St NW,2018/03/16 04:00:00+00,0100,2018/03/16 04:00:00+00,2018,3,2D,Ward 2,Political Affiliation,,ADW,804256,396367.97,137710.67,38.90724754,-77.041875,,,MPD,2024/02/16 21:02:52+00,7970,
-8570299.74348036,4706326.93793671,18042877,200 block of 13th St NE,2018/03/16 04:00:00+00,0001,2018/03/16 04:00:00+00,2018,3,1D,Ward 6,Race,Black,Damage/Defacing/Destruction of Property,810318,401014.12,136104.65,38.89278685,-76.98831021,,,MPD,2024/02/16 21:02:52+00,7971,
-8573564.13586759,4704193.19348738,18044954,1100 block of 4th ST SW,2018/03/20 04:00:00+00,1309,2018/03/20 04:00:00+00,2018,3,1D,Ward 6,Race,Black,Threats,815976,398469.82,134448.47,38.87786661,-77.01763474,,,MPD,2024/02/16 21:02:52+00,7972,
-8576371.36239593,4710650.37664715,18047210,1800 block of Adams Mill Rd NW,2018/03/24 04:00:00+00,1449,2018/03/24 04:00:00+00,2018,3,3D,Ward 1,Race,White,Simple Assault,802257,396284.01,139460.36,38.92300898,-77.04285247,,,MPD,2024/02/16 21:02:52+00,7973,
-8574040.80672698,4707052.68859928,18048869,600 block of 7th St NW,2018/03/27 04:00:00+00,1806,2018/03/27 04:00:00+00,2018,3,1D,Ward 2,Sexual Orientation,,Simple Assault,803715,398098.8,136668.08,38.89786097,-77.02191674,,,MPD,2024/02/16 21:02:52+00,7974,
-8574336.07832531,4705053.52483866,18048916,900 block of L'Enfant Plaza SW,2018/03/27 04:00:00+00,1853,2018/03/27 04:00:00+00,2018,3,1D,Ward 6,Race,White,Simple Assault,816202,397868.29,135116.46,38.88388287,-77.02456921,,,MPD,2024/02/16 21:02:52+00,7975,
-8574154.71728084,4707234.88361202,18052609,700 block of 8th St NW,2018/04/03 04:00:00+00,0701,2018/04/03 04:00:00+00,2018,4,1D,Ward 2,Race,Black,Theft,807877,398010.07,136809.5,38.89913473,-77.02294002,,,MPD,2024/02/16 21:02:52+00,7976,
-8571327.69838389,4708844.83820619,18054104,500 block of Penn St NE,2018/04/04 04:00:00+00,1540,2018/04/04 04:00:00+00,2018,4,5D,Ward 5,Ethnicity/National Origin,Latino/Hispanic,Sexual Abuse,809085,400212.97,138058.6,38.91038929,-76.99754448,,,MPD,2024/02/16 21:02:52+00,7977,
-8574524.82193558,4707554.17776974,18054222,1000 block of New York Ave NW,2018/04/05 04:00:00+00,1746,2018/04/05 04:00:00+00,2018,4,2D,Ward 2,Race,White,Simple Assault,813022,397721.74,137057.37,38.90136694,-77.02626472,,,MPD,2024/02/16 21:02:52+00,7978,
-8574295.72270973,4709943.51256623,18056813,900 block of Florida Ave NW,2018/04/10 04:00:00+00,0305,2018/04/10 04:00:00+00,2018,4,3D,Ward 1,Race,White,Simple Assault,815007,397900.75,138911.35,38.91806867,-77.02420669,,,MPD,2024/02/16 21:02:52+00,7979,
-8577950.17563791,4708168.19238935,18059835,1200 block of 28th ST NW,2018/04/14 04:00:00+00,2156,2018/04/14 04:00:00+00,2018,4,2D,Ward 2,Religion,Muslim,Damage/Defacing/Destruction of Property,810324,395052.94,137535.08,38.90565935,-77.05703519,,,MPD,2024/02/16 21:02:52+00,7980,
-8574317.08355399,4712648.07696628,18060233,3700 block of Georgia Ave NW,2018/04/15 04:00:00+00,1512,2018/04/15 04:00:00+00,2018,4,4D,Ward 4,Sexual Orientation,,Simple Assault,809816,397884.67,141009.47,38.93696915,-77.02439858,,,MPD,2024/02/16 21:02:52+00,7981,
-8574494.35765784,4709869.85032729,18059930,2000 block of 10th St NW,2018/04/15 04:00:00+00,0031,2018/04/15 04:00:00+00,2018,4,3D,Ward 1,Sexual Orientation,,ADW,815400,397745.99,138854.24,38.91755382,-77.02599106,,,MPD,2024/02/16 21:02:52+00,7982,
-8574812.51142521,4707117.47879765,18061553,1200 block of G St NW,2018/04/17 04:00:00+00,2038,2018/04/17 04:00:00+00,2018,4,2D,Ward 2,Ethnicity/National Origin,Black/African,Robbery,812027,397497.46,136718.53,38.89831393,-77.02884908,,,MPD,2024/02/16 21:02:52+00,7983,
-8574093.79541578,4710686.46009064,18063031,2500 block of Georgia Ave NW,2018/04/20 04:00:00+00,1118,2018/04/20 04:00:00+00,2018,4,3D,Ward 1,Race,Black,Damage/Defacing/Destruction of Property,802495,398058.2,139487.72,38.92326116,-77.02239275,,,MPD,2024/02/16 21:02:52+00,7984,
-8576339.65633423,4708167.41229114,18063758,1800 block of M St NW,2018/04/21 04:00:00+00,1432,2018/04/21 04:00:00+00,2018,4,2D,Ward 2,Race,White,Threats,809121,396307.81,137533.79,38.90565389,-77.04256765,,,MPD,2024/02/16 21:02:52+00,7985,
-8571664.66353342,4697425.21018336,18064464,4000 block of 4th ST SE,2018/04/22 04:00:00+00,2111,2018/04/22 04:00:00+00,2018,4,7D,Ward 8,Sexual Orientation,,Threats,811309,399950.37788591,129192.57989332,38.83052062,-77.0005715,,,MPD,2024/02/16 21:02:52+00,7986,
-8575264.16778336,4705809.09576457,18068967,Unit block of 15th St SW,2018/04/30 04:00:00+00,1639,2018/04/30 04:00:00+00,2018,4,2D,Ward 2,Race,Black,Threats,803387,397145.14,135703.17,38.88916612,-77.03290638,,,MPD,2024/02/16 21:02:52+00,7987,
-8575253.06409872,4707229.84367512,18078915,1400 block of New York Ave NW,2018/05/04 04:00:00+00,1630,2018/05/16 04:00:00+00,2018,5,2D,Ward 2,Race,Black,Threats,800698,397154.19,136805.85,38.8990995,-77.03280663,,,MPD,2024/02/16 21:02:52+00,7988,
-8572682.44306812,4696548.71345417,18076135,100 block of Galveston Pl SW,2018/05/11 04:00:00+00,2213,2018/05/12 04:00:00+00,2018,5,7D,Ward 8,Gender Identity/Expression,,Simple Assault,813921,399156.44543717,128511.71982869,38.82438671,-77.00971436,,,MPD,2024/02/16 21:02:52+00,7989,
-8578587.82444125,4707788.78641523,18078733,1000 block of Wisconsin Ave NW,2018/05/16 04:00:00+00,1130,2018/05/16 04:00:00+00,2018,5,2D,Ward 2,Sexual Orientation,,Threats,803006,394555.9,137240.98,38.90300705,-77.06276329,,,MPD,2024/02/16 21:02:52+00,7990,
-8572431.72002073,4703863.20091429,18080901,1200 block of Half St SE,2018/05/19 04:00:00+00,2310,2018/05/20 04:00:00+00,2018,5,1D,Ward 8,Ethnicity/National Origin,Latino/Hispanic,Threats,803104,399352.48879735,134192.16994596,38.87555885,-77.00746208,,,MPD,2024/02/16 21:02:52+00,7991,
-8575345.76018174,4711470.91823388,18080756,1400 block of Irving St NW,2018/05/19 04:00:00+00,2000,2018/05/19 04:00:00+00,2018,5,3D,Ward 1,Sexual Orientation,,Simple Assault,809317,397083.17,140096.59,38.92874335,-77.03363933,,,MPD,2024/02/16 21:02:52+00,7992,
-8575339.27206328,4712579.16502922,18084660,1400 block of Perry Pl NW,2018/05/25 04:00:00+00,1430,2018/05/26 04:00:00+00,2018,5,4D,Ward 1,Sexual Orientation,,Damage/Defacing/Destruction of Property,809898,397088.54,140956.27,38.93648763,-77.03358105,,,MPD,2024/02/16 21:02:52+00,7993,
-8575157.72457083,4708508.54481077,18085566,1300 block of 14th St NW,2018/05/27 04:00:00+00,1828,2018/05/27 04:00:00+00,2018,5,3D,Ward 2,Sexual Orientation,,Simple Assault,802156,397228.83,137798.13,38.90803854,-77.03195018,,,MPD,2024/02/16 21:02:52+00,7994,
-8576518.37188795,4708167.4945547,18085245,1900 block of M St NW,2018/05/27 04:00:00+00,0310,2018/05/27 04:00:00+00,2018,5,2D,Ward 2,Race,Black,Simple Assault,813384,396168.56,137533.92,38.90565447,-77.04417308,,,MPD,2024/02/16 21:02:52+00,7995,
-8571107.23011635,4707548.42881432,18088385,700 block of I St NE,2018/06/01 04:00:00+00,1045,2018/06/01 04:00:00+00,2018,6,1D,Ward 6,Sexual Orientation,,Simple Assault,807025,400384.79,137052.59,38.90132674,-76.99556398,,,MPD,2024/02/16 21:02:52+00,7996,
-8570837.41606276,4710537.00007338,18088713,900 block of Rhode Island Ave NE,2018/06/01 04:00:00+00,1928,2018/06/01 04:00:00+00,2018,6,5D,Ward 5,Ethnicity/National Origin,Latino/Hispanic,Threats,814008,400594.86,139371.55,38.9222166,-76.9931402,,,MPD,2024/02/16 21:02:52+00,7997,
-8570414.45978008,4708206.11971567,18090063,1100 block of Oates St NE,2018/06/04 04:00:00+00,0949,2018/06/04 04:00:00+00,2018,6,5D,Ward 5,Gender Identity/Expression,,Simple Assault,803650,400924.55,137563.02,38.90592447,-76.98934072,,,MPD,2024/02/16 21:02:52+00,7998,
-8573712.18020534,4716331.35263681,18091166,400 block of Peabody St NW,2018/06/05 04:00:00+00,2116,2018/06/05 04:00:00+00,2018,6,4D,Ward 4,Sexual Orientation,,Simple Assault,810754,398356.38,143865.84,38.96270112,-77.01896464,,,MPD,2024/02/16 21:02:52+00,7999,
-8572299.23697561,4715685.50608301,18091675,5600 block of 1st St NE,2018/06/06 04:00:00+00,1736,2018/06/06 04:00:00+00,2018,6,4D,Ward 4,Race,Black,Threats,802341,399456.39,143364.89,38.95818981,-77.00627196,,,MPD,2024/02/16 21:02:52+00,8000,
-8574039.71004477,4706115.44144993,18091886,100 block of 7th St NW,2018/06/07 04:00:00+00,0004,2018/06/07 04:00:00+00,2018,6,1D,Ward 2,Sexual Orientation,,Simple Assault,800112,398099.48,135940.66,38.8913081,-77.02190689,,,MPD,2024/02/16 21:02:52+00,8001,
-8569540.59519029,4705738.53224075,18094124,1600 block of A St SE,2018/06/10 04:00:00+00,1650,2018/06/10 04:00:00+00,2018,6,1D,Ward 7,Race,White,Simple Assault,802308,401605.82591944,135648.04770731,38.88867273,-76.98149067,,,MPD,2024/02/16 21:02:52+00,8002,
-8575775.43790826,4709162.39409631,18094116,1600 block of R St NW,2018/06/10 04:00:00+00,1700,2018/06/10 04:00:00+00,2018,6,3D,Ward 2,Sexual Orientation,,Damage/Defacing/Destruction of Property,812936,396747.75,138305.67,38.91260899,-77.03749919,,,MPD,2024/02/16 21:02:52+00,8003,
-8581095.29610924,4715932.04763797,18097244,5300 block of Wisconsin Ave NW,2018/06/15 04:00:00+00,1423,2018/06/15 04:00:00+00,2018,6,2D,Ward 3,Race,Black,Simple Assault,810971,392607.98,143559.5,38.95991197,-77.08528828,,,MPD,2024/02/16 21:02:52+00,8004,
-8566187.2929391,4706234.14783447,18097663,3800 block of Minnesota Ave NE,2018/06/16 04:00:00+00,0213,2018/06/16 04:00:00+00,2018,6,6D,Ward 7,Sexual Orientation,,Threats,804070,404219.04,136033.69,38.89213808,-76.95136745,,,MPD,2024/02/16 21:02:52+00,8005,
-8575885.12663161,4709003.36591467,18097619,1600 block of 17th St NW,2018/06/16 04:00:00+00,0040,2018/06/16 04:00:00+00,2018,6,3D,Ward 2,Sexual Orientation,,Damage/Defacing/Destruction of Property,808622,396662.24,138182.31,38.9114974,-77.03848454,,,MPD,2024/02/16 21:02:52+00,8006,
-8576033.16404814,4708167.42229985,18098318,1700 block of M St NW,2018/06/17 04:00:00+00,0402,2018/06/17 04:00:00+00,2018,6,2D,Ward 2,Gender Identity/Expression,,Simple Assault,800219,396546.62,137533.69,38.90565396,-77.03981439,,,MPD,2024/02/16 21:02:52+00,8007,
-8570052.79529948,4702632.23722742,18098804,1300 block of Good Hope Rd SE,2018/06/17 04:00:00+00,2215,2018/06/18 04:00:00+00,2018,6,6D,Ward 8,Gender Identity/Expression,,Robbery,815223,401207.00652707,133236.54517707,38.8669496,-76.98609184,,,MPD,2024/02/16 21:02:52+00,8008,
-8573721.64867705,4718133.64965851,18101936,7000 block of Blair Rd NW,2018/06/22 04:00:00+00,2001,2018/06/22 04:00:00+00,2018,6,4D,Ward 4,Ethnicity/National Origin,Latino/Hispanic,Simple Assault,815794,398349.3,145263.2,38.97528887,-77.01904969,,,MPD,2024/02/16 21:02:52+00,8009,
-8575158.14714221,4707806.37140409,18104343,1000 block of 14th St NW,2018/06/26 04:00:00+00,1445,2018/06/26 04:00:00+00,2018,6,2D,Ward 2,Ethnicity/National Origin,Asian,ADW,804807,397228.31,137253.24,38.90312998,-77.03195398,,,MPD,2024/02/16 21:02:52+00,8010,
-8578594.39296994,4708159.89405266,18104966,1200 block of Wisconsin Ave NW,2018/06/27 04:00:00+00,1728,2018/06/27 04:00:00+00,2018,6,2D,Ward 2,Sexual Orientation,,Stalking,808614,394550.98,137528.97,38.90560134,-77.06282229,,,MPD,2024/02/16 21:02:52+00,8011,
-8573424.24616372,4705223.9028722,18106025,300 block of D St SW,2018/06/29 04:00:00+00,0658,2018/06/29 04:00:00+00,2018,6,1D,Ward 6,Ethnicity/National Origin,Arab/Middle Eastern,Damage/Defacing/Destruction of Property,801606,398579.00409263,135248.55362694,38.88507425,-77.01637809,,,MPD,2024/02/16 21:02:52+00,8012,
-8575028.14095494,4709790.62490088,18105958,1300 block of U St NW,2018/06/29 04:00:00+00,0117,2018/06/29 04:00:00+00,2018,6,3D,Ward 1,Ethnicity/National Origin,Latino/Hispanic,ADW,804518,397330.13,138792.9,38.91700008,-77.03078611,,,MPD,2024/02/16 21:02:52+00,8013,
-8570437.79514922,4712687.48956611,18106333,1200 block of Quincy St NE,2018/06/29 04:00:00+00,1817,2018/06/29 04:00:00+00,2018,6,5D,Ward 5,Race,White,Simple Assault,807243,400905.97,141039.81,38.93724454,-76.98955035,,,MPD,2024/02/16 21:02:52+00,8014,
-8578502.62712247,4708100.39573,18106702,3100 block of M St NW,2018/06/29 04:00:00+00,2145,2018/06/30 04:00:00+00,2018,6,2D,Ward 2,Ethnicity/National Origin,Jewish,Damage/Defacing/Destruction of Property,809180,394622.45,137482.75,38.90518541,-77.06199794,,,MPD,2024/02/16 21:02:52+00,8015,
-8578875.14587635,4714128.73640009,18107476,4400 block of Connecticut Ave NW,2018/07/01 04:00:00+00,1711,2018/07/01 04:00:00+00,2018,7,2D,Ward 3,Ethnicity/National Origin,Latino/Hispanic,Simple Assault,801413,394335.54,142159.63,38.94731441,-77.06534433,,,MPD,2024/02/16 21:02:52+00,8016,
-8581557.87973261,4711297.03456805,18108146,4500 block of Garfield St NW,2018/07/02 04:00:00+00,1853,2018/07/02 04:00:00+00,2018,7,2D,Ward 3,Ethnicity/National Origin,Jewish,Damage/Defacing/Destruction of Property,804185,392244.3,139964.96,38.9275282,-77.08944374,,,MPD,2024/02/16 21:02:52+00,8017,
-8575329.26195731,4708166.27570262,18108061,1400 block of M St NW,2018/07/02 04:00:00+00,1714,2018/07/02 04:00:00+00,2018,7,2D,Ward 2,Ethnicity/National Origin,Jewish,Damage/Defacing/Destruction of Property,805104,397095.08,137532.58,38.90564595,-77.03349113,,,MPD,2024/02/16 21:02:52+00,8018,
-8566357.83054412,4710197.79129924,18110527,2400 block of Market St NE,2018/07/06 04:00:00+00,1309,2018/07/06 04:00:00+00,2018,7,5D,Ward 5,Race,Asian,Simple Assault,816653,404084.55,139109.41,38.91984587,-76.95289941,,,MPD,2024/02/16 21:02:52+00,8019,
-8576032.61438093,4708231.58475789,18112174,1700 block of Rhode Island Ave NW,2018/07/09 04:00:00+00,0631,2018/07/09 04:00:00+00,2018,7,2D,Ward 2,Race,Black,Simple Assault,804685,396547.07,137583.48,38.90610249,-77.03980945,,,MPD,2024/02/16 21:02:52+00,8020,
-8576118.5262558,4707245.09850949,18113700,1700 block of Pennsylvania Ave NW,2018/07/11 04:00:00+00,1546,2018/07/11 04:00:00+00,2018,7,2D,Ward 2,Ethnicity/National Origin,Asian,Threats,814006,396479.79,136817.96,38.89920615,-77.04058121,,,MPD,2024/02/16 21:02:52+00,8021,
-8571686.16362078,4699671.72661873,18115852,3000 block of 5th ST SE,2018/07/14 04:00:00+00,2229,2018/07/15 04:00:00+00,2018,7,7D,Ward 8,Sexual Orientation,,Robbery,812068,399933.62268589,130937.51733494,38.84623981,-77.00076463,,,MPD,2024/02/16 21:02:52+00,8022,
-8574494.40071676,4707170.61041952,18115984,700 block of 10th St NW,2018/07/15 04:00:00+00,0358,2018/07/15 04:00:00+00,2018,7,2D,Ward 2,Sexual Orientation,,Simple Assault,813083,397745.36,136759.69,38.89868539,-77.02599145,,,MPD,2024/02/16 21:02:52+00,8023,
-8577251.45297592,4708111.24885193,18120309,2300 block of M St NW,2018/07/21 04:00:00+00,0001,2018/07/21 04:00:00+00,2018,7,2D,Ward 2,Ethnicity/National Origin,Jewish,Damage/Defacing/Destruction of Property,815126,395597.34,137490.57,38.90526128,-77.05075846,,,MPD,2024/02/16 21:02:52+00,8024,
-8571665.32189557,4704622.55438649,18123007,700 block of 4th ST SE,2018/07/25 04:00:00+00,2300,2018/07/26 04:00:00+00,2018,7,1D,Ward 6,Race,White,Damage/Defacing/Destruction of Property,804913,399949.9,134781.63,38.88086917,-77.00057741,,,MPD,2024/02/16 21:02:52+00,8025,
-8574159.30692266,4707779.62538352,18124744,800 block of Mount Vernon Pl NW,2018/07/28 04:00:00+00,1700,2018/07/28 04:00:00+00,2018,7,3D,Ward 2,Sexual Orientation,,Simple Assault,813971,398006.6,137232.25,38.90294301,-77.02298125,,,MPD,2024/02/16 21:02:52+00,8026,
-8575669.78185958,4707469.16176368,18127751,800 block of 16th St NW,2018/07/30 04:00:00+00,1259,2018/08/02 04:00:00+00,2018,8,2D,Ward 2,Religion,Jewish,Damage/Defacing/Destruction of Property,813038,396829.54,136991.7,38.90077259,-77.03655007,,,MPD,2024/02/16 21:02:52+00,8027,
-8570912.68917447,4698984.22199964,18127579,3300 block of Wheeler Rd SE,2018/08/02 04:00:00+00,0752,2018/08/02 04:00:00+00,2018,8,7D,Ward 8,Ethnicity/National Origin,Latino/Hispanic,Simple Assault,807609,400536.83,130403.57,38.84142961,-76.9938164,,,MPD,2024/02/16 21:02:52+00,8028,
-8578594.39296994,4708159.89405266,18129957,1200 block of Wisconsin Ave NW,2018/08/06 04:00:00+00,0141,2018/08/06 04:00:00+00,2018,8,2D,Ward 2,Race,Black,ADW,808614,394550.98,137528.97,38.90560134,-77.06282229,,,MPD,2024/02/16 21:02:52+00,8029,
-8575158.10527198,4709637.33621781,18131818,1900 block of 14th St NW,2018/08/09 04:00:00+00,0139,2018/08/09 04:00:00+00,2018,8,3D,Ward 2,Race,Black,Simple Assault,810664,397228.84,138674,38.91592868,-77.0319536,,,MPD,2024/02/16 21:02:52+00,8030,
-8577561.27989999,4707890.599086,18132857,2500 block of Pennsylvania Ave NW,2018/08/10 04:00:00+00,1822,2018/08/10 04:00:00+00,2018,8,2D,Ward 2,Ethnicity/National Origin,Jewish,Damage/Defacing/Destruction of Property,800844,395355.83,137319.48,38.9037188,-77.05354168,,,MPD,2024/02/16 21:02:52+00,8031,
-8568599.175109,4707824.28288412,18132548,2100 block of I St NE,2018/08/10 04:00:00+00,0927,2018/08/10 04:00:00+00,2018,8,5D,Ward 5,Gender Identity/Expression,,Threats,802596,402339.05,137267,38.9032552,-76.97303375,,,MPD,2024/02/16 21:02:52+00,8032,
-8574641.05553771,4717297.87669439,18133101,6500 block of Georgia Ave NW,2018/08/11 04:00:00+00,0212,2018/08/11 04:00:00+00,2018,8,4D,Ward 4,Sexual Orientation,,Simple Assault,803045,397633.43,144615.42,38.96945187,-77.02730886,,,MPD,2024/02/16 21:02:52+00,8033,
-8570573.36648382,4698394.32736918,18134315,1200 block of Valley Ter SE,2018/08/12 04:00:00+00,2300,2018/08/13 04:00:00+00,2018,8,7D,Ward 8,Sexual Orientation,,Damage/Defacing/Destruction of Property,800765,400801.5048947,129945.40962202,38.83730209,-76.99076821,,,MPD,2024/02/16 21:02:52+00,8034,
-8576646.30239157,4708737.90818831,18136864,2000 block of P St NW,2018/08/17 04:00:00+00,1353,2018/08/17 04:00:00+00,2018,8,2D,Ward 2,Ethnicity/National Origin,Asian,Simple Assault,813555,396069.1,137976.6,38.90964184,-77.0453223,,,MPD,2024/02/16 21:02:52+00,8035,
-8563663.65810349,4707316.75094953,18137691,5000 block of Hayes St NE,2018/08/18 04:00:00+00,1820,2018/08/18 04:00:00+00,2018,8,6D,Ward 7,Gender Identity/Expression,,Threats,815756,406185.1,136875.2,38.89970708,-76.92869726,,,MPD,2024/02/16 21:02:52+00,8036,
-8577812.30847702,4718245.80013371,18139639,6600 block of 31st St NW,2018/08/21 04:00:00+00,1815,2018/08/21 04:00:00+00,2018,8,2D,Ward 4,Race,Black,ADW,803118,395165.14,145351.45,38.97607208,-77.0557967,,,MPD,2024/02/16 21:02:52+00,8037,
-8577251.45297592,4708111.24885193,18142329,2300 block of M St NW,2018/08/25 04:00:00+00,2030,2018/08/25 04:00:00+00,2018,8,2D,Ward 2,Ethnicity/National Origin,Jewish,Damage/Defacing/Destruction of Property,815126,395597.34,137490.57,38.90526128,-77.05075846,,,MPD,2024/02/16 21:02:52+00,8038,
-8569239.56034838,4707066.55891975,18142923,1700 block of Gales St NE,2018/08/26 04:00:00+00,1920,2018/08/26 04:00:00+00,2018,8,5D,Ward 7,Race,Black,Damage/Defacing/Destruction of Property,814489,401840.2,136678.83,38.89795794,-76.97878643,,,MPD,2024/02/16 21:02:52+00,8039,
-8579239.067388,4716842.07153472,18143488,5700 block of Broad Branch Rd NW,2018/08/27 04:00:00+00,1549,2018/08/27 04:00:00+00,2018,8,2D,Ward 3/Ward 4,Ethnicity/National Origin,Latino/Hispanic,Threats,810742,394053.73,144263.9,38.96626835,-77.06861349,,,MPD,2024/10/08 19:08:42+00,8040,
-8567089.95234236,4702913.76196156,18143342,3200 block of Pennsylvania Ave SE,2018/08/27 04:00:00+00,1249,2018/08/27 04:00:00+00,2018,8,6D,Ward 7,Race,White,Threats,811539,403516.72454522,133455.81272928,38.86891865,-76.95947618,,,MPD,2024/02/16 21:02:52+00,8041,
-8575557.36678441,4708738.07031227,18143814,1500 block of P St NW,2018/08/28 04:00:00+00,0123,2018/08/28 04:00:00+00,2018,8,2D,Ward 2,Sexual Orientation,,Simple Assault,801972,396917.52,137976.35,38.90964298,-77.03554023,,,MPD,2024/02/16 21:02:52+00,8042,
-8575785.26234402,4711554.29079563,18144420,3100 block of Mount Pleasant St NW,2018/08/28 04:00:00+00,2217,2018/08/29 04:00:00+00,2018,8,3D,Ward 1,Ethnicity/National Origin,Latino/Hispanic,ADW,803492,396740.86,140161.4,38.92932598,-77.03758745,,,MPD,2024/02/16 21:02:52+00,8043,
-8570349.62166619,4702657.28377293,18143849,1900 block of Martin Luther King Jr Ave SE,2018/08/28 04:00:00+00,0610,2018/08/28 04:00:00+00,2018,8,7D,Ward 8,Sexual Orientation,,Damage/Defacing/Destruction of Property,806399,400975.6,133255.96,38.86712479,-76.98875828,,,MPD,2024/02/16 21:02:52+00,8044,
-8575449.64608441,4708029.75035348,18144698,1100 block of 15th St NW,2018/08/29 04:00:00+00,1251,2018/08/29 04:00:00+00,2018,8,2D,Ward 2,Political Affiliation,,Threats,806141,397001.24,137426.67,38.90469156,-77.03457256,,,MPD,2024/02/16 21:02:52+00,8045,
-8574471.18950371,4715488.24256672,18145520,5500 block of 9th St NW,2018/08/30 04:00:00+00,1614,2018/08/30 04:00:00+00,2018,8,4D,Ward 4,Ethnicity/National Origin,Latino/Hispanic,ADW,802934,397765.27,143212.22,38.95681184,-77.02578293,,,MPD,2024/02/16 21:02:52+00,8046,
-8571284.56457955,4710353.33737015,18146310,500 block of Rhode Island Ave NE,2018/08/31 04:00:00+00,1821,2018/08/31 04:00:00+00,2018,8,5D,Ward 5,Gender Identity/Expression,,Threats,807768,400246.54,139229.04,38.920933,-76.99715701,,,MPD,2024/02/16 21:02:52+00,8047,
-8571664.42103104,4710328.77519376,18146892,2300 block of 4th St NE,2018/09/01 04:00:00+00,1721,2018/09/01 04:00:00+00,2018,9,5D,Ward 5,Gender Identity/Expression,,Threats to Kidnap or Injure a Person,808330,399950.63,139209.98,38.92076133,-77.00056931,,,MPD,2024/02/16 21:02:52+00,8048,
-8573862.73724949,4709589.44182512,18147554,600 block of Florida Ave NW,2018/09/02 04:00:00+00,2050,2018/09/02 04:00:00+00,2018,9,3D,Ward 2,Sexual Orientation,,Simple Assault,810091,398238,138636.55,38.91559392,-77.02031712,,,MPD,2024/02/16 21:02:52+00,8049,
-8573928.98170085,4707331.74621241,18148791,600 block of H St NW,2018/09/04 04:00:00+00,2104,2018/09/04 04:00:00+00,2018,9,1D,Ward 2,Sexual Orientation,,Simple Assault,807858,398185.99,136884.63,38.89981191,-77.0209122,,,MPD,2024/02/16 21:02:52+00,8050,
-8573928.98170085,4707331.74621241,18148709,600 block of H St NW,2018/09/04 04:00:00+00,1905,2018/09/04 04:00:00+00,2018,9,1D,Ward 2,Sexual Orientation,,Destruction of Property,807858,398185.99,136884.63,38.89981191,-77.0209122,,,MPD,2024/02/16 21:02:52+00,8051,
-8572608.82347731,4708451.92756043,18150682,1200 block of North Capitol St NW,2018/09/07 04:00:00+00,1422,2018/09/07 04:00:00+00,2018,9,1D,Ward 5,Gender Identity/Expression,,Affrays,808354,399214.79,137753.75,38.90764277,-77.00905302,,,MPD,2024/02/16 21:02:52+00,8052,
-8576455.35186071,4708778.76401154,18155207,1300 block of Connecticut Ave NW,2018/09/14 04:00:00+00,1847,2018/09/14 04:00:00+00,2018,9,2D,Ward 2,Gender Identity/Expression,,Threats to do Bodily Harm,800193,396217.89,138008.23,38.90992743,-77.04360696,,,MPD,2024/02/16 21:02:52+00,8053,
-8567798.08646836,4701683.36663211,18154936,2800 block of Alabama Ave SE,2018/09/14 04:00:00+00,1200,2018/09/14 04:00:00+00,2018,9,6D,Ward 7,Gender Identity/Expression,,Threats to Kidnap or Injure a Person,808385,402965.04,132500.25,38.86031258,-76.96583745,,,MPD,2024/02/16 21:02:52+00,8054,
-8575609.26722081,4709871.99631777,18156533,2000 block of New Hampshire Ave NW,2018/09/16 04:00:00+00,2126,2018/09/16 04:00:00+00,2018,9,3D,Ward 1,Sexual Orientation,,Aggravated Assault,812778,396877.43,138856.2,38.91756882,-77.03600646,,,MPD,2024/02/16 21:02:52+00,8055,
-8575028.18159288,4709949.81272057,18158422,1300 block of V St NW,2018/09/19 04:00:00+00,2040,2018/09/19 04:00:00+00,2018,9,3D,Ward 1,Sexual Orientation,,Simple Assault,810147,397330.14,138916.41,38.9181127,-77.03078648,,,MPD,2024/02/16 21:02:52+00,8056,
-8574614.6334,4717650.30182169,18161201,6700 block of Georgia Ave NW,2018/09/23 04:00:00+00,2151,2018/09/23 04:00:00+00,2018,9,4D,Ward 4,Sexual Orientation,,Simple Assault,800621,397654.08,144888.65,38.97191325,-77.02707151,,,MPD,2024/02/16 21:02:52+00,8057,
-8574317.08355399,4712648.07696628,18161966,3700 block of Georgia Ave NW,2018/09/25 04:00:00+00,0740,2018/09/25 04:00:00+00,2018,9,4D,Ward 4,Sexual Orientation,,Simple Assault,809816,397884.67,141009.47,38.93696915,-77.02439858,,,MPD,2024/02/16 21:02:52+00,8058,
-8575774.88299056,4709374.69680208,18163076,1600 block of S St NW,2018/09/25 04:00:00+00,2200,2018/09/26 04:00:00+00,2018,9,3D,Ward 2,Political Affiliation,,Threats to do Bodily Harm,812702,396748.25,138470.4,38.91409293,-77.03749421,,,MPD,2024/02/16 21:02:52+00,8059,
-8566187.2929391,4706234.14783447,18163248,3800 block of Minnesota Ave NE,2018/09/27 04:00:00+00,0628,2018/09/27 04:00:00+00,2018,9,6D,Ward 7,Gender Identity/Expression,,Destruction of Property,804070,404219.04,136033.69,38.89213808,-76.95136745,,,MPD,2024/02/16 21:02:52+00,8060,
-8571605.83659441,4705739.67644644,18163440,400 block of A St SE,2018/09/27 04:00:00+00,1336,2018/09/28 04:00:00+00,2018,9,1D,Ward 6,Race,White,Simple Assault,804121,399996.26575795,135648.77308331,38.88868073,-77.00004304,,,MPD,2024/02/16 21:02:52+00,8061,
-8576723.73622812,4710683.03437004,18164975,1900 block of Calvert St NW,2018/09/29 04:00:00+00,1445,2018/09/29 04:00:00+00,2018,9,3D,Ward 1,Sexual Orientation,,Deface Private/Public Property,814224,396009.53,139485.83,38.92323722,-77.0460179,,,MPD,2024/02/16 21:02:52+00,8062,
-8573564.13586759,4704193.19348738,18165594,1100 block of 4th ST SW,2018/09/30 04:00:00+00,1830,2018/09/30 04:00:00+00,2018,9,1D,Ward 6,Sexual Orientation,,Simple Assault,815976,398469.82,134448.47,38.87786661,-77.01763474,,,MPD,2024/02/16 21:02:52+00,8063,
-8568985.62832176,4705103.38683131,18165612,1900 block of Massachusetts Ave SE,2018/09/30 04:00:00+00,1844,2018/09/30 04:00:00+00,2018,9,1D,Ward 7,Sexual Orientation,,Simple Assault,816865,402038.47,135155.14,38.88423153,-76.97650532,,,MPD,2024/02/16 21:02:52+00,8064,
-8576455.35186071,4708778.76401154,18166409,1600 block of Connecticut Ave NW,2018/10/02 04:00:00+00,0206,2018/10/02 04:00:00+00,2018,10,2D,Ward 2,Gender Identity/Expression,,Simple Assault,800193,396217.89,138008.23,38.90992743,-77.04360696,,,MPD,2024/02/16 21:02:52+00,8065,
-8574669.02283706,4709790.45660157,18168752,1100 block of U St NW,2018/10/05 04:00:00+00,1638,2018/10/05 04:00:00+00,2018,10,3D,Ward 1,Sexual Orientation,,Simple Assault,812182,397609.9,138792.68,38.91699891,-77.0275601,,,MPD,2024/02/16 21:02:52+00,8066,
-8569162.02024007,4702415.07486935,18170015,1800 block of Good Hope Rd SE,2018/10/07 04:00:00+00,1550,2018/10/07 04:00:00+00,2018,10,6D,Ward 8,Gender Identity/Expression,,Threats,811283,401901.49,133068.07,38.86543068,-76.97808987,,,MPD,2024/02/16 21:02:52+00,8067,
-8569913.40568927,4700161.13759968,18171772,1400 block of Bruce Pl SE,2018/10/10 04:00:00+00,0833,2018/10/10 04:00:00+00,2018,10,7D,Ward 8,Sexual Orientation,,Threats,815433,401315.99235117,131317.71595929,38.84966382,-76.98483968,,,MPD,2024/02/16 21:02:52+00,8068,
-8573708.17810442,4707406.72393677,18173370,800 block of 5th St NW,2018/10/11 04:00:00+00,0630,2018/10/12 04:00:00+00,2018,10,1D,Ward 6,Gender Identity/Expression,,Threats,801612,398358.06,136942.78,38.90033609,-77.01892869,,,MPD,2024/02/16 21:02:52+00,8069,
-8574812.51142521,4707117.47879765,18173369,1200 block of G St NW,2018/10/12 04:00:00+00,1913,2018/10/12 04:00:00+00,2018,10,2D,Ward 2,Sexual Orientation,,Threats,812027,397497.46,136718.53,38.89831393,-77.02884908,,,MPD,2024/02/16 21:02:52+00,8070,
-8575795.69095796,4719654.39911067,18174031,1600 block of Kalmia RD NW,2018/10/13 04:00:00+00,2245,2018/10/13 04:00:00+00,2018,10,3D,Ward 4,Ethnicity/National Origin,Latino/Hispanic,Robbery,806432,396735.33,146442.58,38.98590846,-77.03768113,,,MPD,2024/02/16 21:02:52+00,8071,
-8566348.89151108,4708311.56673478,18177458,3400 block of Hayes St NE,2018/10/13 04:00:00+00,1731,2018/10/19 04:00:00+00,2018,10,6D,Ward 7,Race,White,Simple Assault,816724,404092.27,137645.85,38.9066616,-76.95281911,,,MPD,2024/02/16 21:02:52+00,8072,
-8574559.76756912,4718313.97551895,18174400,7100 block of Georgia Ave NW,2018/10/14 04:00:00+00,1607,2018/10/14 04:00:00+00,2018,10,4D,Ward 4,Gender Identity/Expression,,Robbery,803967,397696.94,145403.16,38.97654819,-77.02657864,,,MPD,2024/02/16 21:02:52+00,8073,
-8575244.12995357,4713729.99593213,18175249,4400 block of 14th St NW,2018/10/16 04:00:00+00,0334,2018/10/16 04:00:00+00,2018,10,4D,Ward 4,Gender Identity/Expression,,Simple Assault,811380,397162.96,141848.86,38.94452858,-77.03272637,,,MPD,2024/02/16 21:02:52+00,8074,
-8572391.5882133,4705161.49851559,18175485,400 block of New Jersey Ave SE,2018/10/16 04:00:00+00,1454,2018/10/16 04:00:00+00,2018,10,1D,Ward 6,Religion,Muslim,Threats,812200,399383.85,135200.01,38.88463789,-77.00710157,,,MPD,2024/02/16 21:02:52+00,8075,
-8565048.79615994,4705090.03405513,18176285,4400 block of Texas Ave SE,2018/10/17 04:00:00+00,1725,2018/10/17 04:00:00+00,2018,10,6D,Ward 7,Ethnicity/National Origin,Latino/Hispanic,Simple Assault,804930,405106.86461069,135146.15903485,38.88413816,-76.94114016,,,MPD,2024/02/16 21:02:52+00,8076,
-8579759.64063654,4712330.69250073,18177007,3700 block of Newark St NW,2018/10/18 04:00:00+00,2024,2018/10/18 04:00:00+00,2018,10,2D,Ward 3,Race,White,Threats,804981,393645.65,140765.55,38.93475141,-77.07328988,,,MPD,2024/02/16 21:02:52+00,8077,
-8578725.03805058,4708095.48651324,18176846,3200 block of M St NW,2018/10/18 04:00:00+00,1615,2018/10/18 04:00:00+00,2018,10,2D,Ward 2,Gender Identity/Expression,,Threats,808963,394449.15,137479.06,38.90515109,-77.0639959,,,MPD,2024/02/16 21:02:52+00,8078,
-8570190.71947133,4702275.93000027,18178450,1300 block of W St SE,2018/10/21 04:00:00+00,0150,2018/10/21 04:00:00+00,2018,10,7D,Ward 8,Gender Identity/Expression,,Robbery,811072,401099.52,132959.88,38.86445743,-76.98733083,,,MPD,2024/02/16 21:02:52+00,8079,
-8576916.24883773,4707118.79588644,18183479,2100 block of G St NW,2018/10/24 04:00:00+00,1600,2018/10/29 04:00:00+00,2018,10,2D,Ward 2,Ethnicity/National Origin,Jewish,Damage/Defacing/Destruction of Property,806475,395858.12,136720.24,38.89832314,-77.04774727,,,MPD,2024/02/16 21:02:52+00,8080,
-8575971.46858598,4707893.78160137,18181132,1700 block of L St NW,2018/10/24 04:00:00+00,2245,2018/10/25 04:00:00+00,2018,10,2D,Ward 2,Political Affiliation,,Threats,806951,396594.6,137321.32,38.90374105,-77.03926017,,,MPD,2024/02/16 21:02:52+00,8081,
-8575251.59668574,4707719.51212287,18181709,1400 block of K St NW,2018/10/26 04:00:00+00,1445,2018/10/26 04:00:00+00,2018,10,2D,Ward 2,Political Affiliation,,Threats,805270,397155.47,137185.86,38.90252277,-77.03279345,,,MPD,2024/02/16 21:02:52+00,8082,
-8575688.10080262,4711136.51046334,18182347,1600 block of Columbia Rd NW,2018/10/27 04:00:00+00,1220,2018/10/27 04:00:00+00,2018,10,3D,Ward 1,Religion,Hindu,Simple Assault,807146,396816.41,139837.27,38.92640639,-77.03671463,,,MPD,2024/02/16 21:02:52+00,8083,
-8580330.1198264,4712149.97860548,18183659,3900 block of Macomb St NW,2018/10/29 04:00:00+00,1250,2018/10/29 04:00:00+00,2018,10,2D,Ward 3,Religion,Jewish,Stalking,809350,393201.21,140625.74,38.93348864,-77.07841458,,,MPD,2024/02/16 21:02:52+00,8084,
-8575157.90720326,4710026.48213619,18183291,2100 block of 14th St NW,2018/10/29 04:00:00+00,0039,2018/10/29 04:00:00+00,2018,10,3D,Ward 1,Gender Identity/Expression,,Robbery,813563,397229.1,138975.93,38.91864856,-77.03195182,,,MPD,2024/02/16 21:02:52+00,8085,
-8567798.08646836,4701683.36663211,18186467,2800 block of Alabama Ave SE,2018/11/02 04:00:00+00,1612,2018/11/02 04:00:00+00,2018,11,6D,Ward 7,Sexual Orientation,,ADW,808385,402965.04,132500.25,38.86031258,-76.96583745,,,MPD,2024/02/16 21:02:52+00,8086,
-8574898.57721767,4707224.28295848,18188522,700 block of 13th St NW,2018/11/06 05:00:00+00,0917,2018/11/06 05:00:00+00,2018,11,2D,Ward 2,Ethnicity/National Origin,Latino/Hispanic,Threats to do Bodily Harm,808181,397430.42,136801.44,38.89906062,-77.02962222,,,MPD,2024/02/16 21:02:52+00,8087,
-8575245.15152512,4711880.65424273,18189154,3400 block of 14th St NW,2018/11/07 05:00:00+00,1140,2018/11/07 05:00:00+00,2018,11,4D,Ward 1,Ethnicity/National Origin,Latino/Hispanic,Simple Assault,805082,397161.65,140414.41,38.93160663,-77.03273555,,,MPD,2024/02/16 21:02:52+00,8088,
-8577612.90243344,4711035.93472036,18189149,2600 block of Woodley Rd NW,2018/11/07 05:00:00+00,1153,2018/11/07 05:00:00+00,2018,11,2D,Ward 3,Ethnicity/National Origin,Latino/Hispanic,Simple Assault,808366,395317.05,139759.99,38.92570352,-77.05400541,,,MPD,2024/02/16 21:02:52+00,8089,
-8576036.92450229,4709791.18674162,18191100,1700 block of U St NW,2018/11/10 05:00:00+00,0250,2018/11/10 05:00:00+00,2018,11,3D,Ward 2,Sexual Orientation,,ADW,808175,396544.24,138793.64,38.91700401,-77.03984817,,,MPD,2024/02/16 21:02:52+00,8090,
-8575318.25363902,4710183.5666309,18191533,1400 block of Florida Ave NW,2018/11/10 05:00:00+00,1200,2018/11/10 05:00:00+00,2018,11,3D,Ward 1,Sexual Orientation,,Deface Private/Public Property,812333,397104.23,139097.85,38.91974646,-77.03339224,,,MPD,2024/02/16 21:02:52+00,8091,
-8576517.06806657,4708950.88411829,18191978,1900 block of Q St NW,2018/11/11 05:00:00+00,1632,2018/11/11 05:00:00+00,2018,11,2D,Ward 2,Ethnicity/National Origin,Jewish,Deface Private/Public Property,810406,396169.87,138141.81,38.91113056,-77.04416137,,,MPD,2024/02/16 21:02:52+00,8092,
-8569963.22390344,4708915.96398074,18193046,1800 block of West Virginia Ave NE,2018/11/13 05:00:00+00,1415,2018/11/13 05:00:00+00,2018,11,5D,Ward 5,Gender Identity/Expression,,Assault w/Significant Bodily Injury,809754,401276.05,138113.89,38.91088646,-76.9852872,,,MPD,2024/02/16 21:02:52+00,8093,
-8577950.17563791,4708168.19238935,18195310,1200 block of 28th ST NW,2018/11/16 05:00:00+00,2358,2018/11/17 05:00:00+00,2018,11,2D,Ward 2,Ethnicity/National Origin,Middle Eastern,Robbery,810324,395052.94,137535.08,38.90565935,-77.05703519,,,MPD,2024/02/16 21:02:52+00,8094,
-8573564.13586759,4704193.19348738,18195111,1000 block of 4th St SW,2018/11/16 05:00:00+00,1918,2018/11/16 05:00:00+00,2018,11,1D,Ward 6,Political Affiliation,,Destruction of Property,815976,398469.82,134448.47,38.87786661,-77.01763474,,,MPD,2024/02/16 21:02:52+00,8095,
-8578531.78830446,4716646.980513,18196360,3000 block of McKInley St NW,2018/11/18 05:00:00+00,1809,2018/11/18 05:00:00+00,2018,11,2D,Ward 4,Ethnicity/National Origin,Jewish,Displaying Symbols,801180,394604.25,144112.24,38.96490572,-77.0622599,,,MPD,2024/02/16 21:02:52+00,8096,
-8580779.16540319,4714814.79709262,18197504,4200 block of Davenport St NW,2018/11/20 05:00:00+00,1157,2018/11/20 05:00:00+00,2018,11,2D,Ward 3,Ethnicity/National Origin,Jewish,Displaying Symbols,812734,392853.33,142692.89,38.95210735,-77.08244843,,,MPD,2024/02/16 21:02:52+00,8097,
-8576015.21725312,4710886.08619544,18199839,1700 block of Columbia Rd NW,2018/11/24 05:00:00+00,2019,2018/11/24 05:00:00+00,2018,11,3D,Ward 1,Ethnicity/National Origin,Latino/Hispanic,Simple Assault,800952,396561.52,139643.1,38.92465629,-77.03965317,,,MPD,2024/02/16 21:02:52+00,8098,
-8579469.96106997,4714715.12688491,18202245,3600 block of Cumberland St NW,2018/11/28 05:00:00+00,1957,2018/11/28 05:00:00+00,2018,11,2D,Ward 3,Race,Black,Simple Assault,803719,393872.7,142614.74,38.95141105,-77.07068765,,,MPD,2024/02/16 21:02:52+00,8099,
-8576010.43763379,4710668.80497741,18202971,1700 block of Euclid St NW,2018/11/29 05:00:00+00,1956,2018/11/29 05:00:00+00,2018,11,3D,Ward 1,Race,Black,Destruction of Property,803896,396565.17,139474.53,38.92313777,-77.03961023,,,MPD,2024/02/16 21:02:52+00,8100,
-8570969.615366,4708004.63839051,18210281,800 block of Florida Ave NE,2018/12/11 05:00:00+00,1912,2018/12/11 05:00:00+00,2018,12,5D,Ward 6,Religion,Muslim,Stalking,802627,400492,137406.63,38.90451601,-76.99432777,,,MPD,2024/02/16 21:02:52+00,8101,
-8577164.50691127,4707719.9685326,18211517,2300 block of K St NW,2018/12/13 05:00:00+00,1827,2018/12/13 05:00:00+00,2018,12,2D,Ward 2,Ethnicity/National Origin,Jewish,Displaying Symbols,805065,395664.92,137186.89,38.90252596,-77.04997741,,,MPD,2024/02/16 21:02:52+00,8102,
-8575215.55806099,4711228.41768006,18212348,2900 block of 14th St NW,2018/12/14 05:00:00+00,2330,2018/12/15 05:00:00+00,2018,12,3D,Ward 1,Gender Identity/Expression,,Threats,815306,397184.52,139908.43,38.92704868,-77.03246971,,,MPD,2024/02/16 21:02:52+00,8103,
-8576515.43184558,4708698.27995903,18213058,Unit block of Dupont Cir NW,2018/12/16 05:00:00+00,0315,2018/12/16 05:00:00+00,2018,12,2D,Ward 2,Ethnicity/National Origin,Middle Eastern,Simple Assault,810713,396171.05,137945.8,38.90936484,-77.04414667,,,MPD,2024/02/16 21:02:52+00,8104,
-8576339.65633423,4708167.41229114,18214628,1800 block of M St NW,2018/12/18 05:00:00+00,1710,2018/12/18 05:00:00+00,2018,12,2D,Ward 2,Race,Black,Threats,809121,396307.81,137533.79,38.90565389,-77.04256765,,,MPD,2024/02/16 21:02:52+00,8105,
-8576515.43184558,4708698.27995903,18215198,Unit block of Dupont Cir NW,2018/12/19 05:00:00+00,1745,2018/12/19 05:00:00+00,2018,12,2D,Ward 2,Religion,Muslim,Simple Assault,810713,396171.05,137945.8,38.90936484,-77.04414667,,,MPD,2024/02/16 21:02:52+00,8106,
-8574841.39638557,4712527.54945045,18217302,1100 block of Spring Rd NW,2018/12/23 05:00:00+00,0038,2018/12/23 05:00:00+00,2018,12,4D,Ward 1/Ward 4,Religion,Muslim,Threats,806048,397476.29,140916.1,38.93612697,-77.02910856,,,MPD,2024/10/08 19:07:44+00,8107,
-8575795.69095796,4719654.39911067,18218031,1600 block of Kalmia RD NW,2018/12/24 05:00:00+00,1325,2018/12/24 05:00:00+00,2018,12,3D,Ward 4,Ethnicity/National Origin,Asian,Simple Assault,806432,396735.33,146442.58,38.98590846,-77.03768113,,,MPD,2024/02/16 21:02:52+00,8108,
-8576438.18356868,4708030.96269199,18220101,1100 block of 19th St NW,2018/12/27 05:00:00+00,1730,2018/12/28 05:00:00+00,2018,12,2D,Ward 2,Gender Identity/Expression,,Threats,800787,396230.99,137427.94,38.90470003,-77.04345274,,,MPD,2024/02/16 21:02:52+00,8109,
-8572791.4087319,4702748.6337316,18220971,1800 block of Half St SW,2018/12/30 05:00:00+00,0045,2018/12/30 05:00:00+00,2018,12,1D,Ward 6,Ethnicity/National Origin,Latino/Hispanic,Simple Assault,800314,399072.01,133326.88,38.86776372,-77.01069322,,,MPD,2024/02/16 21:02:52+00,8110,
-8569362.42944458,4703083.67439892,18221059,1600 block of 17th Pl SE,2018/12/30 05:00:00+00,0245,2018/12/30 05:00:00+00,2018,12,6D,Ward 8,Sexual Orientation,,ADW,803543,401745.13446357,133587.1435134,38.87010703,-76.97989018,,,MPD,2024/02/16 21:02:52+00,8111,
-8578236.73356443,4707729.476427,19001623,3000 block of K St NW,2019/01/01 05:00:00+00,0052,2019/01/03 05:00:00+00,2019,1,2D,Ward 2,Ethnicity/National Origin,Middle Eastern,Simple Assault,801873,394829.44,137194.77,38.90259243,-77.05960938,,,MPD,2024/02/16 21:02:52+00,8112,
-8570365.96374681,4708275.89495201,19002287,1100 block of Owen Pl NE,2019/01/04 05:00:00+00,1406,2019/01/04 05:00:00+00,2019,1,5D,Ward 5,Gender Identity/Expression,,Simple Assault,810927,400962.33,137617.17,38.90641224,-76.98890508,,,MPD,2024/02/16 21:02:52+00,8113,
-8568558.42615396,4700171.38490681,19006769,2200 block of Savannah Ter SE,2019/01/11 05:00:00+00,2214,2019/01/10 05:00:00+00,2019,1,7D,Ward 8,Ethnicity/National Origin,Latino/Hispanic,Robbery,805920,402372.58,131325.92,38.84973551,-76.9726677,,,MPD,2024/02/16 21:02:52+00,8114,
-8570613.25475935,4699383.11541657,19007623,1100 block of Alabama Ave SE,2019/01/13 05:00:00+00,1908,2019/01/13 05:00:00+00,2019,1,7D,Ward 8,Sexual Orientation,,Simple Assault,810812,400770.32070267,130713.40274273,38.84422055,-76.99112653,,,MPD,2024/02/16 21:02:52+00,8115,
-8574343.34295541,4709790.09900187,19009200,900 block of U St NW,2019/01/16 05:00:00+00,2052,2019/01/16 05:00:00+00,2019,1,3D,Ward 1,Race,Black,Threats,813703,397863.62,138792.33,38.91699641,-77.02463447,,,MPD,2024/02/16 21:02:52+00,8116,
-8570586.05485724,4711802.14675542,19009463,3300 block of 12th ST NE,2019/01/17 05:00:00+00,1044,2019/01/17 05:00:00+00,2019,1,5D,Ward 5,Race,White,Simple Assault,809765,400790.57,140353.04,38.93105802,-76.99088219,,,MPD,2024/02/16 21:02:52+00,8117,
-8570326.93169168,4708505.57164912,19015763,1600 block of West Virginia Ave NE,2019/01/27 05:00:00+00,2030,2019/01/27 05:00:00+00,2019,1,5D,Ward 5,Sexual Orientation,,Simple Assault,804438,400992.72,137795.4,38.90801776,-76.98855445,,,MPD,2024/02/16 21:02:52+00,8118,
-8574562.9084415,4711832.67692332,19016527,3300 block of Sherman Ave NW,2019/01/29 05:00:00+00,0613,2019/01/29 05:00:00+00,2019,1,4D,Ward 1,Gender Identity/Expression,,Threats,801008,397693.03,140377.02,38.93127137,-77.02660686,,,MPD,2024/02/16 21:02:52+00,8119,
-8571429.94298487,4699685.55193818,19017588,500 block of Mellon St SE,2019/01/30 05:00:00+00,2100,2019/01/30 05:00:00+00,2019,1,7D,Ward 8,Gender Identity/Expression,,ADW,802401,400133.42860608,130948.25547895,38.84633653,-76.99846297,,,MPD,2024/02/16 21:02:52+00,8120,
-8575791.35725434,4711952.54342693,19019045,1600 block of Park Rd NW,2019/02/02 05:00:00+00,0940,2019/02/02 05:00:00+00,2019,2,3D,Ward 1,Sexual Orientation,,Threats,800409,396736.24,140470.34,38.93210899,-77.0376422,,,MPD,2024/02/16 21:02:52+00,8121,
-8565773.19085663,4706880.3208988,19021139,4000 block of Minnesota Ave NE,2019/02/05 05:00:00+00,1909,2019/02/05 05:00:00+00,2019,2,6D,Ward 7,Sexual Orientation,,Threats,816435,404541.47,136535.38,38.89665588,-76.94764751,,,MPD,2024/02/16 21:02:52+00,8122,
-8575273.83314967,4710596.01500977,19022625,1400 block of Clifton St NW,2019/02/08 05:00:00+00,0048,2019/02/08 05:00:00+00,2019,2,3D,Ward 1,Ethnicity/National Origin,Black/African,Simple Assault,811066,397138.95,139417.83,38.92262905,-77.0329932,,,MPD,2024/02/16 21:02:52+00,8123,
-8576382.17519247,4710576.33373234,19023967,1800 block of Columbia Rd NW,2019/02/10 05:00:00+00,0309,2019/02/10 05:00:00+00,2019,2,3D,Ward 1,Ethnicity/National Origin,Arab/Middle Eastern,Simple Assault,807751,396275.56,139402.92,38.9224915,-77.04294961,,,MPD,2024/02/16 21:02:52+00,8124,
-8574317.08355399,4712648.07696628,19025342,3700 block of Georgia Ave NW,2019/02/12 05:00:00+00,1739,2019/02/12 05:00:00+00,2019,2,4D,Ward 4,Ethnicity/National Origin,Latino/Hispanic,Simple Assault,809816,397884.67,141009.47,38.93696915,-77.02439858,,,MPD,2024/02/16 21:02:52+00,8125,
-8576260.78624341,4710237.76180515,19028126,2300 block of 18th St NW,2019/02/16 05:00:00+00,2341,2019/02/17 05:00:00+00,2019,2,3D,Ward 1,Sexual Orientation,,Simple Assault,806244,396370,139140.2,38.92012523,-77.04185915,,,MPD,2024/02/16 21:02:52+00,8126,
-8571301.01869432,4707387.73946796,19029102,600 block of H St NE,2019/02/18 05:00:00+00,2025,2019/02/20 05:00:00+00,2019,2,1D,Ward 6,Sexual Orientation,,Simple Assault,807444,400233.79,136927.88,38.90020336,-76.99730482,,,MPD,2024/02/16 21:02:52+00,8127,
-8574268.99462682,4709687.62956781,19031660,1900 block of 9th St NW,2019/02/23 05:00:00+00,0326,2019/02/23 05:00:00+00,2019,2,3D,Ward 1,Sexual Orientation,,Threats,800252,397921.52,138712.81,38.9162802,-77.02396659,,,MPD,2024/02/16 21:02:52+00,8128,
-8569714.22309575,4699450.81370885,19032598,1500 block of Savannah St SE,2019/02/24 05:00:00+00,2025,2019/02/24 05:00:00+00,2019,2,7D,Ward 8,Gender Identity/Expression,,Robbery,805970,401471.41401532,130766.08066278,38.8446942,-76.9830504,,,MPD,2024/02/16 21:02:52+00,8129,
-8574769.17279394,4714551.6074208,19033038,4900 block of Arkansas Ave NW,2019/02/25 05:00:00+00,1635,2019/02/25 05:00:00+00,2019,2,4D,Ward 4,Race,Black,ADW,811276,397533.03,142485.94,38.9502687,-77.02845976,,,MPD,2024/02/16 21:02:52+00,8130,
-8573203.63577433,4709659.39676926,19035905,1900 block of 2nd ST NW,2019/03/02 05:00:00+00,0930,2019/03/02 05:00:00+00,2019,3,3D,Ward 1/Ward 5,Ethnicity/National Origin,Asian,Damage/Defacing/Destruction of Property,814469,398751.49,138690.73,38.91608287,-77.01439631,,,MPD,2024/10/08 19:05:45+00,8131,
-8575667.03936334,4708670.27883592,19037251,1400 block of 16th St NW,2019/03/04 05:00:00+00,1750,2019/03/04 05:00:00+00,2019,3,2D,Ward 2,Ethnicity/National Origin,Jewish,Damage/Defacing/Destruction of Property,809486,396832.05,137923.78,38.9091691,-77.03652543,,,MPD,2024/02/16 21:02:52+00,8132,
-8569701.47398663,4704903.72502702,19037814,1500 block of E St SE,2019/03/05 05:00:00+00,1303,2019/03/05 05:00:00+00,2019,3,1D,Ward 7,Race,White,Damage/Defacing/Destruction of Property,803982,401480.56502333,135000.02997871,38.88283536,-76.98293587,,,MPD,2024/02/16 21:02:52+00,8133,
-8576204.92411391,4708225.77329603,19038064,1200 block of Connecticut Ave NW,2019/03/06 05:00:00+00,0203,2019/03/06 05:00:00+00,2019,3,2D,Ward 2,Sexual Orientation,,Simple Assault,810964,396412.81,137579.03,38.90606186,-77.04135733,,,MPD,2024/02/16 21:02:52+00,8134,
-8572553.37908872,4708871.46104526,19039083,Unit block of Florida Ave  NE,2019/03/07 05:00:00+00,1749,2019/03/07 05:00:00+00,2019,3,5D,Ward 5,Gender Identity/Expression,,Threats,812113,399258.02,138079.29,38.91057539,-77.00855496,,,MPD,2024/02/16 21:02:52+00,8135,
-8577180.85415766,4707550.69086134,19040975,900 block of 23rd St NW,2019/03/08 05:00:00+00,1430,2019/03/11 04:00:00+00,2019,3,2D,Ward 2,Race,Black,Damage/Defacing/Destruction of Property,807538,395652.11,137055.53,38.90134256,-77.05012426,,,MPD,2024/02/16 21:02:52+00,8136,
-8576519.00319219,4707719.91623382,19044824,1900 block of K St NW,2019/03/09 05:00:00+00,1954,2019/03/16 04:00:00+00,2019,3,2D,Ward 2,Sex/Gender,Female,Threats,809047,396167.9,137186.59,38.90252559,-77.04417875,,,MPD,2024/02/16 21:02:52+00,8137,
-8580499.62933814,4714277.97693768,19040901,4500 block of Wisconsin Ave NW,2019/03/10 05:00:00+00,2251,2019/03/10 05:00:00+00,2019,3,2D,Ward 3,Ethnicity/National Origin,Latino/Hispanic,Simple Assault,803221,393070.63,142276.38,38.94835706,-77.07993731,,,MPD,2024/02/16 21:02:52+00,8138,
-8574155.49206839,4707407.84503062,19043761,800 block of 8th St NW,2019/03/11 04:00:00+00,1147,2019/03/15 04:00:00+00,2019,3,1D,Ward 2,Ethnicity/National Origin,Jewish,Threats,801611,398009.5,136943.73,38.90034392,-77.02294698,,,MPD,2024/02/16 21:02:52+00,8139,
-8576438.18356868,4708030.96269199,19045789,1100 block of 19th St NW,2019/03/15 04:00:00+00,1545,2019/03/18 04:00:00+00,2019,3,2D,Ward 2,Gender Identity/Expression,,Threats,800787,396230.99,137427.94,38.90470003,-77.04345274,,,MPD,2024/02/16 21:02:52+00,8140,
-8565021.80117751,4706897.61103509,19043993,4200 block of Edson Pl NE,2019/03/15 04:00:00+00,1614,2019/03/15 04:00:00+00,2019,3,6D,Ward 7,Ethnicity/National Origin,Black/African,Simple Assault,802056,405126.99635471,136549.15631615,38.89677676,-76.94089766,,,MPD,2024/02/16 21:02:52+00,8141,
-8572731.0037025,4707718.41947223,19043732,Unit block of K St NW,2019/03/15 04:00:00+00,0811,2019/03/15 04:00:00+00,2019,3,1D,Ward 6,Ethnicity/National Origin,Latino/Hispanic,Threats,805138,399119.53,137184.55,38.90251513,-77.01015059,,,MPD,2024/02/16 21:02:52+00,8142,
-8575158.10527198,4709637.33621781,19043676,1900 block of 14th St NW,2019/03/15 04:00:00+00,0213,2019/03/15 04:00:00+00,2019,3,3D,Ward 2,Sexual Orientation,,Simple Assault,810664,397228.84,138674,38.91592868,-77.0319536,,,MPD,2024/02/16 21:02:52+00,8143,
-8577136.86732337,4707656.30143744,19046574,Unit block of Washington Cir NW,2019/03/19 04:00:00+00,1757,2019/03/19 04:00:00+00,2019,3,2D,Ward 2,Ethnicity/National Origin,Jewish,Damage/Defacing/Destruction of Property,814875,395686.43,137137.47,38.90208087,-77.04972912,,,MPD,2024/02/16 21:02:52+00,8144,
-8574554.934253,4719058.3546355,19048300,7500 block of Georgia Ave NW,2019/03/22 04:00:00+00,1421,2019/03/22 04:00:00+00,2019,3,4D,Ward 4,Gender Identity/Expression,,Threats,800507,397700.87,145980.21,38.98174639,-77.02653522,,,MPD,2024/02/16 21:02:52+00,8145,
-8575484.6563669,4712445.3045219,19051011,1500 block of Ogden St NW,2019/03/22 04:00:00+00,2000,2019/03/26 04:00:00+00,2019,3,4D,Ward 1,Ethnicity/National Origin,Jamaican,Simple Assault,803978,396975.27,140852.48,38.93555228,-77.03488706,,,MPD,2024/02/16 21:02:52+00,8146,
-8577108.69372785,4707458.61054021,19049304,2200 block of I St NW,2019/03/24 04:00:00+00,0023,2019/03/24 04:00:00+00,2019,3,2D,Ward 2,Ethnicity/National Origin,Asian,Simple Assault,800361,395708.3,136984.04,38.90069883,-77.04947603,,,MPD,2024/02/16 21:02:52+00,8147,
-8576015.21725312,4710886.08619544,19049685,1700 block of Columbia Rd NW,2019/03/24 04:00:00+00,1600,2019/03/24 04:00:00+00,2019,3,3D,Ward 1,Sexual Orientation,,Threats,800952,396561.52,139643.1,38.92465629,-77.03965317,,,MPD,2024/02/16 21:02:52+00,8148,
-8576393.44835763,4710170.92153362,19050952,1800 block of Kalorama Rd NW,2019/03/26 04:00:00+00,1515,2019/03/26 04:00:00+00,2019,3,3D,Ward 1,Sexual Orientation,,Damage/Defacing/Destruction of Property,803565,396266.63,139088.39,38.91965808,-77.04305087,,,MPD,2024/02/16 21:02:52+00,8149,
-8577164.50691127,4707719.9685326,19051332,2400 block of K St NW,2019/03/27 04:00:00+00,0803,2019/03/27 04:00:00+00,2019,3,2D,Ward 2,Race,White,Simple Assault,805065,395664.92,137186.89,38.90252596,-77.04997741,,,MPD,2024/02/16 21:02:52+00,8150,
-8571605.37006279,4707387.95006829,19052430,400 block of H St NE,2019/03/28 04:00:00+00,1836,2019/03/28 04:00:00+00,2019,3,1D,Ward 6,Ethnicity/National Origin,Asian,Simple Assault,810821,399996.63,136928.04,38.90020484,-77.00003885,,,MPD,2024/02/16 21:02:52+00,8151,
-8582404.50835223,4713948.03540879,19052770,4900 block of Massachusetts Ave NW,2019/03/29 04:00:00+00,1120,2019/03/29 04:00:00+00,2019,3,2D,Ward 3,Religion,Jewish,Stalking,814080,391587.02,142021.93,38.94605194,-77.09704913,,,MPD,2024/02/16 21:02:52+00,8152,
-8568014.11077714,4702863.3868342,19053554,1700 block of 28th ST SE,2019/03/30 04:00:00+00,1503,2019/03/30 04:00:00+00,2019,3,6D,Ward 7,Sexual Orientation,,Simple Assault,812298,402796.28969655,133416.41426524,38.86856632,-76.96777803,,,MPD,2024/02/16 21:02:52+00,8153,
-8575178.58345619,4710749.15257047,19054139,2600 block of 14th ST NW,2019/03/31 04:00:00+00,1347,2019/03/31 04:00:00+00,2019,3,3D,Ward 1,Race,White,Robbery,810263,397213.19,139536.61,38.9236993,-77.03213756,,,MPD,2024/02/16 21:02:52+00,8154,
-8572789.40751958,4708584.06378381,19055784,Unit block of O St NW,2019/04/03 04:00:00+00,0030,2019/04/03 04:00:00+00,2019,4,3D,Ward 5,Race,White,Threats,809161,399074.1,137856.3,38.90856644,-77.01067524,,,MPD,2024/02/16 21:02:52+00,8155,
-8571302.20295465,4705232.49073695,19056606,600 block of Pennsylvania Ave SE,2019/04/04 04:00:00+00,0945,2019/04/04 04:00:00+00,2019,4,1D,Ward 6,Race,Black,Simple Assault,801982,400232.91628617,135255.09557895,38.8851343,-76.99731546,,,MPD,2024/02/16 21:02:52+00,8156,
-8569944.71642352,4702665.13372007,19056514,1900 block of 14th St SE,2019/04/04 04:00:00+00,0502,2019/04/04 04:00:00+00,2019,4,7D,Ward 8,Gender Identity/Expression,,Simple Assault,807443,401291.26,133262.1,38.86717969,-76.98512095,,,MPD,2024/02/16 21:02:52+00,8157,
-8572946.83655669,4713635.80837407,19057387,Unit block of Rock Creek Church Rd NW,2019/04/05 04:00:00+00,1350,2019/04/05 04:00:00+00,2019,4,4D,Ward 4/Ward 5,Ethnicity/National Origin,Jewish,Damage/Defacing/Destruction of Property,806028,398951.96,141775.37,38.94387052,-77.01208944,,,MPD,2024/10/08 19:08:23+00,8158,
-8574210.58640931,4709771.78081701,19058173,800 block of Florida Ave NW,2019/04/06 04:00:00+00,1711,2019/04/06 04:00:00+00,2019,4,3D,Ward 1,Sexual Orientation,,ADW,813652,397967.04,138778.09,38.91686837,-77.0234419,,,MPD,2024/02/16 21:02:52+00,8159,
-8574212.24661345,4707331.67708013,19060853,800 block of H St NW,2019/04/10 04:00:00+00,1704,2019/04/10 04:00:00+00,2019,4,1D,Ward 2,Ethnicity/National Origin,Asian,Simple Assault,804955,397965.26,136884.63,38.89981143,-77.02345681,,,MPD,2024/02/16 21:02:52+00,8160,
-8578241.29469713,4712727.63841811,19061408,3600 block of Connecticut Ave NW,2019/04/11 04:00:00+00,1450,2019/04/11 04:00:00+00,2019,4,2D,Ward 3,Race,White,Threats,808927,394828.42,141072.59,38.93752508,-77.05965035,,,MPD,2024/02/16 21:02:52+00,8161,
-8575664.8577093,4709637.64805169,19063340,1900 block of 16th St NW,2019/04/14 04:00:00+00,1527,2019/04/14 04:00:00+00,2019,4,3D,Ward 2,Sexual Orientation,,Simple Assault,812944,396834.05,138674.39,38.91593086,-77.03650584,,,MPD,2024/02/16 21:02:52+00,8162,
-8574552.33580412,4708394.02045695,19065707,1000 block of N St NW,2019/04/17 04:00:00+00,1800,2019/04/18 04:00:00+00,2019,4,3D,Ward 2,Race,White,Threats,802875,397700.49,137709.11,38.90723798,-77.02651189,,,MPD,2024/02/16 21:02:52+00,8163,
-8573030.96777871,4709949.75072367,19067093,100 block of V St NW,2019/04/20 04:00:00+00,0927,2019/04/20 04:00:00+00,2019,4,3D,Ward 5,Race,White,Threats,815178,398886.04,138915.99,38.91811227,-77.01284521,,,MPD,2024/02/16 21:02:52+00,8164,
-8566348.89151108,4708311.56673478,19067061,3700 block of Hayes St NE,2019/04/20 04:00:00+00,1038,2019/04/20 04:00:00+00,2019,4,6D,Ward 7,Race,White,Threats,816724,404092.27,137645.85,38.9066616,-76.95281911,,,MPD,2024/02/16 21:02:52+00,8165,
-8577251.45297592,4708111.24885193,19069797,2300 block of M St NW,2019/04/24 04:00:00+00,1717,2019/04/24 04:00:00+00,2019,4,2D,Ward 2,Ethnicity/National Origin,Jewish,Damage/Defacing/Destruction of Property,815126,395597.34,137490.57,38.90526128,-77.05075846,,,MPD,2024/02/16 21:02:52+00,8166,
-8573862.73724949,4709589.44182512,19071546,600 block of Florida Ave NW,2019/04/27 04:00:00+00,0200,2019/04/27 04:00:00+00,2019,4,3D,Ward 2,Sexual Orientation,,Simple Assault,810091,398238,138636.55,38.91559392,-77.02031712,,,MPD,2024/02/16 21:02:52+00,8167,
-8574343.34295541,4709790.09900187,19072120,900 block of U St NW,2019/04/27 04:00:00+00,2305,2019/04/28 04:00:00+00,2019,4,3D,Ward 1,Ethnicity/National Origin,Latino/Hispanic,Simple Assault,813703,397863.62,138792.33,38.91699641,-77.02463447,,,MPD,2024/02/16 21:02:52+00,8168,
-8573183.85963227,4709438.10852359,19073803,1800 block of 2nd St NW,2019/04/30 04:00:00+00,1945,2019/04/30 04:00:00+00,2019,4,3D,Ward 5,Sexual Orientation,,Simple Assault,812300,398766.87,138519.03,38.91453616,-77.01421866,,,MPD,2024/02/16 21:02:52+00,8169,
-8574712.40790296,4716228.0499591,19074886,5900 block of Georgia Ave NW,2019/05/02 04:00:00+00,1341,2019/05/02 04:00:00+00,2019,5,4D,Ward 4,Race,Black,Simple Assault,816437,397577.63,143785.94,38.96197956,-77.02794983,,,MPD,2024/02/16 21:02:52+00,8170,
-8575449.64608441,4708029.75035348,19079200,1100 block of 15th St NW,2019/05/08 04:00:00+00,1509,2019/05/08 04:00:00+00,2019,5,2D,Ward 2,Ethnicity/National Origin,Jewish,Threats,806141,397001.24,137426.67,38.90469156,-77.03457256,,,MPD,2024/02/16 21:02:52+00,8171,
-8576455.35186071,4708778.76401154,19082617,1500 block of Connecticut Ave NW,2019/05/14 04:00:00+00,0911,2019/05/14 04:00:00+00,2019,5,2D,Ward 2,Race,White,Threats,800193,396217.89,138008.23,38.90992743,-77.04360696,,,MPD,2024/02/16 21:02:52+00,8172,
-8579118.05651697,4714666.342935,19083229,4700 block of Connecticut Ave NW,2019/05/14 04:00:00+00,1900,2019/05/15 04:00:00+00,2019,5,2D,Ward 3,Disability,,Damage/Defacing/Destruction of Property,807924,394146.69,142576.7,38.95107025,-77.06752644,,,MPD,2024/02/16 21:02:52+00,8173,
-8579293.49885055,4708676.65180458,19083325,1500 block of 35th ST NW,2019/05/15 04:00:00+00,0500,2019/05/15 04:00:00+00,2019,5,2D,Ward 2,Sexual Orientation,,Threats,804900,394006.56,137930.36,38.90921365,-77.06910246,,,MPD,2024/02/16 21:02:52+00,8174,
-8573587.04739697,4715526.98714257,19088375,5500 block of 4th St NW,2019/05/22 04:00:00+00,1806,2019/05/22 04:00:00+00,2019,5,4D,Ward 4,Race,Black,Simple Assault,811239,398453.68,143242.1,38.95708249,-77.01784055,,,MPD,2024/02/16 21:02:52+00,8175,
-8566348.89151108,4708311.56673478,19089241,3700 block of Hayes St NE,2019/05/23 04:00:00+00,2126,2019/05/24 04:00:00+00,2019,5,6D,Ward 7,Race,White,Threats,816724,404092.27,137645.85,38.9066616,-76.95281911,,,MPD,2024/02/16 21:02:52+00,8176,
-8577164.50691127,4707719.9685326,19089566,2300 block of K St NW,2019/05/24 04:00:00+00,1335,2019/05/24 04:00:00+00,2019,5,2D,Ward 2,Race,Black,Damage/Defacing/Destruction of Property,805065,395664.92,137186.89,38.90252596,-77.04997741,,,MPD,2024/02/16 21:02:52+00,8177,
-8574727.4652936,4708280.31971506,19093832,1200 block of 12th St NW,2019/05/24 04:00:00+00,2000,2019/05/30 04:00:00+00,2019,5,3D,Ward 2,Ethnicity/National Origin,Jewish,Damage/Defacing/Destruction of Property,810410,397564.01,137620.92,38.90644317,-77.0280851,,,MPD,2024/02/16 21:02:52+00,8178,
-8570086.12088747,4709082.10386197,19089305,1800 block of Kendall St NE,2019/05/24 04:00:00+00,0258,2019/05/24 04:00:00+00,2019,5,5D,Ward 5,Gender Identity/Expression,,ADW,813329,401180.28,138242.79,38.91204777,-76.98639121,,,MPD,2024/02/16 21:02:52+00,8179,
-8578406.74194046,4707789.7345187,19089262,1000 block of 31st St NW,2019/05/24 04:00:00+00,0016,2019/05/24 04:00:00+00,2019,5,2D,Ward 2,Religion,Muslim,Threats,814578,394697,137241.62,38.90301368,-77.06113659,,,MPD,2024/02/16 21:02:52+00,8180,
-8574268.99462682,4709687.62956781,19093914,1900 block of 9th ST NW,2019/05/26 04:00:00+00,0300,2019/05/31 04:00:00+00,2019,5,3D,Ward 1,Ethnicity/National Origin,Black/African,Misdemeanor Sex Abuse,800252,397921.52,138712.81,38.9162802,-77.02396659,,,MPD,2024/02/16 21:02:52+00,8181,
-8580499.62933814,4714277.97693768,19092587,4500 block of Wisconsin Ave NW,2019/05/29 04:00:00+00,0127,2019/05/29 04:00:00+00,2019,5,2D,Ward 3,Race,Black,Threats,803221,393070.63,142276.38,38.94835706,-77.07993731,,,MPD,2024/02/16 21:02:52+00,8182,
-8571328.0419356,4706554.32379331,19094134,600 block of Maryland Ave  NE,2019/05/31 04:00:00+00,0852,2019/05/31 04:00:00+00,2019,5,1D,Ward 6,Sexual Orientation,,Damage/Defacing/Destruction of Property,813321,400212.75,136281.07,38.89437667,-76.99754757,,,MPD,2024/02/16 21:02:52+00,8183,
-8576241.21940203,4708226.01445089,19095442,1200 block of 18th ST NW,2019/06/02 04:00:00+00,0252,2019/06/02 04:00:00+00,2019,6,2D,Ward 2,Gender Identity/Expression,,Robbery,810826,396384.53,137579.23,38.90606355,-77.04168338,,,MPD,2024/02/16 21:02:52+00,8184,
-8567798.08646836,4701683.36663211,19097772,2800 block of Alabama Ave SE,2019/06/05 04:00:00+00,1656,2019/06/05 04:00:00+00,2019,6,6D,Ward 7,Race,White,Threats,808385,402965.04,132500.25,38.86031258,-76.96583745,,,MPD,2024/02/16 21:02:52+00,8185,
-8575301.47460167,4709790.15487355,19099448,1400 block of U St NW,2019/06/08 04:00:00+00,0044,2019/06/08 04:00:00+00,2019,6,3D,Ward 2,Sexual Orientation,,Simple Assault,802845,397117.19,138792.61,38.9169968,-77.03324151,,,MPD,2024/02/16 21:02:52+00,8186,
-8580454.28340289,4714616.76547282,19108182,4000 block of Chesapeake St NW,2019/06/14 04:00:00+00,0500,2019/06/21 04:00:00+00,2019,6,2D,Ward 3,Ethnicity/National Origin,Jewish,Displaying Symbols,811062,393106.17,142539.09,38.9507239,-77.07952996,,,MPD,2024/02/16 21:02:52+00,8187,
-8575245.15152512,4711880.65424273,19104237,3400 block of 14th St NW,2019/06/15 04:00:00+00,1108,2019/06/15 04:00:00+00,2019,6,4D,Ward 1,Sexual Orientation,,Threats,805082,397161.65,140414.41,38.93160663,-77.03273555,,,MPD,2024/02/16 21:02:52+00,8188,
-8574528.42894353,4709748.80384517,19104723,1000 U St NW,2019/06/16 04:00:00+00,0144,2019/06/16 04:00:00+00,2019,6,3D,Ward 1,Sexual Orientation,,,242764,397719.42,138760.33,38.91670778,-77.02629713,,,MPD,2024/02/16 21:02:52+00,8189,
-8574971.76476555,4711812.16815689,19104883,1300 block of Park Rd NW,2019/06/16 04:00:00+00,1001,2019/06/16 04:00:00+00,2019,6,3D,Ward 1,Race,Black,Simple Assault,802061,397374.57,140361.21,38.93112805,-77.03027968,,,MPD,2024/02/16 21:02:52+00,8190,
-8577690.87675688,4707720.49017533,19104718,2500 block of K St NW,2019/06/16 04:00:00+00,0105,2019/06/16 04:00:00+00,2019,6,2D,Ward 2,Sexual Orientation,,Threats,813619,395254.77,137187.53,38.90252961,-77.05470587,,,MPD,2024/02/16 21:02:52+00,8191,
-8576916.24883773,4707118.79588644,17035641,2100 block of G St NW,2017/02/23 05:00:00+00,1326,2017/03/03 05:00:00+00,2017,3,2D,Ward 2,Political Affiliation,,Damage/Defacing/Destruction of Property,806475,395858.12,136720.24,38.89832314,-77.04774727,,,MPD,2024/02/16 21:02:52+00,8192,
-8573510.47885541,4713077.72035752,17033942,400 block of Shepherd St NW,2017/02/28 05:00:00+00,1555,2017/02/28 05:00:00+00,2017,2,4D,Ward 4,Ethnicity/National Origin,Latino/Hispanic,Simple Assault,802658,398512.94,141342.58,38.93997119,-77.01715273,,,MPD,2024/02/16 21:02:52+00,8193,
-8578242.9195306,4708104.31946487,17035857,3000 block of M St NW,2017/03/03 05:00:00+00,1705,2017/03/03 05:00:00+00,2017,3,2D,Ward 2,Race,White,Threats,814672,394824.81,137485.66,38.90521284,-77.05966495,,,MPD,2024/02/16 21:02:52+00,8194,
-8562649.45597016,4706267.764336,17038694,200 block of 57th St NE,2017/03/08 05:00:00+00,1625,2017/03/08 05:00:00+00,2017,3,6D,Ward 7,Gender Identity/Expression,,Threats,805402,406976.12,136061.73,38.89237312,-76.91958653,,,MPD,2024/02/16 21:02:52+00,8195,
-8574337.65963997,4712816.84381005,17039367,3800 block of Georgia Ave NW,2017/03/09 05:00:00+00,1650,2017/03/09 05:00:00+00,2017,3,4D,Ward 4,Gender Identity/Expression,,Threats,806775,397868.68,141140.38,38.93814839,-77.02458342,,,MPD,2024/02/16 21:02:52+00,8196,
-8572846.54945921,4706708.58252595,17041805,400 block of New Jersey Ave NW,2017/03/13 04:00:00+00,2115,2017/03/14 04:00:00+00,2017,3,1D,Ward 6,Ethnicity/National Origin,Asian,Damage/Defacing/Destruction of Property,800098,399029.4,136400.85,38.89545518,-77.01118855,,,MPD,2024/02/16 21:02:52+00,8197,
-8575775.43790826,4709162.39409631,17043129,1600 block of R St NW,2017/03/16 04:00:00+00,0200,2017/03/16 04:00:00+00,2017,3,3D,Ward 2,Sexual Orientation,,ADW,812936,396747.75,138305.67,38.91260899,-77.03749919,,,MPD,2024/02/16 21:02:52+00,8198,
-8570045.95313116,4708869.47916325,17045690,1100 block of Mount Olivet Rd NE,2017/03/20 04:00:00+00,2302,2017/03/20 04:00:00+00,2017,3,5D,Ward 5,Gender Identity/Expression,,Simple Assault,800173,401211.6,138077.81,38.91056153,-76.98603037,,,MPD,2024/02/16 21:02:52+00,8199,
-8573203.63577433,4709659.39676926,17046194,1900 block of 2nd ST NW,2017/03/21 04:00:00+00,1830,2017/03/20 04:00:00+00,2017,3,3D,Ward 1,Race,Black,Simple Assault,814469,398751.49,138690.73,38.91608287,-77.01439631,,,MPD,2024/02/16 21:02:52+00,8200,
-8575028.30214499,4709162.36540671,17048410,1300 block of R St NW,2017/03/25 04:00:00+00,0505,2017/03/25 04:00:00+00,2017,3,3D,Ward 2,Sexual Orientation,,Simple Assault,811045,397329.84,138305.43,38.91260879,-77.03078756,,,MPD,2024/02/16 21:02:52+00,8201,
-8574159.30692266,4707779.62538352,17049191,800 block of Mount Vernon Pl NW,2017/03/26 04:00:00+00,1416,2017/03/26 04:00:00+00,2017,3,3D,Ward 2,Ethnicity/National Origin,Arab/Middle Eastern,ADW,813971,398006.6,137232.25,38.90294301,-77.02298125,,,MPD,2024/02/16 21:02:52+00,8202,
-8579748.2870827,4711200.78928538,17054100,2800 block of Wisconsin Ave NW,2017/03/29 04:00:00+00,1427,2017/04/03 04:00:00+00,2017,4,2D,Ward 3,Religion,Jewish,Stalking,812996,393653.79,139889.04,38.9268556,-77.07318789,,,MPD,2024/02/16 21:02:52+00,8203,
-8564608.04125272,4707003.12427682,17053072,4500 block of Foote St NE,2017/04/01 04:00:00+00,1732,2017/04/02 04:00:00+00,2017,4,6D,Ward 7,Race,White,Threats,801183,405449.37,136631.26,38.89751445,-76.9371808,,,MPD,2024/02/16 21:02:52+00,8204,
-8574381.26903732,4706805.31234576,17059244,900 block of E St NW,2017/04/11 04:00:00+00,1328,2017/04/11 04:00:00+00,2017,4,2D,Ward 2,Gender Identity/Expression,,Threats,810366,397833.44,136476.16,38.89613147,-77.02497517,,,MPD,2024/02/16 21:02:52+00,8205,
-8571134.41070852,4714303.10241454,17076185,4900 block of 7th Pl NE,2017/04/14 04:00:00+00,0900,2017/05/07 04:00:00+00,2017,5,4D,Ward 5,Political Affiliation,,Damage/Defacing/Destruction of Property,814175,400363.37,142292.84,38.94853259,-76.99580815,,,MPD,2024/02/16 21:02:52+00,8206,
-8570248.61834569,4707609.54515208,17062506,1300 block of Florida Ave NE,2017/04/15 04:00:00+00,1600,2017/04/16 04:00:00+00,2017,4,5D,Ward 5/Ward 6,Gender Identity/Expression,,Simple Assault,807652,401053.83,137100.08,38.901754,-76.98785095,,,MPD,2024/10/08 19:12:17+00,8207,
-8576515.43184558,4708698.27995903,17062233,Unit block of Dupont Cir NW,2017/04/16 04:00:00+00,0057,2017/04/16 04:00:00+00,2017,4,2D,Ward 2,Ethnicity/National Origin,Arab/Middle Eastern or Jewish,Threats,810713,396171.05,137945.8,38.90936484,-77.04414667,,,MPD,2024/02/16 21:02:52+00,8208,
-8566072.23744837,4706435.27292478,17066470,3900 block of Minnesota Ave NE,2017/04/22 04:00:00+00,2308,2017/04/23 04:00:00+00,2017,4,6D,Ward 7,Sexual Orientation,,Simple Assault,810204,404308.62,136189.84,38.8935443,-76.95033389,,,MPD,2024/02/16 21:02:52+00,8209,
-8575314.67347939,4710292.86768865,17067226,1400 block of Belmont St NW,2017/04/24 04:00:00+00,0934,2017/04/24 04:00:00+00,2017,4,3D,Ward 1,Ethnicity/National Origin,Latino/Hispanic,Simple Assault,801325,397107.05,139182.65,38.92051037,-77.03336008,,,MPD,2024/02/16 21:02:52+00,8210,
-8571664.89963878,4698698.20465423,17068605,3400 block of 4th St SE,2017/04/26 04:00:00+00,1300,2017/04/26 04:00:00+00,2017,4,7D,Ward 8,Sexual Orientation,,Simple Assault,815806,399950.2,130181.4,38.83942837,-77.00057362,,,MPD,2024/02/16 21:02:52+00,8211,
-8574422.12276535,4710547.74628951,17070472,2300 block of Sherman Ave NW,2017/04/29 04:00:00+00,0013,2017/04/29 04:00:00+00,2017,4,3D,Ward 1,Sexual Orientation,,Robbery,801471,397802.41,139380.17,38.92229171,-77.02534216,,,MPD,2024/02/16 21:02:52+00,8212,
-8574573.73108866,4714034.51897768,17070607,4600 block of Georgia Ave NW,2017/04/29 04:00:00+00,0437,2017/04/29 04:00:00+00,2017,4,4D,Ward 4,Sexual Orientation,,ADW,805103,397685.1,142084.87,38.94665616,-77.02670408,,,MPD,2024/02/16 21:02:52+00,8213,
-8571108.64590278,4711989.40449729,17075821,700 block of Monroe St NE,2017/05/06 04:00:00+00,2330,2017/05/07 04:00:00+00,2017,5,5D,Ward 5,Sexual Orientation,,ADW,808336,400383.52,140498.27,38.93236657,-76.9955767,,,MPD,2024/02/16 21:02:52+00,8214,
-8575651.32873347,4716462.61956914,17076502,6000 block of 16th St NW,2017/05/07 04:00:00+00,1239,2017/05/08 04:00:00+00,2017,5,4D,Ward 4,Religion,Jewish,Threats,802888,396846.7,143968.08,38.963618,-77.0363843,,,MPD,2024/02/16 21:02:52+00,8215,
-8572791.4087319,4702748.6337316,17079789,1800 block of Half St SW,2017/05/13 04:00:00+00,0156,2017/05/13 04:00:00+00,2017,5,1D,Ward 6,Ethnicity/National Origin,Arab/Middle Eastern,Damage/Defacing/Destruction of Property,800314,399072.01,133326.88,38.86776372,-77.01069322,,,MPD,2024/02/16 21:02:52+00,8216,
-8574186.79714903,4712744.99598479,17079893,800 block of Quincy St NW,2017/05/13 04:00:00+00,0935,2017/05/13 04:00:00+00,2017,5,4D,Ward 4,Gender Identity/Expression,,Threats,806183,397986.16,141084.62,38.93764636,-77.02322819,,,MPD,2024/02/16 21:02:52+00,8217,
-8574179.44584267,4711447.7958564,17080746,3000 block of Georgia Ave NW,2017/05/14 04:00:00+00,1835,2017/05/14 04:00:00+00,2017,5,4D,Ward 1,Sexual Orientation,,Simple Assault,802472,397991.63,140078.37,38.92858177,-77.02316216,,,MPD,2024/02/16 21:02:52+00,8218,
-8574364.80618186,4712969.32829437,17090505,3900 block of Georgia Ave NW,2017/05/29 04:00:00+00,1350,2017/05/29 04:00:00+00,2017,5,4D,Ward 4,Race,Black,Threats,808914,397847.57,141258.66,38.93921384,-77.02482728,,,MPD,2024/02/16 21:02:52+00,8219,
-8577808.73642727,4712629.79060815,17091019,2800 block of Quebec St NW,2017/05/29 04:00:00+00,2024,2017/05/30 04:00:00+00,2017,5,2D,Ward 3,Religion,Jewish,Threats,814430,395165.26,140996.48,38.93684138,-77.05576462,,,MPD,2024/02/16 21:02:52+00,8220,
-8574313.83460605,4711149.51440449,17093183,700 block of Gresham Pl NW,2017/06/02 04:00:00+00,0901,2017/06/02 04:00:00+00,2017,6,3D,Ward 1,Sexual Orientation,,Simple Assault,802858,397886.89,139847,38.92649727,-77.02436939,,,MPD,2024/02/16 21:02:52+00,8221,
-8574241.04497541,4711997.76075796,17094255,3400 block of Georgia Ave NW,2017/06/03 04:00:00+00,1815,2017/06/03 04:00:00+00,2017,6,4D,Ward 1,Ethnicity/National Origin,Latino/Hispanic,ADW,814582,397943.76,140505.01,38.93242496,-77.02371551,,,MPD,2024/02/16 21:02:52+00,8222,
-8569592.64628206,4710496.4340717,17099918,1600 block of Montana Ave NE,2017/06/05 04:00:00+00,1930,2017/06/12 04:00:00+00,2017,6,5D,Ward 5,Sexual Orientation,,Cruelty to Children,805051,401564.53,139340.21,38.92193309,-76.98195825,,,MPD,2024/02/16 21:02:52+00,8223,
-8575773.87320193,4709949.94514859,17096778,1600 block of V St NW,2017/06/07 04:00:00+00,1755,2017/06/07 04:00:00+00,2017,6,3D,Ward 1,Sexual Orientation,,Damage/Defacing/Destruction of Property,802200,396749.22,138916.73,38.91811363,-77.03748514,,,MPD,2024/02/16 21:02:52+00,8224,
-8574527.22719525,4707886.27419067,17099546,1000 block of Massachusetts Ave NW,2017/06/12 04:00:00+00,2230,2017/06/12 04:00:00+00,2017,6,2D,Ward 2,Race,Black,Simple Assault,801162,397719.94,137315.09,38.90368856,-77.02628633,,,MPD,2024/02/16 21:02:52+00,8225,
-8575301.45557911,4709950.05158994,17102380,1400 block of V St NW,2017/06/14 04:00:00+00,1330,2017/06/16 04:00:00+00,2017,6,3D,Ward 1,Race,Black,Displaying Symbols,811679,397117.25,138916.67,38.91811437,-77.03324134,,,MPD,2024/02/16 21:02:52+00,8226,
-8571489.58738411,4699301.58047255,17101718,3100 block of Martin Luther King Jr Ave SE,2017/06/15 04:00:00+00,1151,2017/06/15 04:00:00+00,2017,6,7D,Ward 8,Race,Black,Displaying Symbols,807353,400086.92,130650.04,38.84365008,-76.99899876,,,MPD,2024/02/16 21:02:52+00,8227,
-8575301.45557911,4709950.05158994,17101745,1400 block of V St NW,2017/06/15 04:00:00+00,0900,2017/06/15 04:00:00+00,2017,6,3D,Ward 1,Race,Black,Displaying Symbols,811679,397117.25,138916.67,38.91811437,-77.03324134,,,MPD,2024/02/16 21:02:52+00,8228,
-8576646.30239157,4708737.90818831,16085736,2000 block of P St NW,2016/05/28 04:00:00+00,0000-1030,2016/05/28 04:00:00+00,2016,5,2D,Ward 2,Ethnicity/National Origin,Arab/Middle Eastern,Damage/Defacing/Destruction of Property,813555,396069.1,137976.6,38.90964184,-77.0453223,,,MPD,2024/02/16 21:02:52+00,8229,
-8577619.72023869,4709688.36961188,16111639,2400 block of Tracy Pl NW,2016/06/01 04:00:00+00,1730-1732,2016/07/06 04:00:00+00,2016,7,2D,Ward 2,Religion,Jewish,Damage/Defacing/Destruction of Property,811585,395311.12,138714.5,38.91628538,-77.05406666,,,MPD,2024/02/16 21:02:52+00,8230,
-8565878.85626791,4706624.38686861,16091695,3900 block of Benning Rd NE,2016/06/06 04:00:00+00,1623,2016/06/06 04:00:00+00,2016,6,6D,Ward 7,Sexual Orientation,,Simple Assault,800701,404459.24,136336.7,38.89486652,-76.94859672,,,MPD,2024/02/16 21:02:52+00,8231,
-8569540.55785843,4701886.48965457,16094095,2300 block of Green St SE,2016/06/10 04:00:00+00,0020,2016/06/10 04:00:00+00,2016,6,7D,Ward 8,Sexual Orientation,,ADW,811388,401606.46121544,132657.58034454,38.86173341,-76.98149033,,,MPD,2024/02/16 21:02:52+00,8232,
-8574422.12276535,4710547.74628951,16094964,2400 block of Sherman Ave NW,2016/06/11 04:00:00+00,1045,2016/06/11 04:00:00+00,2016,6,3D,Ward 1,Race,Black,Simple Assault,801471,397802.41,139380.17,38.92229171,-77.02534216,,,MPD,2024/02/16 21:02:52+00,8233,
-8576260.78624341,4710237.76180515,16098404,2300 block of 18th St NW,2016/06/12 04:00:00+00,0400,2016/06/16 04:00:00+00,2016,6,3D,Ward 1,Sexual Orientation,,Damage/Defacing/Destruction of Property,806244,396370,139140.2,38.92012523,-77.04185915,,,MPD,2024/02/16 21:02:52+00,8234,
-8576660.12024882,4709374.3574155,16096316,2000 block of S St NW,2016/06/13 04:00:00+00,0400,2016/06/13 04:00:00+00,2016,6,2D,Ward 2,Sexual Orientation,,Damage/Defacing/Destruction of Property,811079,396058.58,138470.45,38.91409056,-77.04544643,,,MPD,2024/02/16 21:02:52+00,8235,
-8574381.73338197,4707331.92829108,16097126,900 block of H St NW,2016/06/14 04:00:00+00,1730,2016/06/14 04:00:00+00,2016,6,1D,Ward 2,Gender Identity/Expression,,Threats,801218,397833.19,136884.86,38.89981319,-77.02497934,,,MPD,2024/02/16 21:02:52+00,8236,
-8572608.58736787,4708790.17513845,16102041,1500 block of North Capitol St NW,2016/06/20 04:00:00+00,1900,2016/06/20 04:00:00+00,2016,6,3D,Ward 5,Gender Identity/Expression,,Robbery,801852,399215,138016.22,38.91000719,-77.0090509,,,MPD,2024/02/16 21:02:52+00,8237,
-8576238.65968082,4709427.61952746,16102589,1800 block of 18th St NW,2016/06/22 04:00:00+00,2352,2016/06/23 04:00:00+00,2016,6,2D,Ward 2,Sexual Orientation,,ADW,808346,396386.95,138511.62,38.91446285,-77.04166039,,,MPD,2024/02/16 21:02:52+00,8238,
-8573554.62358987,4708584.84706325,16103204,400 block of O St NW,2016/06/23 04:00:00+00,2000,2016/06/23 04:00:00+00,2016,6,3D,Ward 2,Race,White,Threats,803178,398477.89,137857,38.90857192,-77.01754929,,,MPD,2024/02/16 21:02:52+00,8239,
-8570130.42255556,4699505.51318863,16103122,1300 block of Alabama Ave SE,2016/06/23 04:00:00+00,1730,2016/06/23 04:00:00+00,2016,6,7D,Ward 8,Sexual Orientation,,Threats,812079,401146.84,130808.51,38.84507691,-76.98678918,,,MPD,2024/02/16 21:02:52+00,8240,
-8569724.41910371,4707423.73980703,16104521,800 block of Bladensburg Rd NE,2016/06/25 04:00:00+00,1946,2016/06/25 04:00:00+00,2016,6,5D,Ward 5,Sexual Orientation,,ADW,808465,401462.32,136955.95,38.90045504,-76.98314199,,,MPD,2024/02/16 21:02:52+00,8241,
-8578502.62712247,4708100.39573,16104355,3100 block of M St NW,2016/06/25 04:00:00+00,2016,2016/06/25 04:00:00+00,2016,6,2D,Ward 2,Race,White,Simple Assault,809180,394622.45,137482.75,38.90518541,-77.06199794,,,MPD,2024/02/16 21:02:52+00,8242,
-8569547.57635184,4699714.30890111,16112589,1500 block of Alabama Ave SE,2016/07/08 04:00:00+00,0333-0350,2016/07/08 04:00:00+00,2016,7,7D,Ward 8,Sexual Orientation,,ADW,805076,401601.33,130970.75,38.84653773,-76.98155338,,,MPD,2024/02/16 21:02:52+00,8243,
-8573928.7210031,4707482.79096881,16115421,600 block of I St NW,2016/07/12 04:00:00+00,2135-2150,2016/07/13 04:00:00+00,2016,7,1D,Ward 2,Race,Black,Threats,809882,398186.22,137001.85,38.90086787,-77.02090986,,,MPD,2024/02/16 21:02:52+00,8244,
-8574669.09671565,4708841.02599547,16116491,1100 block of Rhode Island Ave NW,2016/07/14 04:00:00+00,1630-1649,2016/07/14 04:00:00+00,2016,7,3D,Ward 2,Sexual Orientation,,Simple Assault,814136,397609.62,138056,38.91036264,-77.02756077,,,MPD,2024/02/16 21:02:52+00,8245,
-8575666.02972201,4709003.22431906,17164786,1600 block of 16th ST NW,2017/09/20 04:00:00+00,1900,2017/09/22 04:00:00+00,2017,9,3D,Ward 2,Political Affiliation,,Damage/Defacing/Destruction of Property,804188,396832.94,138182.13,38.91149641,-77.03651636,,,MPD,2024/02/16 21:02:52+00,8246,
-8575749.26080692,4708359.1413234,17163970,1600 block of Rhode Island Ave NW,2017/09/21 04:00:00+00,0700,2017/09/21 04:00:00+00,2017,9,2D,Ward 2,Sexual Orientation,,Threats,801418,396767.89,137682.37,38.90699416,-77.03726404,,,MPD,2024/02/16 21:02:52+00,8247,
-8575906.84086898,4710000.11706574,17164646,1700 block of Florida Ave NW,2017/09/21 04:00:00+00,1400,2017/09/22 04:00:00+00,2017,9,3D,Ward 1,Race,Black,Threats,814671,396645.65,138955.7,38.91846429,-77.03867961,,,MPD,2024/02/16 21:02:52+00,8248,
-8573389.81028321,4715375.31947332,17167710,5400 block of 3rd St NW,2017/09/26 04:00:00+00,1700,2017/09/27 04:00:00+00,2017,9,4D,Ward 4,Race,Black,Damage/Defacing/Destruction of Property,802751,398607.23,143124.46,38.95602302,-77.01606874,,,MPD,2024/02/16 21:02:52+00,8249,
-8577378.87664313,4710820.76959092,17167395,2600 block of Connecticut Ave NW,2017/09/26 04:00:00+00,1642,2017/09/26 04:00:00+00,2017,9,2D,Ward 3,Ethnicity/National Origin,Latino/Hispanic,Simple Assault,807493,395499.25,139592.96,38.92419981,-77.05190312,,,MPD,2024/02/16 21:02:52+00,8250,
-8579502.10072285,4708458.62295354,17169500,3700 block of O St NW,2017/09/29 04:00:00+00,0000,2017/09/30 04:00:00+00,2017,9,2D,Ward 2,Race,Black,Displaying Symbols,810249,393843.9,137761.3,38.90768958,-77.07097637,,,MPD,2024/02/16 21:02:52+00,8251,
-8570282.00033725,4697560.01488428,17170303,900 block of Southern Ave SE,2017/10/01 04:00:00+00,1105,2017/10/01 04:00:00+00,2017,10,7D,Ward 8,Ethnicity/National Origin,Latino/Hispanic,Simple Assault,801338,401028.83065491,129297.36411742,38.83146397,-76.98815083,,,MPD,2024/02/16 21:02:52+00,8252,
-8571246.34975899,4699617.20789244,17173088,2900 block of Martin Luther King Jr Ave SE,2017/10/05 04:00:00+00,2356,2017/10/05 04:00:00+00,2017,10,7D,Ward 8,Sexual Orientation,,Simple Assault,807300,400276.6,130895.18,38.84585837,-76.99681372,,,MPD,2024/02/16 21:02:52+00,8253,
-8575775.09639328,4709268.83490586,17173128,1600 block of Riggs Pl NW,2017/10/06 04:00:00+00,0234,2017/10/06 04:00:00+00,2017,10,3D,Ward 2,Sexual Orientation,,Simple Assault,802851,396748.05,138388.26,38.91335299,-77.03749613,,,MPD,2024/02/16 21:02:52+00,8254,
-8576515.43184558,4708698.27995903,17173927,Unit block of Dupont Cir NW,2017/10/07 04:00:00+00,1145,2017/10/07 04:00:00+00,2017,10,2D,Ward 2,Gender Identity/Expression,,Simple Assault,810713,396171.05,137945.8,38.90936484,-77.04414667,,,MPD,2024/02/16 21:02:52+00,8255,
-8573983.15354892,4711523.82165738,17175645,600 block of Irving ST NW,2017/10/09 04:00:00+00,2100,2017/10/09 04:00:00+00,2017,10,4D,Ward 1,Religion,Jewish,Damage/Defacing/Destruction of Property,803785,398144.54,140137.31,38.92911306,-77.02139883,,,MPD,2024/02/16 21:02:52+00,8256,
-8573599.32235079,4710200.52429341,17176473,2200 block of 4th ST NW,2017/10/11 04:00:00+00,1604,2017/10/11 04:00:00+00,2017,10,3D,Ward 1,Race,White,Threats,806020,398443.31,139110.63,38.91986498,-77.01795082,,,MPD,2024/02/16 21:02:52+00,8257,
-8575028.32095234,4707117.11164784,17178328,1300 block of G ST NW,2017/10/14 04:00:00+00,1341,2017/10/14 04:00:00+00,2017,10,2D,Ward 2,Ethnicity/National Origin,Non-European,Damage/Defacing/Destruction of Property,810322,397329.29,136718.3,38.89831137,-77.03078773,,,MPD,2024/02/16 21:02:52+00,8258,
-8573808.5395848,4710103.246107,17179503,500 block of W St NW,2017/10/16 04:00:00+00,1408,2017/10/16 04:00:00+00,2017,10,3D,Ward 1,Religion,Jewish,Damage/Defacing/Destruction of Property,814293,398280.31,139035.19,38.91918508,-77.01983025,,,MPD,2024/02/16 21:02:52+00,8259,
-8568529.66482256,4710094.16636083,17181830,2100 block of Queens Chapel Rd NE,2017/10/20 04:00:00+00,0507,2017/10/20 04:00:00+00,2017,10,5D,Ward 5,Race,White,ADW,807162,402392.68,139028.32,38.91912162,-76.97240933,,,MPD,2024/02/16 21:02:52+00,8260,
-8568014.11077714,4702863.3868342,17181773,1800 block of 28th St SE,2017/10/20 04:00:00+00,0134,2017/10/20 04:00:00+00,2017,10,6D,Ward 7,Sexual Orientation,,Simple Assault,812298,402796.28969655,133416.41426524,38.86856632,-76.96777803,,,MPD,2024/02/16 21:02:52+00,8261,
-8578313.87283401,4706241.82097084,17183499,Theodore Roosevelt Bridge,2017/10/22 04:00:00+00,1841,2017/10/22 04:00:00+00,2017,10,2D,Ward 2,Ethnicity/National Origin,Jewish,Damage/Defacing/Destruction of Property,303204,394768.57,136040.25,38.89219207,-77.06030234,,,MPD,2024/02/16 21:02:52+00,8262,
-8575231.62694137,4708006.09428348,17184552,1100 block of Vermont Ave NW,2017/10/24 04:00:00+00,1244,2017/10/24 04:00:00+00,2017,10,2D,Ward 2,Sexual Orientation,,Simple Assault,802517,397171.11,137408.25,38.90452619,-77.03261406,,,MPD,2024/02/16 21:02:52+00,8263,
-8569884.83078897,4705264.05895716,17184502,1400 block of C St SE,2017/10/24 04:00:00+00,0854,2017/10/24 04:00:00+00,2017,10,1D,Ward 6,Sexual Orientation,,Threats,808531,401337.60569519,135279.70908297,38.88535504,-76.98458299,,,MPD,2024/02/16 21:02:52+00,8264,
-8570287.15104825,4704388.50436439,17187517,1300 block of Potomac Ave SE,2017/10/28 04:00:00+00,2230,2017/10/28 04:00:00+00,2017,10,1D,Ward 6,Sexual Orientation,,Damage/Defacing/Destruction of Property,808578,401024.1279029,134600.00751434,38.87923245,-76.98819709,,,MPD,2024/02/16 21:02:52+00,8265,
-8575252.43406309,4707549.14788255,17187653,1400 block of I ST NW,2017/10/29 04:00:00+00,0248,2017/10/29 04:00:00+00,2017,10,2D,Ward 2,Ethnicity/National Origin,Arab/Middle Eastern,Simple Assault,808633,397154.77,137053.65,38.90133177,-77.03280097,,,MPD,2024/02/16 21:02:52+00,8266,
-8574158.99238378,4712207.52582688,17188581,600 block of Newton St NW,2017/10/30 04:00:00+00,2126,2017/10/30 04:00:00+00,2017,10,4D,Ward 1,Ethnicity/National Origin,Latino/Hispanic,Robbery,808025,398007.71,140667.71,38.93389076,-77.02297842,,,MPD,2024/02/16 21:02:52+00,8267,
-8578587.82444125,4707788.78641523,17190338,1000 block of Wisconsin Ave NW,2017/11/02 04:00:00+00,1315,2017/11/02 04:00:00+00,2017,11,2D,Ward 2,Race,Black,ADW,803006,394555.9,137240.98,38.90300705,-77.06276329,,,MPD,2024/02/16 21:02:52+00,8268,
-8577718.60483074,4707326.3765511,17192094,2600 block of Virginia Ave NW,2017/11/05 04:00:00+00,1225,2017/11/06 05:00:00+00,2017,11,2D,Ward 2,Race,Black,Damage/Defacing/Destruction of Property,801110,395232.98,136881.69,38.89977437,-77.05495496,,,MPD,2024/02/16 21:02:52+00,8269,
-8572780.64045662,4709685.38641223,17191866,Unit block of Rhode Island Ave NW,2017/11/05 04:00:00+00,0040,2017/11/05 04:00:00+00,2017,11,3D,Ward 5,Sexual Orientation,,Threats,805694,399081.03,138710.85,38.91626452,-77.01059648,,,MPD,2024/02/16 21:02:52+00,8270,
-8571139.43485814,4705148.1208606,17195967,700 block of Pennsylvania Ave SE,2017/11/11 05:00:00+00,2300,2017/11/12 05:00:00+00,2017,11,1D,Ward 6,Sexual Orientation,,Threats,804857,400359.78,135189.61,38.88454434,-76.99585329,,,MPD,2024/02/16 21:02:52+00,8271,
-8575157.72457083,4708508.54481077,17197293,1300 block of 14th ST NW,2017/11/14 05:00:00+00,1341,2017/11/14 05:00:00+00,2017,11,2D,Ward 2,Sexual Orientation,,Robbery,802156,397228.83,137798.13,38.90803854,-77.03195018,,,MPD,2024/02/16 21:02:52+00,8272,
-8572931.79555609,4707011.68866988,17198032,600 block of New Jersey Ave NW,2017/11/15 05:00:00+00,1711,2017/11/15 05:00:00+00,2017,11,1D,Ward 6,Ethnicity/National Origin,Jewish,Damage/Defacing/Destruction of Property,808425,398963,136636.1,38.89757432,-77.01195433,,,MPD,2024/02/16 21:02:52+00,8273,
-8575028.69806272,4706979.08606793,20009814,1300 block of F St NW,2020/01/16 05:00:00+00,2101,2020/01/16 05:00:00+00,2020,1,2D,Ward 2,Race,White,Simple Assault,809400,397328.96,136611.18,38.89734639,-77.03079112,,,MPD,2024/02/16 21:02:52+00,8274,
-8575113.45993734,4717129.04550509,20014562,1400 block of Tewkesbury Pl NW,2020/01/24 05:00:00+00,1703,2020/01/24 05:00:00+00,2020,1,4D,Ward 4,Ethnicity/National Origin,Latino/Hispanic,ADW,812717,397265.63,144484.64,38.96827271,-77.03155254,,,MPD,2024/02/16 21:02:52+00,8275,
-8574295.72492297,4713354.27387561,20017231,800 block of Upshur St NW,2020/01/28 05:00:00+00,2341,2020/01/29 05:00:00+00,2020,1,4D,Ward 4,Sexual Orientation,,Stalking,811863,397901.45,141557.22,38.94190348,-77.02420671,,,MPD,2024/02/16 21:02:52+00,8276,
-8568869.56687724,4699618.01758312,20018329,2000 block of Tremont St SE,2020/01/30 05:00:00+00,1534,2020/01/30 05:00:00+00,2020,1,7D,Ward 8,Gender Identity/Expression,,Simple Assault,801205,402130.07347193,130896.0901669,38.84586404,-76.97546272,,,MPD,2024/02/16 21:02:52+00,8277,
-8574295.72492297,4713354.27387561,20019058,800 block of Upshur St NW,2020/01/31 05:00:00+00,1847,2020/01/31 05:00:00+00,2020,1,4D,Ward 4,Sexual Orientation,,Stalking,811863,397901.45,141557.22,38.94190348,-77.02420671,,,MPD,2024/02/16 21:02:52+00,8278,
-8571954.47535023,4707892.34818826,20019792,200 block of L St NE,2020/02/01 05:00:00+00,0115,2020/02/02 05:00:00+00,2020,2,5D,Ward 6,Gender Identity/Expression,,Simple Assault,809549,399724.61,137319.48,38.90373102,-77.00317492,,,MPD,2024/02/16 21:02:52+00,8279,
-8564051.05883919,4704478.41047856,20022524,4900 block of Benning Rd SE,2020/02/06 05:00:00+00,1320,2020/02/06 05:00:00+00,2020,2,6D,Ward 7,Sexual Orientation,,Threats,809253,405884.86,134671.92,38.87986117,-76.93217734,,,MPD,2024/02/16 21:02:52+00,8280,
-8575251.59668574,4707719.51212287,20024382,1400 block of K St NW,2020/02/09 05:00:00+00,1500,2020/02/09 05:00:00+00,2020,2,2D,Ward 2,Race,Black,Threats,805270,397155.47,137185.86,38.90252277,-77.03279345,,,MPD,2024/02/16 21:02:52+00,8281,
-8575558.62122641,4708166.89736292,20176781,1500 block of M St NW,2020/02/12 05:00:00+00,1600,2020/12/13 05:00:00+00,2020,12,2D,Ward 2,Race,Black,Damage/Defacing/Destruction of Property,803647,396916.37,137533.13,38.90565029,-77.0355515,,,MPD,2024/02/16 21:02:52+00,8282,
-8571745.08265611,4710865.25112899,20030020,300 block of Evarts St NE,2020/02/18 05:00:00+00,2140,2020/02/18 05:00:00+00,2020,2,5D,Ward 5,Race,Black,Damage/Defacing/Destruction of Property,806978,399887.8,139626.19,38.92451068,-77.00129391,,,MPD,2024/02/16 21:02:52+00,8283,
-8565079.14876992,4706198.79762529,20031554,4200 block of Blaine St NE,2020/02/21 05:00:00+00,1048,2020/02/21 05:00:00+00,2020,2,6D,Ward 7,Sexual Orientation,,ADW,801975,405082.65533067,136006.76002765,38.89189092,-76.94141283,,,MPD,2024/02/16 21:02:52+00,8284,
-8577136.86732337,4707656.30143744,20032681,Unit block of Washington Cir NW,2020/02/23 05:00:00+00,0305,2020/02/23 05:00:00+00,2020,2,2D,Ward 2,Race,Black,Simple Assault,814875,395686.43,137137.47,38.90208087,-77.04972912,,,MPD,2024/02/16 21:02:52+00,8285,
-8569648.5237542,4707355.27740404,20033886,1500 block of Benning Rd NE,2020/02/25 05:00:00+00,0432,2020/02/25 05:00:00+00,2020,2,5D,Ward 7,Sexual Orientation,,ADW,808183,401521.47,136902.83,38.89997642,-76.98246021,,,MPD,2024/02/16 21:02:52+00,8286,
-8573762.67176801,4708394.37459956,20038777,500 block of N St NW,2020/03/04 05:00:00+00,0640,2020/03/04 05:00:00+00,2020,3,3D,Ward 2,Ethnicity/National Origin,Latino/Hispanic,Simple Assault,812215,398315.76,137709.23,38.90724046,-77.01941821,,,MPD,2024/02/16 21:02:52+00,8287,
-8574610.45630546,4706892.29699406,20045437,500 block of 11th St NW,2020/03/14 04:00:00+00,1540,2020/03/14 04:00:00+00,2020,3,2D,Ward 2,Ethnicity/National Origin,Latino/Hispanic,Threats,804514,397654.86,136543.72,38.89673962,-77.02703399,,,MPD,2024/02/16 21:02:52+00,8288,
-8574040.82447292,4708844.12241315,20045736,1500 block of 7th St NW,2020/03/15 04:00:00+00,0106,2020/03/15 04:00:00+00,2020,3,3D,Ward 2,Gender Identity/Expression,,Threats,812676,398099.12,138058.27,38.91038429,-77.0219169,,,MPD,2024/02/16 21:02:52+00,8289,
-8569196.53526348,4713918.30358328,20047834,1900 block of Michigan Ave NE,2020/03/18 04:00:00+00,1942,2020/03/18 04:00:00+00,2020,3,5D,Ward 5,Gender Identity/Expression,,ADW,801223,401872.47,141994.62,38.94584422,-76.97839992,,,MPD,2024/02/16 21:02:52+00,8290,
-8570905.92113098,4710446.58560262,20049063,2300 block of Washington Pl NE,2020/03/21 04:00:00+00,1243,2020/03/21 04:00:00+00,2020,3,5D,Ward 5,Race,Black,Simple Assault,815797,400541.5,139301.4,38.92158471,-76.99375559,,,MPD,2024/02/16 21:02:52+00,8291,
-8576358.72311302,4712121.15671065,20050449,1800 block of Monroe St NW,2020/03/24 04:00:00+00,1720,2020/03/24 04:00:00+00,2020,3,3D,Ward 1,Sexual Orientation,,Simple Assault,800208,396294.39,140601.33,38.93328723,-77.04273893,,,MPD,2024/02/16 21:02:52+00,8292,
-8575303.35575955,4708394.85604801,20050317,1400 block of N St NW,2020/03/24 04:00:00+00,1449,2020/03/24 04:00:00+00,2020,3,2D,Ward 2,Ethnicity/National Origin,Latino/Hispanic,ADW,814803,397115.33,137709.95,38.90724382,-77.03325841,,,MPD,2024/02/16 21:02:52+00,8293,
-8576912.76667241,4708737.19190964,20051275,2100 block of P St NW,2020/03/26 04:00:00+00,0000,2020/03/26 04:00:00+00,2020,3,2D,Ward 2,Ethnicity/National Origin,African,Damage/Defacing/Destruction of Property,807038,395861.49,137976.15,38.90963684,-77.04771599,,,MPD,2024/02/16 21:02:52+00,8294,
-8575036.09136187,4710567.40636285,20053460,1300 block of Clifton St NW,2020/03/31 04:00:00+00,1100,2020/04/01 04:00:00+00,2020,4,3D,Ward 1,Sexual Orientation,,Threats to do Bodily Harm,800059,397324.14,139395.57,38.92242911,-77.03085753,,,MPD,2024/02/16 21:02:52+00,8295,
-8582087.34163457,4712377.4081606,20055722,4800 block of Glenbrook Rd NW,2020/04/04 04:00:00+00,1000,2020/04/06 04:00:00+00,2020,4,2D,Ward 3,Ethnicity/National Origin,Jewish,Displaying Symbols,800264,391832.75,140803.45,38.93507785,-77.09419997,,,MPD,2024/02/16 21:02:52+00,8296,
-8574641.05553771,4717297.87669439,20063801,6500 block of Georgia Ave NW,2020/04/26 04:00:00+00,1326,2020/04/26 04:00:00+00,2020,4,4D,Ward 4,Gender Identity/Expression,,Simple Assault,803045,397633.43,144615.42,38.96945187,-77.02730886,,,MPD,2024/02/16 21:02:52+00,8297,
-8563438.52625252,4705579.05401434,20064093,5100 block of A St SE,2020/04/27 04:00:00+00,0823,2020/04/27 04:00:00+00,2020,4,6D,Ward 7,Gender Identity/Expression,,Threats to do Bodily Harm,804127,406361.61405186,135526.6535632,38.88755762,-76.92667487,,,MPD,2024/02/16 21:02:52+00,8298,
-8579231.78591585,4709032.68690377,20067328,3400 block of Dent Pl NW,2020/05/03 04:00:00+00,2130,2020/05/04 04:00:00+00,2020,5,2D,Ward 2,Race,Black,Damage/Defacing/Destruction of Property,805483,394054.85,138206.59,38.91170235,-77.06854809,,,MPD,2024/02/16 21:02:52+00,8299,
-8568473.76433753,4699892.15551326,20069743,2200 block of Savannah St SE,2020/05/09 04:00:00+00,1345,2020/05/09 04:00:00+00,2020,5,7D,Ward 8,Sexual Orientation,,ADW,811092,402438.66448022,131109.0853991,38.84778199,-76.97190717,,,MPD,2024/02/16 21:02:52+00,8300,
-8577922.74997546,4712023.12504315,20072147,3200 block of Connecticut Ave NW,2020/05/14 04:00:00+00,1900,2020/05/14 04:00:00+00,2020,5,2D,Ward 3,Sexual Orientation,,Violation of CPO,809245,395076.17,140525.95,38.93260221,-77.05678882,,,MPD,2024/02/16 21:02:52+00,8301,
-8575301.47460167,4709790.15487355,20080038,1400 block of U St NW,2020/05/30 04:00:00+00,2046,2020/05/30 04:00:00+00,2020,5,3D,Ward 2,Sexual Orientation,,Simple Assault,802845,397117.19,138792.61,38.9169968,-77.03324151,,,MPD,2024/02/16 21:02:52+00,8302,
-8574898.76810014,4708489.81757746,20145997,1300 block of 13th St NW,2020/06/06 04:00:00+00,0000,2020/10/12 04:00:00+00,2020,10,3D,Ward 2,Ethnicity/National Origin,Jewish,Simple Assault,811736,397430.59,137783.53,38.90790764,-77.02962394,,,MPD,2024/02/16 21:02:52+00,8303,
-8580040.97169887,4713534.64711078,20086027,3800 block of Van Ness St NW,2020/06/09 04:00:00+00,1200,2020/06/10 04:00:00+00,2020,6,2D,Ward 3,Sexual Orientation,,Damage/Defacing/Destruction of Property,803390,393427.31,141699.57,38.94316373,-77.07581712,,,MPD,2024/02/16 21:02:52+00,8304,
-8572256.24091086,4707960.84919014,20086508,1100 block of 1st St NE,2020/06/11 04:00:00+00,1237,2020/06/11 04:00:00+00,2020,6,5D,Ward 6,Race,Black,Damage/Defacing/Destruction of Property,800351,399489.48,137372.65,38.90420989,-77.00588572,,,MPD,2024/02/16 21:02:52+00,8305,
-8574610.81218771,4709055.78798671,20087683,1600 block of 11th St NW,2020/06/13 04:00:00+00,1923,2020/06/13 04:00:00+00,2020,6,3D,Ward 2,Race,Black,Simple Assault,805635,397655.08,138222.63,38.91186383,-77.02703719,,,MPD,2024/02/16 21:02:52+00,8306,
-8574040.7859631,4707234.16437231,20092431,700 block of 7th St NW,2020/06/24 04:00:00+00,1445,2020/06/24 04:00:00+00,2020,6,1D,Ward 2,Gender Identity/Expression,,Simple Assault,803289,398098.85,136808.92,38.89912971,-77.02191656,,,MPD,2024/02/16 21:02:52+00,8307,
-8578008.52103464,4708109.0323909,20093439,2800 block of M St NW,2020/06/26 04:00:00+00,1719,2020/06/26 04:00:00+00,2020,6,2D,Ward 2,Ethnicity/National Origin,Jewish,Displaying Symbols,809328,395007.45,137489.2,38.90524579,-77.05755932,,,MPD,2024/02/16 21:02:52+00,8308,
-8579347.97050866,4707781.8415978,20094517,Key Bridge,2020/06/29 04:00:00+00,0120,2020/06/29 04:00:00+00,2020,6,2D,Ward 2,Ethnicity/National Origin,Mexican,Simple Assault,303113,393963.59,137236.02,38.90295884,-77.06959179,,,MPD,2024/02/16 21:02:52+00,8309,
-8578888.00627703,4709319.38435524,20094673,3200 block of R St NW,2020/06/29 04:00:00+00,1317,2020/06/29 04:00:00+00,2020,6,2D,Ward 2,Race,Black,Threats,803432,394322.85,138428.85,38.91370632,-77.06545986,,,MPD,2024/02/16 21:02:52+00,8310,
-8575113.45993734,4717129.04550509,20095170,1300 block of Tewkesbury Pl NW,2020/06/29 04:00:00+00,2100,2020/06/30 04:00:00+00,2020,6,4D,Ward 4,Ethnicity/National Origin,Latino/Hispanic,ADW,812717,397265.63,144484.64,38.96827271,-77.03155254,,,MPD,2024/02/16 21:02:52+00,8311,
-8571427.99872548,4707633.00889354,20096720,900 block of 6th St NE,2020/07/04 04:00:00+00,0508,2020/07/04 04:00:00+00,2020,7,1D,Ward 6,Gender Identity/Expression,,Simple Assault,805631,400134.84,137118.22,38.90191804,-76.9984455,,,MPD,2024/02/16 21:02:52+00,8312,
-8575669.06530903,4707635.38830607,20097915,900 block of 16th ST NW,2020/07/06 04:00:00+00,1845,2020/07/06 04:00:00+00,2020,7,2D,Ward 2,Political Affiliation,,Robbery,814092,396830.15,137120.7,38.90193467,-77.03654363,,,MPD,2024/02/16 21:02:52+00,8313,
-8568703.62481776,4702143.98954248,20098960,2300 block of Good Hope Rd SE,2020/07/07 04:00:00+00,1330,2020/07/09 04:00:00+00,2020,7,6D,Ward 8,Sexual Orientation,,Threats,815940,402258.92,132857.68,38.86353456,-76.97397204,,,MPD,2024/02/16 21:02:52+00,8314,
-8579796.24433718,4716166.07916018,20100365,5400 block of Connecticut Ave NW,2020/07/08 04:00:00+00,0830,2020/07/12 04:00:00+00,2020,7,2D,Ward 3,Gender Identity/Expression,,Threats,801543,393619.54,143740.09,38.9615467,-77.0736187,,,MPD,2024/02/16 21:02:52+00,8315,
-8562066.95310506,4706341.9070173,20101545,6000 block of Clay St NE,2020/07/14 04:00:00+00,2022,2020/07/15 04:00:00+00,2020,7,6D,Ward 7,Sexual Orientation,,Threats,802850,407430.01987685,136119.68828375,38.89289151,-76.91435382,,,MPD,2024/02/16 21:02:52+00,8316,
-8570719.99713114,4707387.33191317,20103116,1000 block of H St NE,2020/07/18 04:00:00+00,0908,2020/07/18 04:00:00+00,2020,7,1D,Ward 6,Race,White,Simple Assault,808064,400686.54,136927.59,38.90020051,-76.99208541,,,MPD,2024/02/16 21:02:52+00,8317,
-8573815.43162892,4704333.51306413,20108581,900 block of 6th St SW,2020/07/20 04:00:00+00,1400,2020/07/30 04:00:00+00,2020,7,1D,Ward 6,Race,Black,Simple Assault,806082,398273.96498835,134557.4401863,38.87884789,-77.01989217,,,MPD,2024/02/16 21:02:52+00,8318,
-8575486.28458546,4716822.96609346,20105592,1400 block of Sheridan St NW,2020/07/23 04:00:00+00,1951,2020/07/23 04:00:00+00,2020,7,4D,Ward 4,Ethnicity/National Origin,Latino/Hispanic,Threats,810795,396975.3,144247.43,38.96613491,-77.03490168,,,MPD,2024/02/16 21:02:52+00,8319,
-8572609.4362465,4706731.33757284,20107661,400 block of North Capitol St NW,2020/07/26 04:00:00+00,0001,2020/07/28 04:00:00+00,2020,7,1D,Ward 6,Race,Black,Threats,812697,399214.18,136418.49,38.89561427,-77.00905853,,,MPD,2024/02/16 21:02:52+00,8320,
-8573203.80892267,4704145.71129489,20109364,200 block of L St SW,2020/07/31 04:00:00+00,1914,2020/07/31 04:00:00+00,2020,7,1D,Ward 6,Ethnicity/National Origin,Middle Eastern,Simple Assault,809775,398750.68,134411.56,38.87753455,-77.01439787,,,MPD,2024/02/16 21:02:52+00,8321,
-8574040.70733431,4709374.05200816,22049921,7th St NW and S St NW,2022/04/10 04:00:00+00,2100,2022/04/10 04:00:00+00,2022,4,3D,Ward 1/Ward 2,Sexual Orientation,,Robbery,905685,398099.31001219,138469.45999793,38.91408843,-77.02191585,,,MPD,2024/10/08 19:05:21+00,8322,
-8581351.58029586,4709291.19965061,22051202,4600 block of Reservoir Rd NW,2022/04/12 04:00:00+00,2200,2022/04/13 04:00:00+00,2022,4,2D,Ward 3,Ethnicity/National Origin,Ukrainian,Damage/Defacing/Destruction of Property,810217,392403.5,138408.59,38.91350932,-77.08759052,,,MPD,2024/02/16 21:02:52+00,8323,
-8575157.994401,4710166.13380086,22051097,2200 block of 14th St NW,2022/04/13 04:00:00+00,0436,2022/04/13 04:00:00+00,2022,4,3D,Ward 1,Gender Identity/Expression,,Threats,810063,397229.07,139084.28,38.91962462,-77.03195261,,,MPD,2024/02/16 21:02:52+00,8324,
-8574040.63492209,4707407.51257753,22051342,800 block of 7th St NW,2022/04/13 04:00:00+00,1547,2022/04/13 04:00:00+00,2022,4,1D,Ward 2,Race,White,Threats,814889,398099,136943.45,38.9003416,-77.0219152,,,MPD,2024/02/16 21:02:52+00,8325,
-8576515.43184558,4708698.27995903,22053332,Unit block of Dupont Cir NW,2022/04/17 04:00:00+00,1540,2022/04/17 04:00:00+00,2022,4,2D,Ward 2,Ethnicity/National Origin,Asian,Threats,810713,396171.05,137945.8,38.90936484,-77.04414667,,,MPD,2024/02/16 21:02:52+00,8326,
-8569501.21930965,4698343.28321245,22057228,1300 block of Southern Ave SE,2022/04/21 04:00:00+00,1730,2022/04/25 04:00:00+00,2022,4,7D,Ward 8,Race,White,Threats,808913,401637.7,129905.89,38.83694492,-76.98113695,,,MPD,2024/02/16 21:02:52+00,8327,
-8572421.33032051,4703263.98892857,22055995,Unit block of Potomac Ave SE,2022/04/22 04:00:00+00,2205,2022/04/22 04:00:00+00,2022,4,1D,Ward 8,Sexual Orientation,,Simple Assault,815778,399360.55,133726.97,38.87136815,-77.00736875,,,MPD,2024/02/16 21:02:52+00,8328,
-8572786.55399691,4703359.1649671,22056091,Half St SW and P St SW,2022/04/23 04:00:00+00,0109,2022/04/23 04:00:00+00,2022,4,1D,Ward 6,Ethnicity/National Origin,Asian,Simple Assault,900812,399075.8500131,133800.8900096,38.87203379,-77.0106496,,,MPD,2024/02/16 21:02:52+00,8329,
-8570282.78749099,4702555.03913531,22057110,1200 block of U St SE,2022/04/24 04:00:00+00,2252,2022/04/25 04:00:00+00,2022,4,7D,Ward 8,Sexual Orientation,,Simple Assault,805680,401027.71366291,133176.58140102,38.86640965,-76.98815789,,,MPD,2024/02/16 21:02:52+00,8330,
-8575158.07062968,4709427.52863007,22056930,1800 block of 14th St NW,2022/04/24 04:00:00+00,1639,2022/04/24 04:00:00+00,2022,4,3D,Ward 2,Race,Black,Damage/Defacing/Destruction of Property,810471,397228.81,138511.21,38.91446221,-77.03195329,,,MPD,2024/02/16 21:02:52+00,8331,
-8569162.02024007,4702415.07486935,22057248,1800 block of Good Hope Rd SE,2022/04/24 04:00:00+00,1744,2022/04/25 04:00:00+00,2022,4,7D,Ward 8,Sexual Orientation,,Threats,811283,401901.49,133068.07,38.86543068,-76.97808987,,,MPD,2024/02/16 21:02:52+00,8332,
-8571589.2368251,4697584.29722285,22057324,400 block of Condon Ter SE,2022/04/25 04:00:00+00,1534,2022/04/25 04:00:00+00,2022,4,7D,Ward 8,Gender Identity/Expression,,Simple Assault,809255,400009.21,129316.16,38.83163389,-76.99989393,,,MPD,2024/02/16 21:02:52+00,8333,
-8569598.57877442,4707674.44664732,22059476,900 block of Bladensburg Rd NE,2022/04/29 04:00:00+00,1127,2022/04/29 04:00:00+00,2022,4,5D,Ward 5,Ethnicity/National Origin,African,Simple Assault,814689,401560.34,137150.53,38.90220772,-76.98201154,,,MPD,2024/02/16 21:02:52+00,8334,
-8578594.39296994,4708159.89405266,22063229,1200 block of Wisconsin Ave NW,2022/05/05 04:00:00+00,2335,2022/05/06 04:00:00+00,2022,5,2D,Ward 2,Religion,Muslim,Simple Assault,808614,394550.98,137528.97,38.90560134,-77.06282229,,,MPD,2024/02/16 21:02:52+00,8335,
-8579662.99767938,4712232.08410798,22063443,3300 block of Wisconsin Ave NW,2022/05/06 04:00:00+00,1218,2022/05/06 04:00:00+00,2022,5,2D,Ward 3,Sexual Orientation,,Threats,811570,393720.86,140689,38.93406237,-77.07242173,,,MPD,2024/02/16 21:02:52+00,8336,
-8566187.2929391,4706234.14783447,22065645,3800 block of Minnesota Ave NE,2022/05/10 04:00:00+00,1845,2022/05/10 04:00:00+00,2022,5,6D,Ward 7,Gender Identity/Expression,,ADW,804070,404219.04,136033.69,38.89213808,-76.95136745,,,MPD,2024/02/16 21:02:52+00,8337,
-8575778.40262374,4707719.83669548,22067370,1600 block of K St NW,2022/05/13 04:00:00+00,1700,2022/05/13 04:00:00+00,2022,5,2D,Ward 2,Ethnicity/National Origin,Asian,Simple Assault,814017,396744.98,137186.27,38.90252504,-77.03752583,,,MPD,2024/02/16 21:02:52+00,8338,
-8581095.29610924,4715932.04763797,22067801,5300 block of Wisconsin Ave NW,2022/05/14 04:00:00+00,1530,2022/05/14 04:00:00+00,2022,5,2D,Ward 3,Race,Black,Simple Assault,810971,392607.98,143559.5,38.95991197,-77.08528828,,,MPD,2024/02/16 21:02:52+00,8339,
-8575666.02972201,4709003.22431906,22071156,1600 block of 16th ST NW,2022/05/15 04:00:00+00,0400,2022/05/20 04:00:00+00,2022,5,3D,Ward 2,Gender Identity/Expression,,ADW,804188,396832.94,138182.13,38.91149641,-77.03651636,,,MPD,2024/02/16 21:02:52+00,8340,
-8570920.90472757,4702068.88062154,22069452,2400 block of Shannon Pl SE,2022/05/17 04:00:00+00,1748,2022/05/17 04:00:00+00,2022,5,7D,Ward 8,Gender Identity/Expression,,ADW,804145,400530.26271845,132799.05656867,38.86300919,-76.9938902,,,MPD,2024/02/16 21:02:52+00,8341,
-8573290.84725048,4706891.57261611,22069294,500 block of 3rd St NW,2022/05/17 04:00:00+00,1000,2022/05/17 04:00:00+00,2022,5,1D,Ward 6,Ethnicity/National Origin,Jewish,Displaying Symbols,805387,398683.19,136542.92,38.89673455,-77.01517974,,,MPD,2024/02/16 21:02:52+00,8342,
-8576515.43184558,4708698.27995903,22070136,Unit block of Dupont Cir NW,2022/05/18 04:00:00+00,2142,2022/05/18 04:00:00+00,2022,5,2D,Ward 2,Race,White,Simple Assault,810713,396171.05,137945.8,38.90936484,-77.04414667,,,MPD,2024/02/16 21:02:52+00,8343,
-8575444.94065908,4709949.81766221,22071551,15th St NW and V St NW,2022/05/21 04:00:00+00,1644,2022/05/21 04:00:00+00,2022,5,3D,Ward 1,Sexual Orientation,,ADW,900726,397005.47001117,138916.53001435,38.91811274,-77.03453029,,,MPD,2024/02/16 21:02:52+00,8344,
-8574220.44205591,4711811.84910414,22071912,3300 block of Georgia Ave NW,2022/05/22 04:00:00+00,1304,2022/05/22 04:00:00+00,2022,5,4D,Ward 1,Ethnicity/National Origin,Jewish,Simple Assault,812062,397959.77,140360.79,38.93112582,-77.02353043,,,MPD,2024/02/16 21:02:52+00,8345,
-8575244.51833599,4711581.60925674,22077469,3200 block of 14th St NW,2022/05/29 04:00:00+00,1830,2022/06/01 04:00:00+00,2022,6,3D,Ward 1,"Ethnicity/National Origin; Homelessness","Hispanic; Homelessness",ADW,800897,397162.06,140182.43,38.92951689,-77.03272986,,,MPD,2024/02/16 21:02:52+00,8346,
-8571746.63491062,4707202.97861804,22075848,300 block of G St NE,2022/05/29 04:00:00+00,2228,2022/05/29 04:00:00+00,2022,5,1D,Ward 6,Gender Identity/Expression,,Simple Assault,801545,399886.55,136784.49,38.89891168,-77.00130785,,,MPD,2024/02/16 21:02:52+00,8347,
-8571139.43485814,4705148.1208606,22078595,700 block of Pennsylvania Ave SE,2022/06/03 04:00:00+00,1527,2022/06/03 04:00:00+00,2022,6,1D,Ward 6,Sexual Orientation,,Damage/Defacing/Destruction of Property,804857,400359.78,135189.61,38.88454434,-76.99585329,,,MPD,2024/02/16 21:02:52+00,8348,
-8570758.16354098,4710645.20166002,22082153,2500 block of 10th St NE,2022/06/09 04:00:00+00,2000,2022/06/09 04:00:00+00,2022,6,5D,Ward 5,Sexual Orientation,,Threats,805395,400656.59,139455.5,38.92297281,-76.99242827,,,MPD,2024/02/16 21:02:52+00,8349,
-8571664.80639618,4706293.17453701,19106524,200 block of 4th St NE,2019/06/18 04:00:00+00,2130,2019/06/18 04:00:00+00,2019,6,5D,Ward 6,Gender Identity/Expression,,Simple Assault,811646,399950.31,136078.38,38.89255079,-77.00057278,,,MPD,2024/02/16 21:02:52+00,8350,
-8573761.85100111,4709245.71268209,19106766,500 block of Rhode Island Ave NW,2019/06/19 04:00:00+00,1146,2019/06/19 04:00:00+00,2019,6,3D,Ward 2,Ethnicity/National Origin,Latino/Hispanic,Threats,803669,398316.54,138369.83,38.91319137,-77.01941084,,,MPD,2024/02/16 21:02:52+00,8351,
-8569998.82558261,4708688.869303,19107406,1700 block of Montello Ave NE,2019/06/20 04:00:00+00,0902,2019/06/20 04:00:00+00,2019,6,5D,Ward 5,Sexual Orientation,,Simple Assault,808973,401248.34,137937.67,38.90929905,-76.98560702,,,MPD,2024/02/16 21:02:52+00,8352,
-8576438.18356868,4708030.96269199,19110155,1100 block of 19th ST NW,2019/06/24 04:00:00+00,1420,2019/06/24 04:00:00+00,2019,6,2D,Ward 2,Sexual Orientation,,ADW,800787,396230.99,137427.94,38.90470003,-77.04345274,,,MPD,2024/02/16 21:02:52+00,8353,
-8571914.30702274,4703767.13748841,19111376,200 block of Tingey St SE,2019/06/26 04:00:00+00,1135,2019/06/26 04:00:00+00,2019,6,1D,Ward 8,Ethnicity/National Origin,Latino/Hispanic,Threats,815914,399755.81,134117.57,38.87488703,-77.00281408,,,MPD,2024/02/16 21:02:52+00,8354,
-8574812.53164624,4707548.62699141,19112787,1200 block of I St NW,2019/06/28 04:00:00+00,1343,2019/06/28 04:00:00+00,2019,6,2D,Ward 2,Sexual Orientation,,Threats,802095,397497.55,137053.13,38.90132813,-77.02884926,,,MPD,2024/03/26 18:27:47+00,8355,
-8572677.00875989,4708166.51871943,19113775,Unit block of M St NW,2019/06/29 04:00:00+00,2054,2019/06/29 04:00:00+00,2019,6,1D,Ward 6,Sexual Orientation,,ADW,800899,399161.64,137532.28,38.90564764,-77.00966554,,,MPD,2024/02/16 21:02:52+00,8356,
-8569540.62120942,4705583.59199859,19115955,1600 block of Independence Ave SE,2019/07/02 04:00:00+00,1000,2019/07/03 04:00:00+00,2019,7,1D,Ward 7,Sexual Orientation,,Damage/Defacing/Destruction of Property,805605,401605.83004744,135527.7841232,38.88758935,-76.9814909,,,MPD,2024/02/16 21:02:52+00,8357,
-8574194.56528868,4711583.40237456,19116312,3100 block of Georgia Ave NW,2019/07/03 04:00:00+00,1947,2019/07/03 04:00:00+00,2019,7,4D,Ward 1,Ethnicity/National Origin,Latino/Hispanic,Simple Assault,813003,397979.88,140183.57,38.92952942,-77.02329798,,,MPD,2024/02/16 21:02:52+00,8358,
-8571664.03041569,4697069.28877032,19116636,4200 block of 4th ST SE,2019/07/04 04:00:00+00,1028,2019/07/04 04:00:00+00,2019,7,7D,Ward 8,Sexual Orientation,,Threats,813557,399950.87,128916.09,38.82802987,-77.00056581,,,MPD,2024/02/16 21:02:52+00,8359,
-8575346.58113676,4706469.56315539,19118211,300 block of 15th St NW,2019/07/06 04:00:00+00,1600,2019/07/06 04:00:00+00,2019,7,2D,Ward 2,Political Affiliation,,Robbery,800891,397081.1,136215.82,38.89378405,-77.03364671,,,MPD,2024/02/16 21:02:52+00,8360,
-8575345.76018174,4711470.91823388,19118932,1400 block of Irving St NW,2019/07/07 04:00:00+00,2141,2019/07/08 04:00:00+00,2019,7,3D,Ward 1,Race,White,Simple Assault,809317,397083.17,140096.59,38.92874335,-77.03363933,,,MPD,2024/02/16 21:02:52+00,8361,
-8574820.45824425,4708754.72416666,19122014,Unit block of Logan Cir NW,2019/07/12 04:00:00+00,1638,2019/07/12 04:00:00+00,2019,7,3D,Ward 2,Race,Black,Damage/Defacing/Destruction of Property,811181,397491.67,137989.07,38.90975939,-77.02892047,,,MPD,2024/02/16 21:02:52+00,8362,
-8575992.58428303,4707634.94382294,19122794,900 block of 17th St NW,2019/07/13 04:00:00+00,1755,2019/07/13 04:00:00+00,2019,7,1D,Ward 2,Ethnicity/National Origin,Latino/Hispanic,ADW,803806,396578.06,137120.46,38.90193156,-77.03944985,,,MPD,2024/02/16 21:02:52+00,8363,
-8578236.73356443,4707729.476427,19123410,3000 block of K St NW,2019/07/14 04:00:00+00,2033,2019/07/14 04:00:00+00,2019,7,2D,Ward 2,Ethnicity/National Origin,Jewish,Displaying Symbols,801873,394829.44,137194.77,38.90259243,-77.05960938,,,MPD,2024/02/16 21:02:52+00,8364,
-8574552.3910686,4708585.0562863,19124744,1000 block of O St NW,2019/07/16 04:00:00+00,2025,2019/07/16 04:00:00+00,2019,7,3D,Ward 2,Ethnicity/National Origin,Latino/Hispanic,Simple Assault,800010,397700.49,137857.35,38.90857338,-77.02651238,,,MPD,2024/02/16 21:02:52+00,8365,
-8575346.65355147,4706911.48176854,19127683,500 block of 15th St NW,2019/07/21 04:00:00+00,1129,2019/07/21 04:00:00+00,2019,7,2D,Ward 2,Ethnicity/National Origin,Arab/Middle Eastern,Simple Assault,807294,397081.17,136558.8,38.89687374,-77.03364736,,,MPD,2024/02/16 21:02:52+00,8366,
-8566187.2929391,4706234.14783447,19135590,3800 block of Minnesota Ave NE,2019/08/02 04:00:00+00,0320,2019/08/02 04:00:00+00,2019,8,6D,Ward 7,Gender Identity/Expression,,Robbery,804070,404219.04,136033.69,38.89213808,-76.95136745,,,MPD,2024/02/16 21:02:52+00,8367,
-8574381.26903732,4706805.31234576,19136923,900 block of E St NW,2019/08/04 04:00:00+00,0625,2019/08/04 04:00:00+00,2019,8,2D,Ward 2,Ethnicity/National Origin,Black/African,Damage/Defacing/Destruction of Property,810366,397833.44,136476.16,38.89613147,-77.02497517,,,MPD,2024/02/16 21:02:52+00,8368,
-8572789.40751958,4708584.06378381,20110164,Unit block of O St NW,2020/08/02 04:00:00+00,1018,2020/08/02 04:00:00+00,2020,8,3D,Ward 5,Sexual Orientation,,Threats,809161,399074.1,137856.3,38.90856644,-77.01067524,,,MPD,2024/02/16 21:02:52+00,8369,
-8576515.43184558,4708698.27995903,20110250,Unit block of Dupont Cir NW,2020/08/02 04:00:00+00,1500,2020/08/02 04:00:00+00,2020,8,2D,Ward 2,Sexual Orientation,,Simple Assault,810713,396171.05,137945.8,38.90936484,-77.04414667,,,MPD,2024/02/16 21:02:52+00,8370,
-8576384.96083094,4710302.49767979,20111972,1800 block of Belmont Rd NW,2020/08/05 04:00:00+00,2028,2020/08/05 04:00:00+00,2020,8,3D,Ward 1,Sexual Orientation,,Simple Assault,815376,396273.29,139190.47,38.92057768,-77.04297463,,,MPD,2024/02/16 21:02:52+00,8371,
-8575651.35015841,4716678.36152718,20114260,6100 block of 16th St NW,2020/08/10 04:00:00+00,1430,2020/08/10 04:00:00+00,2020,8,2D,Ward 4,Ethnicity/National Origin,Latino/Hispanic,Threats,800279,396846.75,144135.36,38.9651249,-77.03638449,,,MPD,2024/02/16 21:02:52+00,8372,
-8569724.41910371,4707423.73980703,20114564,800 block of Bladensburg Rd NE,2020/08/11 04:00:00+00,0711,2020/08/11 04:00:00+00,2020,8,5D,Ward 5,Sexual Orientation,,Threats,808465,401462.32,136955.95,38.90045504,-76.98314199,,,MPD,2024/02/16 21:02:52+00,8373,
-8576198.36743307,4710451.19773689,20118216,2300 block of Champlain St NW,2020/08/18 04:00:00+00,2129,2020/08/19 04:00:00+00,2020,8,3D,Ward 1,Sexual Orientation,,Threats,813215,396418.7,139305.77,38.92161694,-77.04129843,,,MPD,2024/02/16 21:02:52+00,8374,
-8564301.63998006,4705328.21124885,20118372,4700 block of C St SE,2020/08/19 04:00:00+00,0941,2020/08/19 04:00:00+00,2020,8,6D,Ward 7,Ethnicity/National Origin,Latino/Hispanic,Simple Assault,806934,405689.07001923,135331.43548302,38.88580363,-76.93442835,,,MPD,2024/02/16 21:02:52+00,8375,
-8575008.70197263,4708738.11529641,20120522,1300 block of P St NW,2020/08/23 04:00:00+00,1601,2020/08/23 04:00:00+00,2020,8,3D,Ward 2,Sexual Orientation,,Threats,805731,397345,137976.23,38.90964329,-77.03061149,,,MPD,2024/02/16 21:02:52+00,8376,
-8574554.934253,4719058.3546355,20121378,7500 block of Georgia Ave NW,2020/08/25 04:00:00+00,1145,2020/08/25 04:00:00+00,2020,8,4D,Ward 4,Gender Identity/Expression,,Threats,800507,397700.87,145980.21,38.98174639,-77.02653522,,,MPD,2024/02/16 21:02:52+00,8377,
-8565773.19085663,4706880.3208988,20121347,4000 block of Minnesota Ave NE,2020/08/25 04:00:00+00,1057,2020/08/25 04:00:00+00,2020,8,6D,Ward 7,Gender Identity/Expression,,Threats,816435,404541.47,136535.38,38.89665588,-76.94764751,,,MPD,2024/02/16 21:02:52+00,8378,
-8575449.64608441,4708029.75035348,20124652,1100 block of 15th St NW,2020/08/31 04:00:00+00,2224,2020/08/31 04:00:00+00,2020,8,2D,Ward 2,Sexual Orientation,,ADW,806141,397001.24,137426.67,38.90469156,-77.03457256,,,MPD,2024/02/16 21:02:52+00,8379,
-8571589.2368251,4697584.29722285,20125104,400 block of Condon Ter SE,2020/09/01 04:00:00+00,2041,2020/09/01 04:00:00+00,2020,9,7D,Ward 8,Sexual Orientation,,Threats,809255,400009.21,129316.16,38.83163389,-76.99989393,,,MPD,2024/02/16 21:02:52+00,8380,
-8574489.05193623,4712893.06027629,20126270,900 block of Randolph St NW,2020/09/04 04:00:00+00,0924,2020/09/04 04:00:00+00,2020,9,4D,Ward 4,Race,Black,Threats,801436,397750.79,141199.53,38.93868093,-77.02594339,,,MPD,2024/02/16 21:02:52+00,8381,
-8569963.22390344,4708915.96398074,20127423,1800 block of West Virginia Ave NE,2020/09/06 04:00:00+00,1216,2020/09/06 04:00:00+00,2020,9,5D,Ward 5,Gender Identity/Expression,,Simple Assault,809754,401276.05,138113.89,38.91088646,-76.9852872,,,MPD,2024/02/16 21:02:52+00,8382,
-8574669.02283706,4709790.45660157,20129748,1100 block of U St NW,2020/09/10 04:00:00+00,2310,2020/09/11 04:00:00+00,2020,9,3D,Ward 1,Gender Identity/Expression,,ADW,812182,397609.9,138792.68,38.91699891,-77.0275601,,,MPD,2024/02/16 21:02:52+00,8383,
-8574696.52070749,4715173.73221291,20130981,5400 block of Georgia Ave NW,2020/09/13 04:00:00+00,1302,2020/09/13 04:00:00+00,2020,9,4D,Ward 4,Ethnicity/National Origin,Latino/Hispanic,Damage/Defacing/Destruction of Property,805640,397589.75,142968.38,38.9546148,-77.02780712,,,MPD,2024/02/16 21:02:52+00,8384,
-8572610.61015658,4707960.42055423,22083267,1100 block of North Capitol St NE,2022/06/11 04:00:00+00,2230,2022/06/11 04:00:00+00,2022,6,5D,Ward 6,Gender Identity/Expression,,Simple Assault,811622,399213.36,137372.34,38.9042069,-77.00906907,,,MPD,2024/02/16 21:02:52+00,8385,
-8579508.80631722,4710172.13744187,22083618,2200 block of Wisconsin Ave NW,2022/06/12 04:00:00+00,1657,2022/06/12 04:00:00+00,2022,6,2D,Ward 3,Ethnicity/National Origin,Asian,Simple Assault,806639,393839.71,139090.85,38.91966658,-77.0710366,,,MPD,2024/02/16 21:02:52+00,8386,
-8564921.09028737,4708734.97720295,22084642,4400 block of Polk St NE,2022/06/13 04:00:00+00,1500,2022/06/14 04:00:00+00,2022,6,6D,Ward 7,Race,Black,Damage/Defacing/Destruction of Property,802068,405204.54,137975.06,38.90962135,-76.93999296,,,MPD,2024/02/16 21:02:52+00,8387,
-8579834.95861459,4714847.39522287,22084137,3800 block of Fort Dr NW,2022/06/13 04:00:00+00,1658,2022/06/13 04:00:00+00,2022,6,2D,Ward 3,Ethnicity/National Origin,Jewish,Stalking,804558,393588.57,142717.54,38.95233508,-77.07396648,,,MPD,2024/02/16 21:02:52+00,8388,
-8568726.37698669,4707571.91004748,22092979,800 block of 21st St NE,2022/06/13 04:00:00+00,1937,2022/06/30 04:00:00+00,2022,6,5D,Ward 5,Sexual Orientation,,Threats,805661,402239.99,137071.12,38.9014909,-76.97417642,,,MPD,2024/02/16 21:02:52+00,8389,
-8569547.57635184,4699714.30890111,22085573,1500 block of Alabama Ave SE,2022/06/16 04:00:00+00,0832,2022/06/16 04:00:00+00,2022,6,7D,Ward 8,Gender Identity/Expression,,Simple Assault,805076,401601.33,130970.75,38.84653773,-76.98155338,,,MPD,2024/02/16 21:02:52+00,8390,
-8570830.79301828,4710865.2228877,22085652,800 block of Evarts St NE,2022/06/16 04:00:00+00,1041,2022/06/16 04:00:00+00,2022,6,5D,Ward 5,Gender Identity/Expression,,Threats,810418,400600,139626.19,38.92451048,-76.99308071,,,MPD,2024/02/16 21:02:52+00,8391,
-8568726.09326369,4707048.40766798,22088005,600 block of 21st St NE,2022/06/20 04:00:00+00,1840,2022/06/20 04:00:00+00,2022,6,5D,Ward 7,Sexual Orientation,,Simple Assault,806553,402240.32601603,136664.84614026,38.89783104,-76.97417387,,,MPD,2024/02/16 21:02:52+00,8392,
-8568157.97300084,4701335.44950292,22093834,2500 block of Alabama Ave SE,2022/07/01 04:00:00+00,1505,2022/07/01 04:00:00+00,2022,7,7D,Ward 8,Sexual Orientation,,Threats,807964,402684.54,132229.99,38.85787887,-76.96907037,,,MPD,2024/02/16 21:02:52+00,8393,
-8568725.48083087,4707245.35064768,22097395,700 block of 21st St NE,2022/07/02 04:00:00+00,0736,2022/07/02 04:00:00+00,2022,7,5D,Ward 5,Gender Identity/Expression,,Threats,802896,402240.76,136817.69,38.89920791,-76.97416837,,,MPD,2024/02/16 21:02:52+00,8394,
-8573708.17810442,4707406.72393677,22094700,800 block of 5th St NW,2022/07/03 04:00:00+00,0808,2022/07/03 04:00:00+00,2022,7,1D,Ward 6,Sexual Orientation,,Simple Assault,801612,398358.06,136942.78,38.90033609,-77.01892869,,,MPD,2024/02/16 21:02:52+00,8395,
-8575158.14714221,4707806.37140409,22098196,1000 block of 14th St NW,2022/07/09 04:00:00+00,2049,2022/07/09 04:00:00+00,2022,7,2D,Ward 2,Sexual Orientation,,Simple Assault,804807,397228.31,137253.24,38.90312998,-77.03195398,,,MPD,2024/02/16 21:02:52+00,8396,
-8575252.49509758,4706715.71829333,22100290,1400 block of Pennsylvania Ave NW,2022/07/13 04:00:00+00,1925,2022/07/13 04:00:00+00,2022,7,2D,Ward 2,Ethnicity/National Origin,Ethiopian,Simple Assault,801449,397154.49,136406.84,38.89550507,-77.03280152,,,MPD,2024/02/16 21:02:52+00,8397,
-8571139.43485814,4705148.1208606,22101829,700 block of Pennsylvania Ave SE,2022/07/16 04:00:00+00,1752,2022/07/16 04:00:00+00,2022,7,1D,Ward 6,Gender Identity/Expression,,Simple Assault,804857,400359.78,135189.61,38.88454434,-76.99585329,,,MPD,2024/02/16 21:02:52+00,8398,
-8570081.18897659,4702507.80105989,22103742,1300 block of U St SE,2022/07/20 04:00:00+00,1312,2022/07/20 04:00:00+00,2022,7,7D,Ward 8,Sexual Orientation,,Simple Assault,813394,401184.88537505,133139.92632899,38.86607925,-76.98634691,,,MPD,2024/02/16 21:02:52+00,8399,
-8571929.87790731,4704070.06428262,22104216,1100 block of 2nd Pl SE,2022/07/21 04:00:00+00,0930,2022/07/21 04:00:00+00,2022,7,1D,Ward 8,Political Affiliation,,Simple Assault,811711,399743.68,134352.74,38.87700553,-77.00295395,,,MPD,2024/02/16 21:02:52+00,8400,
-8575028.18159288,4709949.81272057,22105091,1300 block of V St NW,2022/07/22 04:00:00+00,2216,2022/07/23 04:00:00+00,2022,7,3D,Ward 1,Gender Identity/Expression,,Simple Assault,810147,397330.14,138916.41,38.9181127,-77.03078648,,,MPD,2024/02/16 21:02:52+00,8401,
-8576839.96898184,4708140.55501013,22104668,2100 block of M St NW,2022/07/22 04:00:00+00,0245,2022/07/22 04:00:00+00,2022,7,2D,Ward 2,Race,Black,ADW,815021,395917.97,137513.14,38.90546615,-77.04706204,,,MPD,2024/02/16 21:02:52+00,8402,
-8573402.19527824,4706891.90130043,22107329,500 block of 4th St NW,2022/07/27 04:00:00+00,1156,2022/07/27 04:00:00+00,2022,7,1D,Ward 6,Race,Black,Simple Assault,800109,398596.42,136543.19,38.89673685,-77.01618,,,MPD,2024/02/16 21:02:52+00,8403,
-8578066.54285968,4712341.1205027,22109009,3400 block of Connecticut Ave NW,2022/07/30 04:00:00+00,1520,2022/07/30 04:00:00+00,2022,7,2D,Ward 3,Sexual Orientation,,Simple Assault,803643,394964.33,140772.69,38.93482428,-77.05808053,,,MPD,2024/02/16 21:02:52+00,8404,
-8574270.23095685,4708280.52797187,22113098,1200 block of 9th St NW,2022/08/07 04:00:00+00,1033,2022/08/07 04:00:00+00,2022,8,3D,Ward 2,Ethnicity/National Origin,Mexican,Simple Assault,801626,397920.27,137620.98,38.90644462,-77.02397769,,,MPD,2024/02/16 21:02:52+00,8405,
-8574040.61783746,4709268.17734614,22113288,1700 block of 7th St NW,2022/08/07 04:00:00+00,1743,2022/08/07 04:00:00+00,2022,8,3D,Ward 2,Sexual Orientation,,Simple Assault,811043,398099.36,138387.31,38.91334839,-77.02191505,,,MPD,2024/02/16 21:02:52+00,8406,
-8569566.4527191,4699970.88192807,22113952,1500 block of Tubman Rd SE,2022/08/08 04:00:00+00,2226,2022/08/09 04:00:00+00,2022,8,7D,Ward 8,Gender Identity/Expression,,Threats,815448,401586.57,131170.01,38.84833278,-76.98172295,,,MPD,2024/02/16 21:02:52+00,8407,
-8568259.34019438,4701360.46290669,22114800,2400 block of 25th St SE,2022/08/10 04:00:00+00,1520,2022/08/10 04:00:00+00,2022,8,7D,Ward 8,Sexual Orientation,,Simple Assault,812439,402605.49827237,132249.38696816,38.85805384,-76.96998096,,,MPD,2024/02/16 21:02:52+00,8408,
-8570594.86116614,4711943.08677112,22116821,3400 block of 12th St NE,2022/08/14 04:00:00+00,1641,2022/08/14 04:00:00+00,2022,8,5D,Ward 5,Religion,Catholic,Damage/Defacing/Destruction of Property,806544,400783.7,140462.37,38.93204291,-76.9909613,,,MPD,2024/02/16 21:02:52+00,8409,
-8570594.86116614,4711943.08677112,22117137,3400 block of 12th St NE,2022/08/15 04:00:00+00,1042,2022/08/15 04:00:00+00,2022,8,5D,Ward 5,Religion,Catholic,Burglary,806544,400783.7,140462.37,38.93204291,-76.9909613,,,MPD,2024/02/16 21:02:52+00,8410,
-8575049.37470763,4710899.99584095,20133457,1300 block of Fairmont St NW,2020/09/18 04:00:00+00,1130,2020/09/18 04:00:00+00,2020,9,3D,Ward 1,Sexual Orientation,,Threats,804659,397313.88,139653.6,38.9247535,-77.03097686,,,MPD,2024/02/16 21:02:52+00,8411,
-8575649.72871945,4717350.5857884,20136564,6600 block of 16th St NW,2020/09/24 04:00:00+00,1422,2020/09/24 04:00:00+00,2020,9,4D,Ward 4,Race,Black,Simple Assault,812690,396848.22,144656.56,38.96982001,-77.03636993,,,MPD,2024/02/16 21:02:52+00,8412,
-8573556.68023899,4707329.06752468,20137693,400 block of H St NW,2020/09/26 04:00:00+00,1959,2020/09/26 04:00:00+00,2020,9,1D,Ward 6,Race,Black,Simple Assault,802812,398476.1,136882.49,38.89979319,-77.01756776,,,MPD,2024/02/16 21:02:52+00,8413,
-8573949.91578796,4715431.08155907,20138100,600 block of Kennedy St NW,2020/09/27 04:00:00+00,1440,2020/09/27 04:00:00+00,2020,9,4D,Ward 4,Gender Identity/Expression,,Simple Assault,808391,398171.13,143167.79,38.95641254,-77.02110025,,,MPD,2024/02/16 21:02:52+00,8414,
-8574343.34295541,4709790.09900187,20138274,900 block of U St NW,2020/09/27 04:00:00+00,2225,2020/09/27 04:00:00+00,2020,9,3D,Ward 1,Sexual Orientation,,Simple Assault,813703,397863.62,138792.33,38.91699641,-77.02463447,,,MPD,2024/02/16 21:02:52+00,8415,
-8573203.80892267,4704145.71129489,20139106,200 block of L St SW,2020/09/29 04:00:00+00,1208,2020/09/29 04:00:00+00,2020,9,1D,Ward 6,Sexual Orientation,,Threats,809775,398750.68,134411.56,38.87753455,-77.01439787,,,MPD,2024/02/16 21:02:52+00,8416,
-8575302.90318776,4708739.30067432,20140286,1400 block of P St NW,2020/10/01 04:00:00+00,1629,2020/10/01 04:00:00+00,2020,10,2D,Ward 2,Sexual Orientation,,Threats,815289,397115.78,137977.23,38.90965158,-77.03325434,,,MPD,2024/02/16 21:02:52+00,8417,
-8577614.82387456,4708110.63996426,20142177,2500 block of M St NW,2020/10/03 04:00:00+00,1630,2020/10/05 04:00:00+00,2020,10,2D,Ward 2,Ethnicity/National Origin,Jewish,Displaying Symbols,801191,395314.21,137490.26,38.90525702,-77.05402268,,,MPD,2024/02/16 21:02:52+00,8418,
-8571589.2368251,4697584.29722285,20141735,400 block of Condon Ter SE,2020/10/04 04:00:00+00,0905,2020/10/04 04:00:00+00,2020,10,7D,Ward 8,Gender Identity/Expression,,Simple Assault,809255,400009.21,129316.16,38.83163389,-76.99989393,,,MPD,2024/02/16 21:02:52+00,8419,
-8569779.40701928,4707293.36134809,20142314,700 block of 15th St NE,2020/10/05 04:00:00+00,1232,2020/10/05 04:00:00+00,2020,10,5D,Ward 6/Ward 7,Ethnicity/National Origin,Black/African,ADW,800794,401419.49,136854.76,38.89954356,-76.98363595,,,MPD,2024/10/08 19:10:01+00,8420,
-8576558.93132629,4713220.49191929,20143489,1900 block of Upshur St NW,2020/10/07 04:00:00+00,1657,2020/10/07 04:00:00+00,2020,10,4D,Ward 4,Race,Black,Threats,814539,396138.87,141454.12,38.94096875,-77.04453743,,,MPD,2024/02/16 21:02:52+00,8421,
-8574971.76476555,4711812.16815689,20144486,1300 block of Park Rd NW,2020/10/09 04:00:00+00,1505,2020/10/09 04:00:00+00,2020,10,3D,Ward 1,Sexual Orientation,,Threats,802061,397374.57,140361.21,38.93112805,-77.03027968,,,MPD,2024/02/16 21:02:52+00,8422,
-8570632.55448315,4712772.86960433,20144337,1100 block of Michigan Ave NE,2020/10/09 04:00:00+00,0913,2020/10/09 04:00:00+00,2020,10,4D,Ward 5,Race,Black,Displaying Symbols,811071,400754.28,141106.02,38.93784112,-76.9912999,,,MPD,2024/02/16 21:02:52+00,8423,
-8580367.00088954,4714340.1783834,20181259,4500 block of 40th St NW,2020/10/12 04:00:00+00,1500,2020/12/22 05:00:00+00,2020,12,2D,Ward 3,Gender Identity/Expression,,Threats,805604,393173.95,142324.53,38.94879161,-77.07874589,,,MPD,2024/02/16 21:02:52+00,8424,
-8564672.23377158,4706103.0467379,20146873,100 block of 45th St NE,2020/10/14 04:00:00+00,0400,2020/10/14 04:00:00+00,2020,10,6D,Ward 7,Sexual Orientation,,Simple Assault,801314,405399.82355496,135932.65215558,38.89122144,-76.93775745,,,MPD,2024/02/16 21:02:52+00,8425,
-8572982.2302928,4696608.89252512,20147561,4600 block of Martin Luther King Jr Ave SW,2020/10/15 04:00:00+00,1210,2020/10/15 04:00:00+00,2020,10,7D,Ward 8,Sexual Orientation,,Simple Assault,810760,398922.6,128558.5,38.82480788,-77.0124074,,,MPD,2024/02/16 21:02:52+00,8426,
-8570837.41606276,4710537.00007338,20148268,900 block of Rhode Island Ave NE,2020/10/16 04:00:00+00,1707,2020/10/16 04:00:00+00,2020,10,5D,Ward 5,Gender Identity/Expression,,Simple Assault,814008,400594.86,139371.55,38.9222166,-76.9931402,,,MPD,2024/02/16 21:02:52+00,8427,
-8576015.21725312,4710886.08619544,20148749,1700 block of Columbia Rd NW,2020/10/17 04:00:00+00,1749,2020/10/17 04:00:00+00,2020,10,3D,Ward 1,Ethnicity/National Origin,Latino/Hispanic,Simple Assault,800952,396561.52,139643.1,38.92465629,-77.03965317,,,MPD,2024/02/16 21:02:52+00,8428,
-8574733.15322762,4715899.21061666,20148890,5800 block of Georgia Ave NW,2020/10/17 04:00:00+00,2210,2020/10/17 04:00:00+00,2020,10,4D,Ward 4,Sexual Orientation,,Simple Assault,809007,397561.4,143530.96,38.95968259,-77.02813619,,,MPD,2024/02/16 21:02:52+00,8429,
-8577639.46216317,4709471.58957732,20150812,2500 block of Massachusetts Ave NW,2020/10/21 04:00:00+00,1538,2020/10/21 04:00:00+00,2020,10,2D,Ward 2,Race,Black,Damage/Defacing/Destruction of Property,805311,395295.64,138546.31,38.91477018,-77.054244,,,MPD,2024/02/16 21:02:52+00,8430,
-8571131.41322515,4707717.86609036,20160241,700 block of K St NE,2020/11/09 05:00:00+00,0229,2020/11/09 05:00:00+00,2020,11,5D,Ward 6,Gender Identity/Expression,,ADW,809938,400365.94,137184.08,38.90251126,-76.99578122,,,MPD,2024/02/16 21:02:52+00,8431,
-8576912.76667241,4708737.19190964,20160871,2100 block of P ST NW,2020/11/10 05:00:00+00,0941,2020/11/10 05:00:00+00,2020,11,2D,Ward 2,Ethnicity/National Origin,Chinese,Simple Assault,807038,395861.49,137976.15,38.90963684,-77.04771599,,,MPD,2024/02/16 21:02:52+00,8432,
-8574552.60823979,4707117.67391001,20163102,1000 block of G St NW,2020/11/14 05:00:00+00,1615,2020/11/14 05:00:00+00,2020,11,2D,Ward 2,Political Affiliation,,Simple Assault,800330,397699.99,136718.62,38.8983153,-77.02651433,,,MPD,2024/02/16 21:02:52+00,8433,
-8575669.78185958,4707469.16176368,20163515,800 block of 16th St NW,2020/11/15 05:00:00+00,1600,2020/11/15 05:00:00+00,2020,11,2D,Ward 2,Political Affiliation,,Simple Assault,813038,396829.54,136991.7,38.90077259,-77.03655007,,,MPD,2024/02/16 21:02:52+00,8434,
-8579429.40736007,4716710.4637337,20163994,5600 block of Nevada Ave NW,2020/11/15 05:00:00+00,0000,2020/11/16 05:00:00+00,2020,11,2D,Ward 3,Sexual Orientation,,Damage/Defacing/Destruction of Property,814729,393905.47,144161.97,38.96534913,-77.07032335,,,MPD,2024/02/16 21:02:52+00,8435,
-8575158.05428236,4708791.61052775,20166437,1500 block of 14th St NW,2020/11/21 05:00:00+00,1352,2020/11/21 05:00:00+00,2020,11,2D,Ward 2,Political Affiliation,,Simple Assault,804371,397228.65,138017.78,38.91001723,-77.03195314,,,MPD,2024/02/16 21:02:52+00,8436,
-8571107.61704929,4706977.1678397,20173485,700 block of F St NE,2020/12/06 05:00:00+00,1234,2020/12/06 05:00:00+00,2020,12,1D,Ward 6,Ethnicity/National Origin,Asian,Simple Assault,815155,400384.51,136609.25,38.89733298,-76.99556746,,,MPD,2024/02/16 21:02:52+00,8437,
-8573128.2745237,4704681.74858692,20174403,100 block of G St SW ,2020/12/07 05:00:00+00,1527,2020/12/07 05:00:00+00,2020,12,1D,Ward 6,Ethnicity/National Origin,Black/African,Threats,808513,398809.62,134827.67,38.88128311,-77.01371933,,,MPD,2024/02/16 21:02:52+00,8438,
-8575559.57711241,4707719.69271238,20176149,1500 block of K St NW,2020/12/11 05:00:00+00,2349,2020/12/12 05:00:00+00,2020,12,2D,Ward 2,Political Affiliation,,Simple Assault,801818,396915.49,137186.09,38.90252403,-77.03556009,,,MPD,2024/02/16 21:02:52+00,8439,
-8574386.07644426,4707822.08953234,20176873,900 block of Massachusetts Ave NW,2020/12/12 05:00:00+00,1500,2020/12/13 05:00:00+00,2020,12,2D,Ward 2,Sexual Orientation,,Damage/Defacing/Destruction of Property,812637,397829.91,137265.25,38.90323987,-77.02501835,,,MPD,2024/02/16 21:02:52+00,8440,
-8574610.84207975,4707634.48267929,20176767,900 block of 11th St NW,2020/12/12 05:00:00+00,1800,2020/12/13 05:00:00+00,2020,12,2D,Ward 2,Race,Black,Damage/Defacing/Destruction of Property,814937,397654.73,137119.71,38.90192834,-77.02703746,,,MPD,2024/02/16 21:02:52+00,8441,
-8569366.08459301,4711259.07034518,20177768,1700 block of Rhode Island Ave NE,2020/12/15 05:00:00+00,1522,2020/12/15 05:00:00+00,2020,12,5D,Ward 5,Ethnicity/National Origin,Latino/Hispanic,Simple Assault,815118,401740.89,139931.9,38.92726289,-76.97992301,,,MPD,2024/02/16 21:02:52+00,8442,
-8575662.71938161,4711198.67763798,20180662,3000 block of 16th St NW,2020/12/21 05:00:00+00,1802,2020/12/21 05:00:00+00,2020,12,3D,Ward 1,Sexual Orientation,,Threats,813624,396836.2,139885.49,38.92684085,-77.03648663,,,MPD,2024/02/16 21:02:52+00,8443,
-8574962.4846849,4706715.89609151,20181549,1300 block of Pennslylvania Abe NW,2020/12/23 05:00:00+00,1452,2020/12/23 05:00:00+00,2020,12,2D,Ward 2,Ethnicity/National Origin,Jewish,Displaying Symbols,800757,397380.49,136406.9,38.89550632,-77.03019631,,,MPD,2024/02/16 21:02:52+00,8444,
-8569888.96540535,4701541.30884257,21010978,2200 block of Hunter Pl SE,2021/01/04 05:00:00+00,1845,2021/01/25 05:00:00+00,2021,1,7D,Ward 8,Race,Black,Damage/Defacing/Destruction of Property,808580,401334.87,132389.5,38.85931888,-76.98462013,,,MPD,2024/02/16 21:02:52+00,8445,
-8567719.78516363,4709810.24523195,21002827,2700 block of New York Ave NE,2021/01/06 05:00:00+00,2245,2021/01/06 05:00:00+00,2021,1,5D,Ward 5,Ethnicity/National Origin,Jewish,Displaying Symbols,800345,403023.68,138808.25,38.91713721,-76.96513406,,,MPD,2024/02/16 21:02:52+00,8446,
-8575992.58428303,4707634.94382294,21002939,900 block of 17th St NW,2021/01/07 05:00:00+00,0822,2021/01/07 05:00:00+00,2021,1,2D,Ward 2,Race,Black,Threats,803806,396578.06,137120.46,38.90193156,-77.03944985,,,MPD,2024/02/16 21:02:52+00,8447,
-8573969.30609237,4714090.22546242,21003823,Unit block of Sherman Cir NW,2021/01/09 05:00:00+00,0016,2021/01/09 05:00:00+00,2021,1,4D,Ward 4,Sexual Orientation,,Damage/Defacing/Destruction of Property,805553,398155.79,142127.95,38.94704535,-77.02127444,,,MPD,2024/02/16 21:02:52+00,8448,
-8578875.14587635,4714128.73640009,21006087,4400 block of Connecticut Ave NW,2021/01/14 05:00:00+00,0735,2021/01/14 05:00:00+00,2021,1,2D,Ward 3,Ethnicity/National Origin,Mexican,Simple Assault,801413,394335.54,142159.63,38.94731441,-77.06534433,,,MPD,2024/02/16 21:02:52+00,8449,
-8575542.47888417,4711829.68723256,21008545,1500 block of Park Rd NW,2021/01/19 05:00:00+00,1541,2021/01/19 05:00:00+00,2021,1,3D,Ward 1,Ethnicity/National Origin,Latino/Hispanic,ADW,811355,396930.05,140374.96,38.93125048,-77.03540649,,,MPD,2024/02/16 21:02:52+00,8450,
-8578955.98795026,4708150.28211157,21011703,1200 block of 33rd St NW,2021/01/26 05:00:00+00,1619,2021/01/26 05:00:00+00,2021,1,2D,Ward 2,Ethnicity/National Origin,Chinese,Simple Assault,814618,394269.23,137521.71,38.90553414,-77.06607055,,,MPD,2024/02/16 21:02:52+00,8451,
-8570362.20003807,4709043.0660616,21011796,1000 block of Mount Olivet Rd NE,2021/01/26 05:00:00+00,1905,2021/01/26 05:00:00+00,2021,1,5D,Ward 5,Sexual Orientation,,Simple Assault,816378,400965.19,138212.47,38.9117749,-76.98887127,,,MPD,2024/02/16 21:02:52+00,8452,
-8575666.76658869,4708790.9678747,21020755,1500 block of 16th St NW,2021/02/13 05:00:00+00,0123,2021/02/13 05:00:00+00,2021,2,2D,Ward 2,Ethnicity/National Origin,Jewish,Displaying Symbols,806024,396832.3,138017.43,38.91001273,-77.03652298,,,MPD,2024/02/16 21:02:52+00,8453,
-8572208.83988854,4709160.7366597,21027015,100 block of R St NE,2021/03/02 05:00:00+00,1515,2021/03/02 05:00:00+00,2021,3,5D,Ward 5,Ethnicity/National Origin,Jewish,Displaying Symbols,801566,399526.47,138303.73,38.9125974,-77.00545991,,,MPD,2024/02/16 21:02:52+00,8454,
-8573484.2196042,4707719.11913025,21028370,400 block of K St NW,2021/03/04 05:00:00+00,2030,2021/03/04 05:00:00+00,2021,3,1D,Ward 6,Race,Asian,Simple Assault,816529,398532.62,137185.18,38.90252002,-77.01691684,,,MPD,2024/02/16 21:02:52+00,8455,
-8568605.70091174,4709726.98980108,21028665,1900 block of Bladensburg Rd NE,2021/03/05 05:00:00+00,2017,2021/03/05 05:00:00+00,2021,3,5D,Ward 5,Race,White,Threats,802130,402333.53,138743.42,38.91655531,-76.97309237,,,MPD,2024/02/16 21:02:52+00,8456,
-8570612.25612664,4712226.21014551,21030972,3600 block of 12th ST NE,2021/03/10 05:00:00+00,2045,2021/03/10 05:00:00+00,2021,3,5D,Ward 5,Ethnicity/National Origin,Chinese,Threats,810265,400770.13,140681.99,38.93402132,-76.99111756,,,MPD,2024/02/16 21:02:52+00,8457,
-8570327.12203605,4710374.27171136,21032249,1300 block of Bryant St NE,2021/03/13 05:00:00+00,1303,2021/03/13 05:00:00+00,2021,3,5D,Ward 5,Race,Black,Threats,814182,400992.39,139245.34,38.92107931,-76.98855616,,,MPD,2024/02/16 21:02:52+00,8458,
-8575302.90143896,4708557.61792948,21033334,1400 block of Rhode Island Ave NW,2021/03/14 05:00:00+00,1900,2021/03/14 05:00:00+00,2021,3,2D,Ward 2,Ethnicity/National Origin,Jewish,Displaying Symbols,806822,397115.73,137836.25,38.90838158,-77.03325433,,,MPD,2024/02/16 21:02:52+00,8459,
-8578066.54285968,4712341.1205027,21034649,3400 block of Connecticut Ave NW,2021/03/17 04:00:00+00,1045,2021/03/17 04:00:00+00,2021,3,2D,Ward 3,Ethnicity/National Origin,Ethiopian,Threats,803643,394964.33,140772.69,38.93482428,-77.05808053,,,MPD,2024/02/16 21:02:52+00,8460,
-8573423.66528895,4704961.57139056,21036861,300 block of E St SW,2021/03/23 04:00:00+00,1052,2021/03/23 04:00:00+00,2021,3,1D,Ward 6,Race,Black,Damage/Defacing/Destruction of Property,803860,398579.42031664,135044.92233075,38.88323987,-77.01637287,,,MPD,2024/02/16 21:02:52+00,8461,
-8571746.32629025,4705739.65066183,21038249,300 block of A St SE,2021/03/26 04:00:00+00,1100,2021/03/26 04:00:00+00,2021,3,1D,Ward 6,Race,Black,Displaying Symbols,810180,399886.77423785,135648.75388331,38.88868055,-77.00130508,,,MPD,2024/02/16 21:02:52+00,8462,
-8574039.75582921,4705075.6646898,21038453,400 block of 7th St SW,2021/03/26 04:00:00+00,1843,2021/03/26 04:00:00+00,2021,3,1D,Ward 6,Ethnicity/National Origin,Chinese,Simple Assault,811088,398099.25062019,135133.58697084,38.88403768,-77.0219073,,,MPD,2024/02/16 21:02:52+00,8463,
-8569571.70324578,4708072.39161512,21039497,1500 block of Queen St NE,2021/03/28 04:00:00+00,2341,2021/03/29 04:00:00+00,2021,3,5D,Ward 5,Race,Black,Threats,801155,401581.22,137459.35,38.90498964,-76.98177012,,,MPD,2024/02/16 21:02:52+00,8464,
-8571302.20295465,4705232.49073695,21039732,600 block of Pennsylvania Ave SE,2021/03/29 04:00:00+00,1430,2021/03/29 04:00:00+00,2021,3,1D,Ward 6,Ethnicity/National Origin,Chinese,Simple Assault,801982,400232.91628617,135255.09557895,38.8851343,-76.99731546,,,MPD,2024/02/16 21:02:52+00,8465,
-8574614.6334,4717650.30182169,21041559,6700 block of Georgia Ave NW,2021/04/02 04:00:00+00,0845,2021/04/02 04:00:00+00,2021,4,4D,Ward 4,Sexual Orientation,,Simple Assault,800621,397654.08,144888.65,38.97191325,-77.02707151,,,MPD,2024/02/16 21:02:52+00,8466,
-8575244.51833599,4711581.60925674,21041712,3100 block of 14th St NW,2021/04/02 04:00:00+00,1601,2021/04/02 04:00:00+00,2021,4,3D,Ward 1,Ethnicity/National Origin,Pakistani,Simple Assault,800897,397162.06,140182.43,38.92951689,-77.03272986,,,MPD,2024/02/16 21:02:52+00,8467,
-8575787.60924235,4719404.05017945,21041567,1600 block of Jonquil St NW,2021/04/02 04:00:00+00,0850,2021/04/02 04:00:00+00,2021,4,4D,Ward 4,Sexual Orientation,,Simple Assault,813007,396741.54,146248.52,38.98416035,-77.03760853,,,MPD,2024/02/16 21:02:52+00,8468,
-8574241.04497541,4711997.76075796,21042735,3400 block of Georgia Ave NW,2021/04/04 04:00:00+00,1906,2021/04/04 04:00:00+00,2021,4,4D,Ward 1,Ethnicity/National Origin,Chinese,Threats,814582,397943.76,140505.01,38.93242496,-77.02371551,,,MPD,2024/02/16 21:02:52+00,8469,
-8571605.90864967,4706613.11962613,21043301,400 block of D St NE,2021/04/05 04:00:00+00,2130,2021/04/05 04:00:00+00,2021,4,1D,Ward 6,Race,Black,Simple Assault,813700,399996.21,136326.7,38.89478775,-77.00004369,,,MPD,2024/02/16 21:02:52+00,8470,
-8576792.36487943,4708816.94939716,21044346,1500 block of 21st ST NW,2021/04/07 04:00:00+00,1948,2021/04/07 04:00:00+00,2021,4,2D,Ward 2,Ethnicity/National Origin,Jewish,Displaying Symbols,814335,395955.33,138037.99,38.91019435,-77.0466344,,,MPD,2024/02/16 21:02:52+00,8471,
-8568301.88912342,4706880.35879291,21045246,500 block of Oklahoma Ave NE,2021/04/09 04:00:00+00,1700,2021/04/09 04:00:00+00,2021,4,5D,Ward 7,Race,White,Simple Assault,806481,402570.93232034,136534.52457214,38.89665615,-76.97036319,,,MPD,2024/02/16 21:02:52+00,8472,
-8572553.37908872,4708871.46104526,21046194,Unit block of Florida Ave  NE,2021/04/11 04:00:00+00,1840,2021/04/11 04:00:00+00,2021,4,5D,Ward 5,Sexual Orientation,,Threats,812113,399258.02,138079.29,38.91057539,-77.00855496,,,MPD,2024/02/16 21:02:52+00,8473,
-8569676.9533212,4709715.8438017,21046067,1500 block of New York Ave NE,2021/04/11 04:00:00+00,1315,2021/04/11 04:00:00+00,2021,4,5D,Ward 5,Gender Identity/Expression,,Threats,816643,401498.97,138734.57,38.9164774,-76.98271559,,,MPD,2024/02/16 21:02:52+00,8474,
-8575158.07062968,4709427.52863007,21050970,1800 block of 14th St NW,2021/04/21 04:00:00+00,2240,2021/04/22 04:00:00+00,2021,4,3D,Ward 2,Ethnicity/National Origin,Hispanic,Simple Assault,810471,397228.81,138511.21,38.91446221,-77.03195329,,,MPD,2024/02/16 21:02:52+00,8475,
-8577324.05846736,4708002.39538328,21050906,1100 block of 24th St NW,2021/04/21 04:00:00+00,2015,2021/04/21 04:00:00+00,2021,4,2D,Ward 2,Race,Black,Threats,814549,395540.72,137406.13,38.90450033,-77.05141069,,,MPD,2024/02/16 21:02:52+00,8476,
-8574214.44829888,4706959.12539631,21052163,800 block of F St NW,2021/04/24 04:00:00+00,1240,2021/04/24 04:00:00+00,2021,4,1D,Ward 2,Ethnicity/National Origin,Asian,Simple Assault,800849,397963.47,136595.5,38.89720684,-77.02347659,,,MPD,2024/02/16 21:02:52+00,8477,
-8575158.10527198,4709637.33621781,21052372,1900 block of 14th St NW,2021/04/24 04:00:00+00,2030,2021/04/24 04:00:00+00,2021,4,3D,Ward 2,Ethnicity/National Origin,Hispanic,Simple Assault,810664,397228.84,138674,38.91592868,-77.0319536,,,MPD,2024/02/16 21:02:52+00,8478,
-8564383.68841415,4707763.76812444,21052704,4700 block of Sheriff Rd NE,2021/04/24 04:00:00+00,1700,2021/04/25 04:00:00+00,2021,4,6D,Ward 7,Sexual Orientation,,Threats,811264,405623.78,137221.69,38.90283215,-76.9351654,,,MPD,2024/02/16 21:02:52+00,8479,
-8579278.9010575,4708141.76914619,21052594,1200 block of 35th St NW,2021/04/25 04:00:00+00,1142,2021/04/25 04:00:00+00,2021,4,2D,Ward 2,Ethnicity/National Origin,Japanese,Damage/Defacing/Destruction of Property,802910,394017.62,137515.29,38.90547463,-77.06897133,,,MPD,2024/02/16 21:02:52+00,8480,
-8572783.13395565,4707388.31908929,21058845,Unit block of H St NW,2021/05/05 04:00:00+00,1455,2021/05/07 04:00:00+00,2021,5,1D,Ward 6,Ethnicity/National Origin,Asian,Threats,804579,399078.88,136928.38,38.90020742,-77.01061888,,,MPD,2024/02/16 21:02:52+00,8481,
-8573564.13586759,4704193.19348738,21059162,1100 block of 4th ST SW,2021/05/07 04:00:00+00,2322,2021/05/08 04:00:00+00,2021,5,1D,Ward 6,Sexual Orientation,,Threats,815976,398469.82,134448.47,38.87786661,-77.01763474,,,MPD,2024/02/16 21:02:52+00,8482,
-8571995.29250932,4707375.49493873,21060076,700 block of 2nd St NE,2021/05/09 04:00:00+00,2154,2021/05/09 04:00:00+00,2021,5,1D,Ward 6,Race,Black,Simple Assault,802259,399692.79,136918.38,38.90011776,-77.00354158,,,MPD,2024/02/16 21:02:52+00,8483,
-8569754.15933882,4704666.55404196,21059821,1500 block of Potomac Ave SE,2021/05/09 04:00:00+00,1130,2021/05/09 04:00:00+00,2021,5,1D,Ward 6/Ward 7,Race,White,Simple Assault,804301,401439.53443129,134815.91615454,38.88117686,-76.98340915,,,MPD,2024/10/08 19:10:56+00,8484,
-8575157.9001331,4708680.79321457,21061763,1400 block of 14th St NW,2021/05/12 04:00:00+00,2110,2021/05/13 04:00:00+00,2021,5,2D,Ward 2,Race,Black,Simple Assault,811823,397228.74,137931.79,38.9092426,-77.03195176,,,MPD,2024/02/16 21:02:52+00,8485,
-8563526.29294806,4707190.88660318,21062702,700 block of 51st St NE,2021/05/14 04:00:00+00,1821,2021/05/14 04:00:00+00,2021,5,6D,Ward 7,Sexual Orientation,,ADW,812136,406292.21753979,136777.60444436,38.89882714,-76.92746329,,,MPD,2024/02/16 21:02:52+00,8486,
-8575360.63545679,4712399.89466694,21065047,1400 block of Otis Pl NW,2021/05/18 04:00:00+00,2003,2021/05/19 04:00:00+00,2021,5,4D,Ward 1,Sexual Orientation,,Threats,800354,397071.85,140817.22,38.93523497,-77.03377296,,,MPD,2024/02/16 21:02:52+00,8487,
-8574638.7289509,4707935.27334231,21065727,1100 block of Massachusetts Ave NW,2021/05/20 04:00:00+00,0900,2021/05/20 04:00:00+00,2021,5,3D,Ward 2,Ethnicity/National Origin,Jewish,Displaying Symbols,807492,397633.07,137353.14,38.9040311,-77.02728797,,,MPD,2024/02/16 21:02:52+00,8488,
-8573708.17810442,4707406.72393677,21068703,800 block of 5th St NW,2021/05/25 04:00:00+00,1615,2021/05/25 04:00:00+00,2021,5,1D,Ward 6,Ethnicity/National Origin,African,Simple Assault,801612,398358.06,136942.78,38.90033609,-77.01892869,,,MPD,2024/02/16 21:02:52+00,8489,
-8562649.45597016,4706267.764336,21071427,200 block of 57th St NE,2021/05/30 04:00:00+00,1813,2021/05/30 04:00:00+00,2021,5,6D,Ward 7,Gender Identity/Expression,,Simple Assault,805402,406976.12,136061.73,38.89237312,-76.91958653,,,MPD,2024/02/16 21:02:52+00,8490,
-8569417.69254692,4707303.59814734,21075211,1600 block of Benning Rd NE,2021/06/06 04:00:00+00,1752,2021/06/06 04:00:00+00,2021,6,5D,Ward 5/Ward 7,Gender Identity/Expression,,ADW,810997,401701.35,136862.76,38.89961512,-76.98038661,,,MPD,2024/10/08 19:11:46+00,8491,
-8572737.49168059,4703175.29016213,21075727,Unit block of Q St SW,2021/06/07 04:00:00+00,1720,2021/06/07 04:00:00+00,2021,6,1D,Ward 6,Sexual Orientation,,Damage/Defacing/Destruction of Property,815975,399114.08,133658.13,38.87074779,-77.01020887,,,MPD,2024/02/16 21:02:52+00,8492,
-8576087.14353079,4711026.11752891,21076169,1700 block of Lanier Pl NW,2021/06/08 04:00:00+00,1331,2021/06/08 04:00:00+00,2021,6,3D,Ward 1,Race,Black,Simple Assault,803620,396505.54,139751.76,38.92563491,-77.04029929,,,MPD,2024/02/16 21:02:52+00,8493,
-8573766.57198942,4709536.37606178,21078458,500 block of Florida Ave NW,2021/06/12 04:00:00+00,1500,2021/06/12 04:00:00+00,2021,6,3D,Ward 1/Ward 2,Sexual Orientation,,ADW,805737,398312.91,138595.36,38.91522301,-77.01945325,,,MPD,2024/10/08 19:05:21+00,8494,
-8574759.78999092,4711042.22883464,21081155,1200 block of Girard St NW,2021/06/16 04:00:00+00,2115,2021/06/17 04:00:00+00,2021,6,3D,Ward 1,Sexual Orientation,,Damage/Defacing/Destruction of Property,803184,397539.49,139763.87,38.9257475,-77.02837548,,,MPD,2024/02/16 21:02:52+00,8495,
-8574812.69055651,4708012.66619245,21080594,1200 block of Massachusetts Ave NW,2021/06/16 04:00:00+00,0750,2021/06/16 04:00:00+00,2021,6,2D,Ward 2,Ethnicity/National Origin,Hispanic,Threats,809146,397497.54,137413.24,38.90457213,-77.02885069,,,MPD,2024/02/16 21:02:52+00,8496,
-8576015.21725312,4710886.08619544,21080991,1700 block of Columbia Rd NW,2021/06/17 04:00:00+00,0112,2021/06/17 04:00:00+00,2021,6,3D,Ward 1,Ethnicity/National Origin,Asian,Simple Assault,800952,396561.52,139643.1,38.92465629,-77.03965317,,,MPD,2024/02/16 21:02:52+00,8497,
-8561685.49039445,4706275.45123607,21082033,200 block of 63rd St NE,2021/06/18 04:00:00+00,2100,2021/06/18 04:00:00+00,2021,6,6D,Ward 7,Sexual Orientation,,ADW,804871,407727.34810112,136068.3934997,38.89242687,-76.91092708,,,MPD,2024/02/16 21:02:52+00,8498,
-8574447.66444771,4717481.9241076,21082372,800 block of Venable Pl NW,2021/06/19 04:00:00+00,1311,2021/06/19 04:00:00+00,2021,6,4D,Ward 4,Ethnicity/National Origin,Chinese,Threats,800288,397784.02,144758.07,38.97073729,-77.0255716,,,MPD,2024/02/16 21:02:52+00,8499,
-8577821.69607672,4708110.1540969,21082367,2700 block of M St NW,2021/06/19 04:00:00+00,1230,2021/06/19 04:00:00+00,2021,6,2D,Ward 2,Race,Black,Simple Assault,806756,395153.02,137489.98,38.90525363,-77.05588104,,,MPD,2024/02/16 21:02:52+00,8500,
-8575360.63545679,4712399.89466694,21087454,1400 block of Otis Pl NW,2021/06/25 04:00:00+00,0500,2021/06/28 04:00:00+00,2021,6,4D,Ward 1,Sexual Orientation,,Simple Assault,800354,397071.85,140817.22,38.93523497,-77.03377296,,,MPD,2024/02/16 21:02:52+00,8501,
-8574679.42966894,4715013.24370656,21091642,5200 block of Georgia Ave NW,2021/07/05 04:00:00+00,1234,2021/07/06 04:00:00+00,2021,7,4D,Ward 4,Sexual Orientation,,Simple Assault,806943,397603.02,142843.92,38.95349367,-77.02765359,,,MPD,2024/02/16 21:02:52+00,8502,
-8575320.98507901,4716620.65751335,21092692,6100 block of 14th St NW,2021/07/06 04:00:00+00,1100,2021/07/07 04:00:00+00,2021,7,4D,Ward 4,Sexual Orientation,,Threats,814502,397103.93,144090.52,38.96472186,-77.03341677,,,MPD,2024/02/16 21:02:52+00,8503,
-8578155.17085983,4712537.29080277,21092966,3500 block of Connecticut Ave NW,2021/07/07 04:00:00+00,1615,2021/07/07 04:00:00+00,2021,7,2D,Ward 3,Sex/Gender,Female,Robbery,804840,394895.4,140924.9,38.93619504,-77.05887669,,,MPD,2024/02/16 21:02:52+00,8504,
-8571929.87790731,4704070.06428262,21093819,1100 block of 2nd Pl SE,2021/07/08 04:00:00+00,2322,2021/07/09 04:00:00+00,2021,7,1D,Ward 8,Sexual Orientation,,Simple Assault,811711,399743.68,134352.74,38.87700553,-77.00295395,,,MPD,2024/02/16 21:02:52+00,8505,
-8573928.98170085,4707331.74621241,21094397,600 block of H St NW,2021/07/10 04:00:00+00,0050,2021/07/10 04:00:00+00,2021,7,1D,Ward 2,Ethnicity/National Origin,Chinese,Threats,807858,398185.99,136884.63,38.89981191,-77.0209122,,,MPD,2024/02/16 21:02:52+00,8506,
-8578236.73356443,4707729.476427,21095418,3000 block of K St NW,2021/07/11 04:00:00+00,2357,2021/07/12 04:00:00+00,2021,7,2D,Ward 2,Race,Black,Threats,801873,394829.44,137194.77,38.90259243,-77.05960938,,,MPD,2024/02/16 21:02:52+00,8507,
-8573514.59445669,4707433.52576826,21098843,400 block of Massachusetts Ave NW,2021/07/17 04:00:00+00,2137,2021/07/17 04:00:00+00,2021,7,1D,Ward 6,Ethnicity/National Origin,Jewish,Threats,806146,398508.91,136963.55,38.90052346,-77.0171897,,,MPD,2024/02/16 21:02:52+00,8508,
-8574668.56705673,4707549.10977176,21100553,1100 block of I St NW,2021/07/20 04:00:00+00,2035,2021/07/20 04:00:00+00,2021,7,2D,Ward 2,Sexual Orientation,,ADW,801091,397609.73,137053.47,38.90133151,-77.02755601,,,MPD,2024/02/16 21:02:52+00,8509,
-8574268.99462682,4709687.62956781,21101207,1900 block of 9th ST NW,2021/07/21 04:00:00+00,2213,2021/07/21 04:00:00+00,2021,7,3D,Ward 1,Gender Identity/Expression,,Threats,800252,397921.52,138712.81,38.9162802,-77.02396659,,,MPD,2024/02/16 21:02:52+00,8510,
-8576260.78624341,4710237.76180515,21102856,2300 block of 18th St NW,2021/07/24 04:00:00+00,1946,2021/07/24 04:00:00+00,2021,7,3D,Ward 1,Sexual Orientation,,Simple Assault,806244,396370,139140.2,38.92012523,-77.04185915,,,MPD,2024/02/16 21:02:52+00,8511,
-8579052.58133371,4708208.11069199,21103032,3300 block of Prospect St NW,2021/07/25 04:00:00+00,0135,2021/07/25 04:00:00+00,2021,7,2D,Ward 2,Sexual Orientation,,Leaving After Colliding,809304,394194,137566.64,38.9059384,-77.06693827,,,MPD,2024/02/16 21:02:52+00,8512,
-8573203.63577433,4709659.39676926,21103325,1900 block of 2nd ST NW,2021/07/25 04:00:00+00,1718,2021/07/25 04:00:00+00,2021,7,3D,Ward 1,Ethnicity/National Origin,Chinese,Damage/Defacing/Destruction of Property,814469,398751.49,138690.73,38.91608287,-77.01439631,,,MPD,2024/02/16 21:02:52+00,8513,
-8576646.30239157,4708737.90818831,21108841,2000 block of P St NW,2021/08/04 04:00:00+00,0440,2021/08/04 04:00:00+00,2021,8,2D,Ward 2,Ethnicity/National Origin,Turkish,Displaying Symbols,813555,396069.1,137976.6,38.90964184,-77.0453223,,,MPD,2024/02/16 21:02:52+00,8514,
-8568287.09089266,4707449.86411882,21109780,800 block of 26th St NE,2021/08/05 04:00:00+00,2330,2021/08/06 04:00:00+00,2021,8,5D,Ward 5,Gender Identity/Expression,,Robbery,810941,402582.32,136976.51,38.90063768,-76.97023025,,,MPD,2024/02/16 21:02:52+00,8515,
-8574039.04370629,4710146.97705504,21114199,2200 block of Georgia Ave NW,2021/08/13 04:00:00+00,2240,2021/08/14 04:00:00+00,2021,8,3D,Ward 1,Sexual Orientation,,Simple Assault,802466,398100.75,139069.16,38.91949073,-77.0219009,,,MPD,2024/02/16 21:02:52+00,8516,
-8574143.8057123,4711134.41251187,21116694,2800 block of Georgia Ave NW,2021/08/18 04:00:00+00,1530,2021/08/18 04:00:00+00,2021,8,3D,Ward 1,Ethnicity/National Origin,Hispanic,Threats,812827,398019.33,139835.25,38.92639173,-77.022842,,,MPD,2024/02/16 21:02:52+00,8517,
-8570837.41606276,4710537.00007338,21116476,900 block of Rhode Island Ave NE,2021/08/18 04:00:00+00,1015,2021/08/18 04:00:00+00,2021,8,5D,Ward 5,Race,White,ADW,814008,400594.86,139371.55,38.9222166,-76.9931402,,,MPD,2024/02/16 21:02:52+00,8518,
-8575157.9001331,4708680.79321457,21117484,1400 block of 14th St NW,2021/08/20 04:00:00+00,0148,2021/08/20 04:00:00+00,2021,8,2D,Ward 2,Race,Black,Simple Assault,811823,397228.74,137931.79,38.9092426,-77.03195176,,,MPD,2024/02/16 21:02:52+00,8519,
-8573928.25130816,4707617.82088241,21120013,600 block of Massachusetts Ave NW,2021/08/24 04:00:00+00,1824,2021/08/24 04:00:00+00,2021,8,1D,Ward 2,Race,Black,Simple Assault,811041,398186.61,137106.64,38.90181186,-77.02090564,,,MPD,2024/02/16 21:02:52+00,8520,
-8576860.55087083,4708157.63183914,21122308,1200 block of New Hampshire Ave NW,2021/08/28 04:00:00+00,1000,2021/08/28 04:00:00+00,2021,8,2D,Ward 2,Religion,Jewish,Simple Assault,800300,395901.94,137526.4,38.90558552,-77.04724693,,,MPD,2024/02/16 21:02:52+00,8521,
-8578406.74194046,4707789.7345187,21128684,1000 block of 31st St NW,2021/08/28 04:00:00+00,0700,2021/09/09 04:00:00+00,2021,9,2D,Ward 2,Ethnicity/National Origin,Jewish,Displaying Symbols,814578,394697,137241.62,38.90301368,-77.06113659,,,MPD,2024/02/16 21:02:52+00,8522,
-8573708.17810442,4707406.72393677,21122843,800 block of 5th St NW,2021/08/29 04:00:00+00,1740,2021/08/29 04:00:00+00,2021,8,1D,Ward 6,Sexual Orientation,,Simple Assault,801612,398358.06,136942.78,38.90033609,-77.01892869,,,MPD,2024/02/16 21:02:52+00,8523,
-8573762.5800308,4707719.1536967,21123480,500 block of K St NW,2021/08/30 04:00:00+00,2010,2021/08/30 04:00:00+00,2021,8,1D,Ward 6,Ethnicity/National Origin,Chinese,Simple Assault,806789,398315.72,137185.25,38.90252026,-77.01941739,,,MPD,2024/02/16 21:02:52+00,8524,
-8573208.25597584,4703733.57444067,21125454,1300 block of Delaware Ave SW,2021/08/31 04:00:00+00,1500,2021/09/03 04:00:00+00,2021,9,1D,Ward 6,Religion,Jewish,Damage/Defacing/Destruction of Property,814163,398747.16300479,134091.60911387,38.8746523,-77.01443782,,,MPD,2024/02/16 21:02:52+00,8525,
-8569222.04395021,4712571.81507646,21125046,1800 block of Perry Pl NE,2021/09/02 04:00:00+00,1200,2021/09/02 04:00:00+00,2021,9,5D,Ward 5,Race,Black,Simple Assault,813055,401852.85,140950.25,38.93643627,-76.97862907,,,MPD,2024/02/16 21:02:52+00,8526,
-8574679.42966894,4715013.24370656,21129138,5200 block of Georgia Ave NW,2021/09/09 04:00:00+00,1952,2021/09/09 04:00:00+00,2021,9,4D,Ward 4,Race,Black,Threats,806943,397603.02,142843.92,38.95349367,-77.02765359,,,MPD,2024/02/16 21:02:52+00,8527,
-8573762.70911596,4707117.06171429,21130377,500 block of G St NW,2021/09/11 04:00:00+00,2352,2021/09/12 04:00:00+00,2021,9,1D,Ward 2,Race,Black,Threats,803614,398315.52,136717.99,38.89831102,-77.01941855,,,MPD,2024/02/16 21:02:52+00,8528,
-8577614.82387456,4708110.63996426,21131010,2500 block of M St NW,2021/09/13 04:00:00+00,0700,2021/09/13 04:00:00+00,2021,9,2D,Ward 2,Race,White,Simple Assault,801191,395314.21,137490.26,38.90525702,-77.05402268,,,MPD,2024/02/16 21:02:52+00,8529,
-8577106.98005937,4708111.80528468,21131236,2200 block of M St NW,2021/09/13 04:00:00+00,1513,2021/09/13 04:00:00+00,2021,9,2D,Ward 2,Race,White,Simple Assault,809168,395709.91,137490.94,38.90526517,-77.04946064,,,MPD,2024/02/16 21:02:52+00,8530,
-8579508.80631722,4710172.13744187,21132627,2200 block of Wisconsin Ave NW,2021/09/15 04:00:00+00,2100,2021/09/15 04:00:00+00,2021,9,2D,Ward 3,Race,White,Simple Assault,806639,393839.71,139090.85,38.91966658,-77.0710366,,,MPD,2024/02/16 21:02:52+00,8531,
-8568363.79366534,4710367.93095644,21133443,2200 block of 25th Pl NE,2021/09/17 04:00:00+00,1215,2021/09/17 04:00:00+00,2021,9,5D,Ward 5,Race,Black,Damage/Defacing/Destruction of Property,808192,402521.83,139240.76,38.92103499,-76.97091928,,,MPD,2024/02/16 21:02:52+00,8532,
-8568363.79366534,4710367.93095644,21133387,2200 block of 25th Pl NE,2021/09/17 04:00:00+00,0854,2021/09/17 04:00:00+00,2021,9,5D,Ward 5,Race,White,ADW,808192,402521.83,139240.76,38.92103499,-76.97091928,,,MPD,2024/02/16 21:02:52+00,8533,
-8571954.47535023,4707892.34818826,21133959,200 block of L St NE,2021/09/18 04:00:00+00,0933,2021/09/18 04:00:00+00,2021,9,5D,Ward 6,Gender Identity/Expression,,ADW,809549,399724.61,137319.48,38.90373102,-77.00317492,,,MPD,2024/02/16 21:02:52+00,8534,
-8569868.47888579,4699273.93241136,21134812,3300 block of 14th Pl SE,2021/09/19 04:00:00+00,1840,2021/09/19 04:00:00+00,2021,9,7D,Ward 8,Sexual Orientation,,Simple Assault,804266,401351.14297521,130628.68111065,38.84345664,-76.9844361,,,MPD,2024/02/16 21:02:52+00,8535,
-8580736.43508476,4715026.30074041,21138472,4900 block of Wisconsin Ave NW,2021/09/26 04:00:00+00,0257,2021/09/26 04:00:00+00,2021,9,2D,Ward 3,Ethnicity/National Origin,Middle Eastern,Simple Assault,803031,392886.75,142856.88,38.95358489,-77.08206457,,,MPD,2024/02/16 21:02:52+00,8536,
-8569888.96540535,4701541.30884257,21140392,2200 block of Hunter Pl SE,2021/09/29 04:00:00+00,1255,2021/09/29 04:00:00+00,2021,9,7D,Ward 8,Ethnicity/National Origin,Middle Eastern,Simple Assault,808580,401334.87,132389.5,38.85931888,-76.98462013,,,MPD,2024/02/16 21:02:52+00,8537,
-8571367.71120135,4710826.34782127,21142442,600 block of Edgewood St NE,2021/10/02 04:00:00+00,1650,2021/10/02 04:00:00+00,2021,10,5D,Ward 5,Gender Identity/Expression,,Simple Assault,804594,400181.76,139596.01,38.92423879,-76.99790392,,,MPD,2024/02/16 21:02:52+00,8538,
-8575157.8269849,4709870.02553931,21153055,2000 block of 14th St NW,2021/10/20 04:00:00+00,1852,2021/10/20 04:00:00+00,2021,10,3D,Ward 1,Race,White,Threats,804064,397229.12,138854.54,38.91755504,-77.0319511,,,MPD,2024/02/16 21:02:52+00,8539,
-8580046.73634037,4711734.20523425,21999999,3800 block of Massachusetts Ave NW,2021/10/21 04:00:00+00,1800,2021/10/21 04:00:00+00,2021,10,2D,Ward 3,Ethnicity/National Origin,Jewish,Displaying Symbols,805174,393421.66,140303.03,38.93058325,-77.07586891,,,MPD,2024/02/16 21:02:52+00,8540,
-8572433.05725699,4708165.76853436,21153811,Unit block of M St NE,2021/10/21 04:00:00+00,2306,2021/10/22 04:00:00+00,2021,10,5D,Ward 6,Race,Black,Simple Assault,813086,399351.72,137531.68,38.9056424,-77.00747409,,,MPD,2024/02/16 21:02:52+00,8541,
-8567680.35852711,4712300.16766142,21154854,3100 block of Rhode Island Ave NE,2021/10/23 04:00:00+00,1938,2021/10/23 04:00:00+00,2021,10,5D,Ward 5,Gender Identity/Expression,,ADW,806865,403053.65,140739.91,38.93453811,-76.96477988,,,MPD,2024/02/16 21:02:52+00,8542,
-8572534.78567368,4706958.71114337,21155190,Unit block of Massachusetts Ave NE,2021/10/24 04:00:00+00,0938,2021/10/24 04:00:00+00,2021,10,1D,Ward 6,Gender Identity/Expression,,Simple Assault,800876,399272.37,136594.95,38.89720394,-77.00838793,,,MPD,2024/02/16 21:02:52+00,8543,
-8576016.7734405,4707808.35266071,21159236,1000 block of Connecticut Ave NW,2021/10/31 04:00:00+00,1923,2021/10/31 04:00:00+00,2021,10,2D,Ward 2,Ethnicity/National Origin,Iranian,Damage/Defacing/Destruction of Property,804979,396559.27,137255.04,38.90314383,-77.03966715,,,MPD,2024/02/16 21:02:52+00,8544,
-8577038.07289292,4707050.3109103,21159185,600 block of 22nd St NW,2021/10/31 04:00:00+00,1015,2021/10/31 04:00:00+00,2021,10,2D,Ward 2,Religion,Jewish,Burglary,806478,395763.16,136667.14,38.89784435,-77.04884163,,,MPD,2024/02/16 21:02:52+00,8545,
-8562566.43162983,4706198.5029071,21161708,200 block of 57th Pl NE,2021/11/05 04:00:00+00,1104,2021/11/05 04:00:00+00,2021,11,6D,Ward 7,Gender Identity/Expression,,Damage/Defacing/Destruction of Property,812167,407040.87,136008.03,38.89188886,-76.91884071,,,MPD,2024/02/16 21:02:52+00,8546,
-8575244.51833599,4711581.60925674,21167612,3200 block of 14th St NW,2021/11/16 05:00:00+00,1300,2021/11/16 05:00:00+00,2021,11,3D,Ward 1,Race,Black,"Lewd, Indecent, Obscene Acts",800897,397162.06,140182.43,38.92951689,-77.03272986,,,MPD,2024/02/16 21:02:52+00,8547,
-8580499.62933814,4714277.97693768,21167369,4500 block of Wisconsin Ave NW,2021/11/16 05:00:00+00,0710,2021/11/16 05:00:00+00,2021,11,2D,Ward 3,Gender Identity/Expression,,Threats,803221,393070.63,142276.38,38.94835706,-77.07993731,,,MPD,2024/02/16 21:02:52+00,8548,
-8571152.05045131,4697044.92725939,21167459,800 block of Barnaby Rd SE,2021/11/16 05:00:00+00,1040,2021/11/16 05:00:00+00,2021,11,7D,Ward 8,Sexual Orientation,,Threats,813500,400350.22511828,128897.17246905,38.82785939,-76.99596662,,,MPD,2024/02/16 21:02:52+00,8549,
-8574552.52975642,4707955.36273932,21168676,1000 block of L St NW,2021/11/18 05:00:00+00,0742,2021/11/18 05:00:00+00,2021,11,3D,Ward 2,Ethnicity/National Origin,Jewish,Displaying Symbols,802362,397700.24,137368.71,38.90417154,-77.02651363,,,MPD,2024/02/16 21:02:52+00,8550,
-8571589.2368251,4697584.29722285,21168802,400 block of Condon Ter SE,2021/11/18 05:00:00+00,1641,2021/11/18 05:00:00+00,2021,11,7D,Ward 8,Gender Identity/Expression,,Simple Assault,809255,400009.21,129316.16,38.83163389,-76.99989393,,,MPD,2024/02/16 21:02:52+00,8551,
-8572727.96618809,4707058.13846905,21169048,Unit block of Massachusetts Ave NW,2021/11/19 05:00:00+00,0459,2021/11/19 05:00:00+00,2021,11,1D,Ward 6,Race,Black,Threats,800308,399121.84,136672.13,38.89789907,-77.0101233,,,MPD,2024/02/16 21:02:52+00,8552,
-8576912.84284031,4708489.05103455,21170131,2100 block of Newport Pl NW,2021/11/21 05:00:00+00,0339,2021/11/21 05:00:00+00,2021,11,2D,Ward 2,Race,Black,Damage/Defacing/Destruction of Property,811921,395861.33,137783.6,38.90790228,-77.04771667,,,MPD,2024/02/16 21:02:52+00,8553,
-8572256.35909122,4697452.51897549,21175667,4000 block of 1st St SE,2021/12/02 05:00:00+00,0817,2021/12/02 05:00:00+00,2021,12,7D,Ward 8,Sexual Orientation,,Threats,804495,399488.86143748,129213.81010134,38.83071173,-77.00588679,,,MPD,2024/02/16 21:02:52+00,8554,
-8569761.93828758,4711013.79706733,21180161,1500 block of Rhode Island Ave NE,2021/12/10 05:00:00+00,1142,2021/12/10 05:00:00+00,2021,12,5D,Ward 5,Gender Identity/Expression,,Simple Assault,806346,401432.58,139741.56,38.92554881,-76.98347902,,,MPD,2024/02/16 21:02:52+00,8555,
-8572256.14699649,4697715.28815956,21181004,3900 block of 1st St SE,2021/12/11 05:00:00+00,1830,2021/12/11 05:00:00+00,2021,12,7D,Ward 8,Sexual Orientation,,ADW,807115,399489.04,129417.93,38.83255053,-77.00588488,,,MPD,2024/02/16 21:02:52+00,8556,
-8580298.06924032,4713817.31133955,21181342,4300 block of Wisconsin Ave NW,2021/12/12 05:00:00+00,1919,2021/12/12 05:00:00+00,2021,12,2D,Ward 3,Ethnicity/National Origin,Lebanese,Threats,804419,393227.28,141918.97,38.94513863,-77.07812667,,,MPD,2024/02/16 21:02:52+00,8557,
-8565408.15466802,4707223.90223569,21181488,4100 block of Gault Pl NE,2021/12/13 05:00:00+00,0014,2021/12/13 05:00:00+00,2021,12,6D,Ward 7,Sexual Orientation,,Simple Assault,812903,404825.76909043,136802.19772438,38.89905796,-76.94436833,,,MPD,2024/02/16 21:02:52+00,8558,
-8572534.78567368,4706958.71114337,21182968,Unit block of Massachusetts Ave NE,2021/12/15 05:00:00+00,1545,2021/12/15 05:00:00+00,2021,12,1D,Ward 6,Ethnicity/National Origin,Asian,Simple Assault,800876,399272.37,136594.95,38.89720394,-77.00838793,,,MPD,2024/02/16 21:02:52+00,8559,
-8572232.02031915,4708948.56607098,21183145,100 block of Q St NE,2021/12/15 05:00:00+00,2110,2021/12/15 05:00:00+00,2021,12,5D,Ward 5,Gender Identity/Expression,,Simple Assault,806986,399508.4,138139.1,38.91111435,-77.00566814,,,MPD,2024/02/16 21:02:52+00,8560,
-8564042.57005806,4708630.29534647,22001924,4800 block of Quarles St NE,2022/01/05 05:00:00+00,1230,2022/01/05 05:00:00+00,2022,1,6D,Ward 7,Sexual Orientation,,Threats,814462,405889.08,137894.31,38.90888961,-76.93210108,,,MPD,2024/02/16 21:02:52+00,8561,
-8575749.26080692,4708359.1413234,22005577,1600 block of Rhode Island Ave NW,2022/01/07 05:00:00+00,0000,2022/01/13 05:00:00+00,2022,1,2D,Ward 2,Gender Identity/Expression,,Threats,801418,396767.89,137682.37,38.90699416,-77.03726404,,,MPD,2024/02/16 21:02:52+00,8562,
-8580142.91026018,4714617.29096237,22005859,3900 block of Chesapeake St NW,2022/01/14 05:00:00+00,1410,2022/01/14 05:00:00+00,2022,1,2D,Ward 3,"Race; Ethnicity/National Origin; Gender Identity/Expression","White; Jewish",Displaying Symbols,807279,393348.63,142539.29,38.95072757,-77.07673285,,,MPD,2024/02/16 21:02:52+00,8563,
-8575228.97956657,4711389.13115709,22006899,3000 block of 14th ST NW,2022/01/16 05:00:00+00,0000,2022/01/16 05:00:00+00,2022,1,3D,Ward 1,Religion,Muslim,Threats,806449,397174.11,140033.11,38.9281718,-77.03259028,,,MPD,2024/02/16 21:02:52+00,8564,
-8576633.29037481,4709988.81029744,23012054,Columbia Rd NW and Wyoming Ave NW,2022/01/23 05:00:00+00,1131,2023/01/23 05:00:00+00,2023,1,3D,Ward 1,Ethnicity/National Origin,Jewish,Simple Assault,902030,396079.71874632,138947.18751837,38.91838527,-77.04520541,,,MPD,2024/02/16 21:02:52+00,8565,
-8572534.78567368,4706958.71114337,22012768,Unit block of Massachusetts Ave NE,2022/01/28 05:00:00+00,0045,2022/01/28 05:00:00+00,2022,1,1D,Ward 6,Ethnicity/National Origin,Jewish,Displaying Symbols,800876,399272.37,136594.95,38.89720394,-77.00838793,,,MPD,2024/02/16 21:02:52+00,8566,
-8570143.73720042,4701639.73937364,22019148,2200 block of Bryan Pl SE,2022/02/09 05:00:00+00,2100,2022/02/09 05:00:00+00,2022,2,7D,Ward 8,Sexual Orientation,,Simple Assault,807161,401136.21916701,132465.90044036,38.86000741,-76.98690879,,,MPD,2024/02/16 21:02:52+00,8567,
-8572085.63471822,4704069.90343929,22019595,1100 block of New Jersey Ave SE,2022/02/10 05:00:00+00,1630,2022/02/10 05:00:00+00,2022,2,1D,Ward 6/Ward 8,Race,Black,Simple Assault,801034,399622.27,134352.62,38.8770044,-77.00435314,,,MPD,2024/10/08 19:10:33+00,8568,
-8575946.82487256,4710780.04508679,22021167,2500 block of 17th St NW,2022/02/13 05:00:00+00,1651,2022/02/13 05:00:00+00,2022,2,3D,Ward 1,Sexual Orientation,,Threats,810182,396614.76,139560.81,38.9239152,-77.03903879,,,MPD,2024/02/16 21:02:52+00,8569,
-8573555.01658326,4706616.37109684,22023449,300 block of Indiana Ave NW,2022/02/18 05:00:00+00,0410,2022/02/18 05:00:00+00,2022,2,1D,Ward 6,Race,Black,Simple Assault,814307,398477.29,136329.37,38.89481048,-77.01755282,,,MPD,2024/02/16 21:02:52+00,8570,
-8576746.36159815,4709447.75024413,22028012,1800 block of Connecticut Ave NW,2022/02/25 05:00:00+00,1730,2022/02/25 05:00:00+00,2022,2,2D,Ward 1/Ward 2,Ethnicity/National Origin,Russian,Damage/Defacing/Destruction of Property,809702,395991.42,138527.43,38.91460355,-77.04622115,,,MPD,2024/10/08 19:07:02+00,8571,
-8575887.85829644,4707806.7715597,22027288,1000 block of 17th St NW,2022/02/26 05:00:00+00,0012,2022/02/26 05:00:00+00,2022,2,2D,Ward 2,Gender Identity/Expression,,Threats,813159,396659.72,137253.77,38.90313278,-77.03850908,,,MPD,2024/02/16 21:02:52+00,8572,
-8575314.67347939,4710292.86768865,22028117,1400 block of Belmont St NW,2022/02/27 05:00:00+00,1925,2022/02/27 05:00:00+00,2022,2,3D,Ward 1,Sexual Orientation,,Threats,801325,397107.05,139182.65,38.92051037,-77.03336008,,,MPD,2024/02/16 21:02:52+00,8573,
-8570902.31145973,4709169.63630541,22029870,700 block of New York Ave NE,2022/03/03 05:00:00+00,0554,2022/03/03 05:00:00+00,2022,3,5D,Ward 5,Homelessness,ADW,,816379,400544.38,138310.64,38.91265961,-76.99372317,,,MPD,2024/02/16 21:02:52+00,8574,
-8570902.31145973,4709169.63630541,22032929,400 block of New York Ave NE,2022/03/09 05:00:00+00,0252,2022/03/09 05:00:00+00,2022,3,5D,Ward 5,Homelessness,Homicide,,816379,400544.38,138310.64,38.91265961,-76.99372317,,,MPD,2024/02/16 21:02:52+00,8575,
-8579910.82599266,4712915.91008006,22045909,3800 block of Wisconsin Ave NW,2022/04/02 04:00:00+00,1807,2022/04/03 04:00:00+00,2022,4,2D,Ward 3,Race,White,Damage/Defacing/Destruction of Property,807233,393528.27,141219.58,38.93884059,-77.074648,,,MPD,2024/02/16 21:02:52+00,8576,
-8580686.68622773,4714901.08304057,22046921,4800 block of Wisconsin Ave NW,2022/04/04 04:00:00+00,1033,2022/04/05 04:00:00+00,2022,4,2D,Ward 3,Race,White,Simple Assault,801267,392925.4,142759.74,38.95271013,-77.08161767,,,MPD,2024/02/16 21:02:52+00,8577,
-8572913.25702842,4707547.09290475,22046955,Unit block of I St NW,2022/04/05 04:00:00+00,0955,2022/04/05 04:00:00+00,2022,4,1D,Ward 6,Ethnicity/National Origin,Chinese,Simple Assault,811730,398977.5,137051.61,38.9013174,-77.01178779,,,MPD,2024/02/16 21:02:52+00,8578,
-8575158.07062968,4709427.52863007,22047375,1800 block of 14th St NW,2022/04/06 04:00:00+00,0005,2022/04/06 04:00:00+00,2022,4,3D,Ward 2,Sexual Orientation,,Simple Assault,810471,397228.81,138511.21,38.91446221,-77.03195329,,,MPD,2024/02/16 21:02:52+00,8579,
-8575028.91524632,4707549.11009391,22050689,1300 block of I St NW,2022/04/10 04:00:00+00,0200,2022/04/12 04:00:00+00,2022,4,2D,Ward 2,Gender Identity/Expression,,Threats,811860,397328.94,137053.56,38.90133151,-77.03079307,,,MPD,2024/02/16 21:02:52+00,8580,
-8568443.60435283,4699703.41189178,17103427,3400 block of 23rd St SE,2017/06/17 04:00:00+00,2156,2017/06/17 04:00:00+00,2017,6,7D,Ward 8,Race,Black,Displaying Symbols,806817,402462.22886424,130962.50760696,38.84646149,-76.97163624,,,MPD,2024/02/16 21:02:52+00,8581,
-8577236.00883801,4709427.2937649,17103962,1800 block of 23rd St NW,2017/06/18 04:00:00+00,1952,2017/06/18 04:00:00+00,2017,6,2D,Ward 2,Ethnicity/National Origin,Jewish,Displaying Symbols,812986,395609.94,138511.76,38.91446057,-77.05061972,,,MPD,2024/02/16 21:02:52+00,8582,
-8575775.43790826,4709162.39409631,17106346,1600 block of R St NW,2017/06/20 04:00:00+00,2200,2017/06/22 04:00:00+00,2017,6,3D,Ward 2,Sexual Orientation,,Simple Assault,812936,396747.75,138305.67,38.91260899,-77.03749919,,,MPD,2024/02/16 21:02:52+00,8583,
-8578413.06365647,4713107.71060155,17104837,3800 block of Connecticut Ave NW,2017/06/20 04:00:00+00,0732,2017/06/24 04:00:00+00,2017,6,2D,Ward 3,Religion,Jewish,Displaying Symbols,813357,394694.84,141367.48,38.94018074,-77.06119338,,,MPD,2024/02/16 21:02:52+00,8584,
-8567008.27616479,4711316.7074958,17105164,3100 block of Fort Lincoln Dr NE,2017/06/20 04:00:00+00,1600,2017/06/20 04:00:00+00,2017,6,5D,Ward 5,Race,Black,Displaying Symbols,816698,403577.45,139977.23,38.92766568,-76.95874246,,,MPD,2024/02/16 21:02:52+00,8585,
-8575885.51241382,4708791.14826013,17113893,1500 block of 17th St NW,2017/07/03 04:00:00+00,2354,2017/07/04 04:00:00+00,2017,7,2D,Ward 2,Sexual Orientation,,Threats,811596,396661.87,138017.64,38.910014,-77.03848801,,,MPD,2024/02/16 21:02:52+00,8586,
-8562535.84329379,4705314.7826321,17116470,Central Ave SE and Southern Ave SE,2017/07/07 04:00:00+00,2035,2017/07/07 04:00:00+00,2017,7,2D,Ward 7,Sexual Orientation,,ADW,903973,407065.32000451,135322.11999501,38.88570973,-76.91856593,,,MPD,2024/02/16 21:02:52+00,8587,
-8568529.66482256,4710094.16636083,17122902,2100 block of Queens Chapel Rd NE,2017/07/16 04:00:00+00,0245,2017/07/17 04:00:00+00,2017,7,5D,Ward 5,Sexual Orientation,,ADW,807162,402392.68,139028.32,38.91912162,-76.97240933,,,MPD,2024/02/16 21:02:52+00,8588,
-8580541.31436957,4714542.26153538,17122588,4600 block of 41st ST NW,2017/07/17 04:00:00+00,1450,2017/07/17 04:00:00+00,2017,7,2D,Ward 3,Race,White,Damage/Defacing/Destruction of Property,800586,393038.35,142481.37,38.95020341,-77.08031178,,,MPD,2024/02/16 21:02:52+00,8589,
-8574614.6334,4717650.30182169,17124356,6700 block of Georgia Ave NW,2017/07/20 04:00:00+00,0142,2017/07/20 04:00:00+00,2017,7,4D,Ward 4,Race,Black,Threats,800621,397654.08,144888.65,38.97191325,-77.02707151,,,MPD,2024/02/16 21:02:52+00,8590,
-8565773.19085663,4706880.3208988,17127017,4000 block of Minnesota Ave NE,2017/07/21 04:00:00+00,2100,2017/07/24 04:00:00+00,2017,7,6D,Ward 7,Sexual Orientation,,Simple Assault,816435,404541.47,136535.38,38.89665588,-76.94764751,,,MPD,2024/02/16 21:02:52+00,8591,
-8565773.19085663,4706880.3208988,17127019,4000 block of Minnesota Ave NE,2017/07/23 04:00:00+00,0900,2017/07/25 04:00:00+00,2017,7,6D,Ward 7,Sexual Orientation,,Threats,816435,404541.47,136535.38,38.89665588,-76.94764751,,,MPD,2024/02/16 21:02:52+00,8592,
-8574898.21214629,4707047.66516991,17129123,600 block of 13th ST NW,2017/07/27 04:00:00+00,1956,2017/07/27 04:00:00+00,2017,7,2D,Ward 2,Sexual Orientation,,Threats,809390,397430.66,136664.37,38.89782585,-77.02961894,,,MPD,2024/02/16 21:02:52+00,8593,
-8576860.55087083,4708157.63183914,17130253,1200 block of New Hampshire Ave NW,2017/07/29 04:00:00+00,1838,2017/07/29 04:00:00+00,2017,7,2D,Ward 2,Political Affiliation,,ADW,800300,395901.94,137526.4,38.90558552,-77.04724693,,,MPD,2024/02/16 21:02:52+00,8594,
-8573514.59445669,4707433.52576826,17132873,400 block of Massachusetts Ave NW,2017/08/02 04:00:00+00,2030,2017/08/02 04:00:00+00,2017,8,1D,Ward 6,Ethnicity/National Origin,Jewish,Damage/Defacing/Destruction of Property,806146,398508.91,136963.55,38.90052346,-77.0171897,,,MPD,2024/02/16 21:02:52+00,8595,
-8576030.23518401,4706860.55503859,17133148,1700 block of New York Ave NW,2017/08/03 04:00:00+00,1000,2017/08/03 04:00:00+00,2017,8,2D,Ward 2,Ethnicity/National Origin,Jewish,Threats,801812,396548.46,136519.49,38.89651769,-77.03978808,,,MPD,2024/02/16 21:02:52+00,8596,
-8574812.89088226,4709790.57951227,17134640,1200 block of U St NW,2017/08/05 04:00:00+00,1908,2017/08/05 04:00:00+00,2017,8,3D,Ward 1,Race,Black,Threats,809133,397497.82,138792.81,38.91699977,-77.02885249,,,MPD,2024/02/16 21:02:52+00,8597,
-8576792.36487943,4708816.94939716,17134934,1500 block of 21st ST NW,2017/08/06 04:00:00+00,0407,2017/08/06 04:00:00+00,2017,8,2D,Ward 2,Race,White,Robbery,814335,395955.33,138037.99,38.91019435,-77.0466344,,,MPD,2024/02/16 21:02:52+00,8598,
-8576340.97358853,4707549.63723119,17138668,1800 block of I St NW,2017/08/12 04:00:00+00,0343,2017/08/12 04:00:00+00,2017,8,2D,Ward 2,Sexual Orientation,,ADW,814847,396306.56,137054.38,38.90133519,-77.04257949,,,MPD,2024/02/16 21:02:52+00,8599,
-8569459.8629029,4707115.7133271,17139860,1600 block of Gales St NE,2017/08/14 04:00:00+00,0858,2017/08/14 04:00:00+00,2017,8,5D,Ward 7,Sexual Orientation,,Damage/Defacing/Destruction of Property,804986,401668.52,136716.94,38.89830159,-76.98076544,,,MPD,2024/02/16 21:02:52+00,8600,
-8572343.35445158,4704395.89529238,17141006,100 block of I St SE,2017/08/15 04:00:00+00,2259,2017/08/16 04:00:00+00,2017,8,1D,Ward 6,Race,Black,Simple Assault,806996,399421.4,134605.7,38.87928414,-77.00666828,,,MPD,2024/02/16 21:02:52+00,8601,
-8579857.78174455,4709360.26785057,17141306,1700 block of 38th ST NW,2017/08/16 04:00:00+00,0700,2017/08/16 04:00:00+00,2017,8,2D,Ward 2,Ethnicity/National Origin,Jewish,Damage/Defacing/Destruction of Property,803560,393567.34,138461.15,38.91399208,-77.0741715,,,MPD,2024/02/16 21:02:52+00,8602,
-8576015.21725312,4710886.08619544,17142495,1700 block of Columbia Rd NW,2017/08/17 04:00:00+00,2000,2017/08/18 04:00:00+00,2017,8,3D,Ward 1,Race,Black,Damage/Defacing/Destruction of Property,800952,396561.52,139643.1,38.92465629,-77.03965317,,,MPD,2024/02/16 21:02:52+00,8603,
-8572613.82326639,4704001.4901291,17146354,1200 block of South Capitol ST SE,2017/08/24 04:00:00+00,0900,2017/08/24 04:00:00+00,2017,8,1D,Ward 6,Race,Black,Displaying Symbols,815894,399210.55,134299.54,38.87652596,-77.00909794,,,MPD,2024/02/16 21:02:52+00,8604,
-8574154.71728084,4707234.88361202,17146816,700 block of 8th St NW,2017/08/25 04:00:00+00,0557,2017/08/25 04:00:00+00,2017,8,1D,Ward 2,Race,Black,Damage/Defacing/Destruction of Property,807877,398010.07,136809.5,38.89913473,-77.02294002,,,MPD,2024/02/16 21:02:52+00,8605,
-8575669.06530903,4707635.38830607,17148856,900 block of 16th ST NW,2017/08/28 04:00:00+00,1413,2017/08/28 04:00:00+00,2017,8,2D,Ward 2,Race,White,ADW,814092,396830.15,137120.7,38.90193467,-77.03654363,,,MPD,2024/02/16 21:02:52+00,8606,
-8572789.40751958,4708584.06378381,17149831,Unit block of O St NW,2017/08/30 04:00:00+00,0740,2017/08/30 04:00:00+00,2017,8,3D,Ward 5,Gender Identity/Expression,,Threats,809161,399074.1,137856.3,38.90856644,-77.01067524,,,MPD,2024/02/16 21:02:52+00,8607,
-8574154.71728084,4707234.88361202,17152445,700 block of 8th St NW,2017/09/03 04:00:00+00,0220,2017/09/03 04:00:00+00,2017,9,1D,Ward 2,Race,Black,Damage/Defacing/Destruction of Property,807877,398010.07,136809.5,38.89913473,-77.02294002,,,MPD,2024/02/16 21:02:52+00,8608,
-8569701.45706405,4705263.49917068,17154874,1500 block of C ST SE,2017/09/06 04:00:00+00,1200,2017/09/07 04:00:00+00,2017,9,1D,Ward 7,Ethnicity/National Origin,Jewish,Displaying Symbols,811685,401480.52595133,135279.29999497,38.88535113,-76.98293572,,,MPD,2024/02/16 21:02:52+00,8609,
-8574552.52149907,4709790.15614948,17156097,1000 block of U St NW,2017/09/09 04:00:00+00,0234,2017/09/09 04:00:00+00,2017,9,3D,Ward 1,Sexual Orientation,,Simple Assault,803345,397700.66,138792.42,38.91699681,-77.02651355,,,MPD,2024/02/16 21:02:52+00,8610,
-8573247.05833011,4706705.96123973,17157628,400 block of 2nd St NW,2017/09/11 04:00:00+00,1720,2017/09/11 04:00:00+00,2017,9,1D,Ward 6,Political Affiliation,,Damage/Defacing/Destruction of Property,279729,398717.29,136398.86,38.89543686,-77.01478638,,,MPD,2024/02/16 21:02:52+00,8611,
-8573076.30633189,4696786.51372954,17157558,200 block of Elmira St SW,2017/09/11 04:00:00+00,1458,2017/09/11 04:00:00+00,2017,9,7D,Ward 8,Sexual Orientation,,Threats,808309,398849.23564489,128696.49893286,38.82605094,-77.0132525,,,MPD,2024/02/16 21:02:52+00,8612,
-8577136.86732337,4707656.30143744,17161775,Unit block of Washington Cir NW,2017/09/11 04:00:00+00,0000,2017/09/18 04:00:00+00,2017,9,2D,Ward 2,Ethnicity/National Origin,Jewish,Displaying Symbols,814875,395686.43,137137.47,38.90208087,-77.04972912,,,MPD,2024/02/16 21:02:52+00,8613,
-8576087.05540966,4707964.86300479,17158561,1100 block of Connecticut Ave NW,2017/09/13 04:00:00+00,0224,2017/09/13 04:00:00+00,2017,9,2D,Ward 2,Political Affiliation,,Robbery,807498,396504.56,137376.52,38.90423795,-77.0402985,,,MPD,2024/02/16 21:02:52+00,8614,
-8574048.88473964,4710288.0200373,17161210,2300 block of Georgia Ave NW,2017/09/17 04:00:00+00,0213,2017/09/17 04:00:00+00,2017,9,3D,Ward 1,Sexual Orientation,,Simple Assault,811838,398093.11,139178.59,38.92047649,-77.02198931,,,MPD,2024/02/16 21:02:52+00,8615,
-8573207.03953054,4707390.87644754,17163474,200 block of H St NW,2017/09/19 04:00:00+00,1200,2017/09/20 04:00:00+00,2017,9,1D,Ward 6,Ethnicity/National Origin,Jewish,Damage/Defacing/Destruction of Property,813258,398748.56,136930.41,38.9002253,-77.01442689,,,MPD,2024/02/16 21:02:52+00,8616,
-8573928.7210031,4707482.79096881,19214909,600 block of I St NW,2019/11/29 05:00:00+00,1530,2019/12/02 05:00:00+00,2019,12,1D,Ward 2,Ethnicity/National Origin,Jewish,Damage/Defacing/Destruction of Property,809882,398186.22,137001.85,38.90086787,-77.02090986,,,MPD,2024/02/16 21:02:52+00,8617,
-8573971.80725623,4714243.31585025,19213798,4700 block of Kansas Ave NW,2019/11/30 05:00:00+00,1401,2019/11/30 05:00:00+00,2019,11,4D,Ward 4,Ethnicity/National Origin,Latino/Hispanic,Robbery,801124,398153.87,142246.68,38.9481149,-77.02129691,,,MPD,2024/02/16 21:02:52+00,8618,
-8573141.68772993,4713475.24639028,19218239,4200 block of 2nd St NW,2019/12/07 05:00:00+00,1528,2019/12/07 05:00:00+00,2019,12,4D,Ward 4,Ethnicity/National Origin,Latino/Hispanic,ADW,811534,398800.2,141650.86,38.94274871,-77.01383982,,,MPD,2024/02/16 21:02:52+00,8619,
-8577063.34515156,4708736.89267145,19225284,2200 block of P St NW,2019/12/13 05:00:00+00,0130,2019/12/18 05:00:00+00,2019,12,2D,Ward 2,Race,White,Simple Assault,813562,395744.17,137975.98,38.90963474,-77.04906866,,,MPD,2024/02/16 21:02:52+00,8620,
-8575301.47460167,4709790.15487355,19225978,1400 block of U St NW,2019/12/19 05:00:00+00,2213,2019/12/19 05:00:00+00,2019,12,3D,Ward 2,Ethnicity/National Origin,Black/African,ADW,802845,397117.19,138792.61,38.9169968,-77.03324151,,,MPD,2024/02/16 21:02:52+00,8621,
-8574270.23095685,4708280.52797187,19232582,1200 block of 9th St NW,2019/12/31 05:00:00+00,1729,2019/12/31 05:00:00+00,2019,12,3D,Ward 2,Sexual Orientation,,Damage/Defacing/Destruction of Property,801626,397920.27,137620.98,38.90644462,-77.02397769,,,MPD,2024/02/16 21:02:52+00,8622,
-8580142.91026018,4714617.29096237,20001016,3900 block of Chesapeake St NW,2020/01/02 05:00:00+00,1145,2020/01/02 05:00:00+00,2020,1,2D,Ward 3,Ethnicity/National Origin,Jewish,Displaying Symbols,807279,393348.63,142539.29,38.95072757,-77.07673285,,,MPD,2024/02/16 21:02:52+00,8623,
-8574295.72492297,4713354.27387561,20001974,800 block of Upshur St NW,2020/01/03 05:00:00+00,2320,2020/01/04 05:00:00+00,2020,1,4D,Ward 4,Sexual Orientation,,Stalking,811863,397901.45,141557.22,38.94190348,-77.02420671,,,MPD,2024/02/16 21:02:52+00,8624,
-8574741.90264162,4713196.70970321,20003221,1200 block of Taylor St NW,2020/01/06 05:00:00+00,1050,2020/01/06 05:00:00+00,2020,1,4D,Ward 4,Sexual Orientation,,Simple Assault,802096,397553.94,141435.11,38.94080258,-77.02821479,,,MPD,2024/02/16 21:02:52+00,8625,
-8575992.29484014,4707469.34909616,20006677,800 block of 17th St NW,2020/01/11 05:00:00+00,1800,2020/01/11 05:00:00+00,2020,1,2D,Ward 2,Race,Black,Simple Assault,801824,396578.23,136991.95,38.9007739,-77.03944725,,,MPD,2024/02/16 21:02:52+00,8626,
-8575157.9001331,4708680.79321457,20006772,1400 block of 14th St NW,2020/01/12 05:00:00+00,0144,2020/01/12 05:00:00+00,2020,1,2D,Ward 2,Sexual Orientation,,Simple Assault,811823,397228.74,137931.79,38.9092426,-77.03195176,,,MPD,2024/02/16 21:02:52+00,8627,
-8574552.59338577,4707332.47262937,19190147,1000 block of H St NW,2019/10/24 04:00:00+00,0149,2019/10/24 04:00:00+00,2019,10,2D,Ward 2,Ethnicity/National Origin,Jewish,Displaying Symbols,808793,397700.05,136885.32,38.89981699,-77.0265142,,,MPD,2024/02/16 21:02:52+00,8628,
-8565773.19085663,4706880.3208988,19193822,4000 block of Minnesota Ave NE,2019/10/29 04:00:00+00,1635,2019/10/29 04:00:00+00,2019,10,6D,Ward 7,Sexual Orientation,,Stalking,816435,404541.47,136535.38,38.89665588,-76.94764751,,,MPD,2024/02/16 21:02:52+00,8629,
-8576087.05540966,4707964.86300479,19195093,1100 block of Connecticut Ave NW,2019/10/31 04:00:00+00,1228,2019/10/31 04:00:00+00,2019,10,2D,Ward 2,Ethnicity/National Origin,Russian,Threats,807498,396504.56,137376.52,38.90423795,-77.0402985,,,MPD,2024/02/16 21:02:52+00,8630,
-8568839.51628835,4707856.24444248,19199806,1900 block of Maryland Ave NE,2019/11/07 05:00:00+00,1604,2019/11/07 05:00:00+00,2019,11,5D,Ward 5,Ethnicity/National Origin,Latino/Hispanic,Robbery,811587,402151.77,137291.75,38.90347863,-76.97519277,,,MPD,2024/02/16 21:02:52+00,8631,
-8575445.82421828,4709637.55320273,19205538,1900 block of 15th St NW,2019/11/16 05:00:00+00,2009,2019/11/16 05:00:00+00,2019,11,3D,Ward 2,Sexual Orientation,,Damage/Defacing/Destruction of Property,811851,397004.69,138674.25,38.9159302,-77.03453823,,,MPD,2024/02/16 21:02:52+00,8632,
-8580142.91026018,4714617.29096237,19207888,3900 block of Chesapeake St NW,2019/11/18 05:00:00+00,1400,2019/11/20 05:00:00+00,2019,11,2D,Ward 3,Ethnicity/National Origin,Jewish,Displaying Symbols,807279,393348.63,142539.29,38.95072757,-77.07673285,,,MPD,2024/02/16 21:02:52+00,8633,
-8574743.66706182,4715631.83360816,19208766,5600 block of Georgia Ave NW,2019/11/20 05:00:00+00,2330,2019/11/21 05:00:00+00,2019,11,4D,Ward 4,Ethnicity/National Origin,Black/African,Simple Assault,804117,397553.15,143323.63,38.95781489,-77.02823064,,,MPD,2024/02/16 21:02:52+00,8634,
-8576240.99606444,4710105.63248259,19209634,2200 block of 18th St NW,2019/11/23 05:00:00+00,0333,2019/11/23 05:00:00+00,2019,11,3D,Ward 1,Ethnicity/National Origin,Middle Eastern,Robbery,811212,396385.37,139037.68,38.91920176,-77.04168137,,,MPD,2024/02/16 21:02:52+00,8635,
-8575002.60734249,4708166.49386834,23087517,1300 block of M St NW,2023/05/30 04:00:00+00,1920,2023/06/02 04:00:00+00,2023,6,3D,Ward 2,Religion,Jewish,Theft,804481,397349.6,137532.66,38.90564747,-77.03055674,,,MPD,2024/02/16 21:02:52+00,8636,
-8572608.82347731,4708451.92756043,23090806,1300 block of North Capitol St NW,2023/06/01 04:00:00+00,2250,2023/06/07 04:00:00+00,2023,6,3D,Ward 5,Sexual Orientation,,Simple Assault,808354,399214.79,137753.75,38.90764277,-77.00905302,,,MPD,2024/02/16 21:02:52+00,8637,
-8574379.07372654,4704445.78030434,23088542,800 block of Water St SW,2023/06/03 04:00:00+00,2110,2023/06/03 04:00:00+00,2023,6,1D,Ward 6,Ethnicity/National Origin,Hispanic,Simple Assault,816744,397834.65,134644.7,38.87963299,-77.02495545,,,MPD,2024/02/16 21:02:52+00,8638,
-8579748.2870827,4711200.78928538,23091545,2800 block of Wisconsin Ave NW,2023/06/04 04:00:00+00,1400,2023/06/04 04:00:00+00,2023,6,2D,Ward 3,Sexual Orientation,,Theft,812996,393653.79,139889.04,38.9268556,-77.07318789,,,MPD,2024/02/16 21:02:52+00,8639,
-8576352.63528764,4710600.55423906,23095581,18th St NW and Columbia Rd NW,2023/06/08 04:00:00+00,1800,2023/06/14 04:00:00+00,2023,6,3D,Ward 1,Race,Black,Damage/Defacing/Destruction of Property,904604,396298.57999452,139421.69999881,38.92266078,-77.04268424,,,MPD,2024/02/16 21:02:52+00,8640,
-8576915.93573539,4707601.68077594,23132742,2100 block of Pennsylvania Ave NW,2023/06/11 04:00:00+00,1730,2023/08/13 04:00:00+00,2023,8,2D,Ward 2,Sexual Orientation,,Sexual Assault,808395,395858.56,137094.99,38.90169903,-77.04774446,,,MPD,2024/02/16 21:02:52+00,8641,
-8580925.49727804,4715732.90861842,23094535,5200 block of 43rd St NW,2023/06/12 04:00:00+00,2143,2023/06/12 04:00:00+00,2023,6,2D,Ward 3,Sexual Orientation,,Threats,803815,392740.04,143404.96,38.95852093,-77.08376295,,,MPD,2024/02/16 21:02:52+00,8642,
-8574156.01774477,4710122.07244462,23093958,2100 block of 8th St NW,2023/06/12 04:00:00+00,0201,2023/06/12 04:00:00+00,2023,6,3D,Ward 1,Sexual Orientation,,Simple Assault,811329,398009.62,139049.86,38.91931666,-77.0229517,,,MPD,2024/02/16 21:02:52+00,8643,
-8572085.63471822,4704069.90343929,23095040,1100 block of New Jersey Ave SE,2023/06/13 04:00:00+00,1711,2023/06/13 04:00:00+00,2023,6,1D,Ward 6,Gender Identity/Expression,,Simple Assault,801034,399622.27,134352.62,38.8770044,-77.00435314,,,MPD,2024/02/16 21:02:52+00,8644,
-8578773.58972494,4708479.48814682,23099201,3200 block of O St NW,2023/06/16 04:00:00+00,1745,2023/06/20 04:00:00+00,2023,6,2D,Ward 2,Sexual Orientation,,Damage/Defacing/Destruction of Property,801865,394411.53,137777.07,38.90783543,-77.06443204,,,MPD,2024/02/16 21:02:52+00,8645,
-8572781.38849314,4709161.4464324,23097300,Unit block of R St NW,2023/06/17 04:00:00+00,0939,2023/06/17 04:00:00+00,2023,6,3D,Ward 5,Sexual Orientation,,Damage/Defacing/Destruction of Property,802270,399080.4,138304.32,38.91260236,-77.0106032,,,MPD,2024/02/16 21:02:52+00,8646,
-8577178.5432482,4708253.3376968,23099262,1200 block of 23rd St NW,2023/06/20 04:00:00+00,1504,2023/06/20 04:00:00+00,2023,6,2D,Ward 2,Ethnicity/National Origin,Mexican,Simple Assault,811356,395654.21,137600.8,38.90625455,-77.0501035,,,MPD,2024/02/16 21:02:52+00,8647,
-8575158.3183445,4709585.7828009,23102036,14th St NW and T St NW,2023/06/25 04:00:00+00,0300,2023/06/25 04:00:00+00,2023,6,3D,Ward 1/Ward 2,Sexual Orientation,,Simple Assault,906164,397228.65999538,138633.99999808,38.91556834,-77.03195552,,,MPD,2024/10/08 19:02:25+00,8648,
-8573061.71592615,4709267.54118464,23109676,100 block of Randolph Pl NW,2023/07/05 04:00:00+00,2055,2023/07/07 04:00:00+00,2023,7,3D,Ward 5,Sexual Orientation,,Threats,805343,398862.01,138386.67,38.91334395,-77.01312142,,,MPD,2024/02/16 21:02:52+00,8649,
-8575885.12663161,4709003.36591467,23108521,1600 block of 17th St NW,2023/07/05 04:00:00+00,1744,2023/07/05 04:00:00+00,2023,7,3D,Ward 2,Ethnicity/National Origin,Hispanic,Simple Assault,808622,396662.24,138182.31,38.9114974,-77.03848454,,,MPD,2024/02/16 21:02:52+00,8650,
-8578851.6651962,4716776.79922648,23109191,3200 block of Northampton St NW,2023/07/06 04:00:00+00,1720,2023/07/06 04:00:00+00,2023,7,2D,Ward 4,Race,Black,Simple Assault,803486,394355.29,144213.07,38.96581246,-77.0651334,,,MPD,2024/02/16 21:02:52+00,8651,
-8574666.52816761,4710758.24036121,23112027,1100 block of Euclid St NW,2023/07/07 04:00:00+00,2330,2023/07/11 04:00:00+00,2023,7,3D,Ward 1,Ethnicity/National Origin,Hispanic,Sexual Assault,804220,397612.07,139543.53,38.92376281,-77.02753769,,,MPD,2024/02/16 21:02:52+00,8652,
-8575158.14714221,4707806.37140409,23110219,1000 block of 14th St NW,2023/07/08 04:00:00+00,0300,2023/07/08 04:00:00+00,2023,7,2D,Ward 2,Sexual Orientation,,Sex Abuse,804807,397228.31,137253.24,38.90312998,-77.03195398,,,MPD,2024/02/16 21:02:52+00,8653,
-8575302.90318776,4708739.30067432,23110773,1400 block of P St NW,2023/07/09 04:00:00+00,1109,2023/07/09 04:00:00+00,2023,7,2D,Ward 2,Sexual Orientation,,Threats,815289,397115.78,137977.23,38.90965158,-77.03325434,,,MPD,2024/02/16 21:02:52+00,8654,
-8575231.62694137,4708006.09428348,23113524,1100 block of Vermont Ave NW,2023/07/13 04:00:00+00,1800,2023/07/14 04:00:00+00,2023,7,2D,Ward 2,Sexual Orientation,,Threats,802517,397171.11,137408.25,38.90452619,-77.03261406,,,MPD,2024/02/16 21:02:52+00,8655,
-8571302.20295465,4705232.49073695,23113828,600 block of Pennsylvania Ave SE,2023/07/15 04:00:00+00,1045,2023/07/15 04:00:00+00,2023,7,1D,Ward 6,Sexual Orientation,,Simple Assault,801982,400232.91628617,135255.09557895,38.8851343,-76.99731546,,,MPD,2024/02/16 21:02:52+00,8656,
-8573125.75295757,4709185.47478032,23118486,200 block of Florida Ave NW,2023/07/21 04:00:00+00,2201,2023/07/21 04:00:00+00,2023,7,3D,Ward 5,Race,White,Simple Assault,810034,398812.11,138323,38.91277032,-77.01369668,,,MPD,2024/02/16 21:02:52+00,8657,
-8570144.50385147,4705085.15207009,23119014,1300 block of D St SE,2023/07/22 04:00:00+00,1942,2023/07/23 04:00:00+00,2023,7,1D,Ward 6,Religion,Jewish,Damage/Defacing/Destruction of Property,807074,401135.23820701,135140.80463484,38.88410402,-76.98691567,,,MPD,2024/02/16 21:02:52+00,8658,
-8571546.18127666,4707805.01206551,23121745,1000 block of 5th St NE,2023/07/27 04:00:00+00,0239,2023/07/27 04:00:00+00,2023,7,5D,Ward 6,Gender Identity/Expression,,ADW,813214,400042.75,137251.7,38.90312048,-76.99950715,,,MPD,2024/02/16 21:02:52+00,8659,
-8576260.78624341,4710237.76180515,23127533,2300 block of 18th St NW,2023/08/05 04:00:00+00,0339,2023/08/05 04:00:00+00,2023,8,3D,Ward 1,Gender Identity/Expression,,Simple Assault,806244,396370,139140.2,38.92012523,-77.04185915,,,MPD,2024/02/16 21:02:52+00,8660,
-8574971.76476555,4711812.16815689,23129654,1300 block of Park Rd NW,2023/08/08 04:00:00+00,1716,2023/08/08 04:00:00+00,2023,8,3D,Ward 1,Gender Identity/Expression,,Simple Assault,802061,397374.57,140361.21,38.93112805,-77.03027968,,,MPD,2024/02/16 21:02:52+00,8661,
-8574349.55729563,4712893.52457723,23134834,Georgia Ave NW and Randolph St NW,2023/08/16 04:00:00+00,1647,2023/08/16 04:00:00+00,2023,8,4D,Ward 4,Ethnicity/National Origin,Hispanic,Theft,904968,397859.43001197,141199.86000046,38.93868418,-77.02469029,,,MPD,2024/02/16 21:02:52+00,8662,
-8570427.72709889,4701871.76899604,23135599,1300 block of Morris Rd SE,2023/08/17 04:00:00+00,2111,2023/08/17 04:00:00+00,2023,8,7D,Ward 8,Race,White,Simple Assault,815038,400914.78,132646.04,38.86163044,-76.98945991,,,MPD,2024/02/16 21:02:52+00,8663,
-8570104.59008695,4709525.25874035,23136924,1300 block of New York Ave NE,2023/08/20 04:00:00+00,0530,2023/08/20 04:00:00+00,2023,8,5D,Ward 5,Ethnicity/National Origin,African,Simple Assault,807699,401165.84,138586.64,38.91514531,-76.98655712,,,MPD,2024/02/16 21:02:52+00,8664,
-8576455.35186071,4708778.76401154,23138840,1600 block of Connecticut Ave NW,2023/08/23 04:00:00+00,1442,2023/08/23 04:00:00+00,2023,8,2D,Ward 2,Race,White,Threats,800193,396217.89,138008.23,38.90992743,-77.04360696,,,MPD,2024/02/16 21:02:52+00,8665,
-8575486.28458546,4716822.96609346,23140753,1400 block of Sheridan St NW,2023/08/26 04:00:00+00,1757,2023/08/26 04:00:00+00,2023,8,4D,Ward 4,Sexual Orientation,,Simple Assault,810795,396975.3,144247.43,38.96613491,-77.03490168,,,MPD,2024/02/16 21:02:52+00,8666,
-8574040.58350085,4706441.20433856,23144049,300 block of 7th St NW,2023/09/01 04:00:00+00,1031,2023/09/01 04:00:00+00,2023,9,1D,Ward 2,Race,White,Simple Assault,802102,398098.86,136193.5,38.89358578,-77.02191474,,,MPD,2024/02/16 21:02:52+00,8667,
-8573039.29837037,4703174.52106061,23144428,100 block of Q St SW,2023/09/01 04:00:00+00,2241,2023/09/02 04:00:00+00,2023,9,1D,Ward 6,Race,White,Simple Assault,803736,398878.80572491,133657.56274547,38.87074242,-77.01292004,,,MPD,2024/02/16 21:02:52+00,8668,
-8578594.39296994,4708159.89405266,23144414,1200 block of Wisconsin Ave NW,2023/09/01 04:00:00+00,2120,2023/09/01 04:00:00+00,2023,9,2D,Ward 2,Race,Black,Simple Assault,808614,394550.98,137528.97,38.90560134,-77.06282229,,,MPD,2024/02/16 21:02:52+00,8669,
-8574155.35273971,4709824.44471395,23148991,2000 block of 8th St NW,2023/09/06 04:00:00+00,0800,2023/09/10 04:00:00+00,2023,9,3D,Ward 1,Sexual Orientation,,Damage/Defacing/Destruction of Property,801143,398010.08,138818.94,38.91723646,-77.02294573,,,MPD,2024/02/16 21:02:52+00,8670,
-8573402.89558365,4707224.10575823,23151786,700 block of 4th St NW,2023/09/13 04:00:00+00,1900,2023/09/14 04:00:00+00,2023,9,1D,Ward 6,Ethnicity/National Origin,Jewish,Displaying Symbols,811278,398595.92,136801.01,38.89905938,-77.01618629,,,MPD,2024/02/16 21:02:52+00,8671,
-8573120.58512647,4706978.03207795,23151542,2nd St NW and F St NW,2023/09/13 04:00:00+00,1800,2023/09/13 04:00:00+00,2023,9,1D,Ward 6,Ethnicity/National Origin,Jewish,Displaying Symbols,914374,398815.88,136610,38.89733902,-77.01365025,,,MPD,2024/02/16 21:02:52+00,8672,
-8573928.98170085,4707331.74621241,23153251,600 block of H St NW,2023/09/16 04:00:00+00,1846,2023/09/16 04:00:00+00,2023,9,1D,Ward 2,Gender Identity/Expression,,Threats,807858,398185.99,136884.63,38.89981191,-77.0209122,,,MPD,2024/02/16 21:02:52+00,8673,
-8576455.35186071,4708778.76401154,23153599,1300 block of Connecticut Ave NW,2023/09/17 04:00:00+00,1246,2023/09/17 04:00:00+00,2023,9,2D,Ward 2,Ethnicity/National Origin,Jewish,Displaying Symbols,800193,396217.89,138008.23,38.90992743,-77.04360696,,,MPD,2024/02/16 21:02:52+00,8674,
-8568599.175109,4707824.28288412,23158946,2100 block of I St NE,2023/09/26 04:00:00+00,1536,2023/09/26 04:00:00+00,2023,9,5D,Ward 5,Ethnicity/National Origin,African,ADW,802596,402339.05,137267,38.9032552,-76.97303375,,,MPD,2024/02/16 21:02:52+00,8675,
-8578324.32278453,4712911.17076184,23159021,3700 block of Connecticut Ave NW,2023/09/26 04:00:00+00,1816,2023/09/26 04:00:00+00,2023,9,2D,Ward 3,Sexual Orientation,,Simple Assault,805318,394763.85,141214.99,38.93880748,-77.06039621,,,MPD,2024/02/16 21:02:52+00,8676,
-8575558.62122641,4708166.89736292,23159572,1500 block of M St NW,2023/09/27 04:00:00+00,1551,2023/09/27 04:00:00+00,2023,9,2D,Ward 2,"Ethnicity/National Origin; Race","Black; Jewish",Displaying Symbols,803647,396916.37,137533.13,38.90565029,-77.0355515,,,MPD,2024/02/16 21:02:52+00,8677,
-8578187.56659155,4708105.14635433,23162653,30th St NW and M St NW,2023/10/02 04:00:00+00,1747,2023/10/02 04:00:00+00,2023,10,2D,Ward 2,Ethnicity/National Origin,Jewish,Robbery,902942,394867.94005719,137486.27362902,38.90521862,-77.05916771,,,MPD,2024/02/16 21:02:52+00,8678,
-8577251.99957689,4707893.19911417,23165142,2300 block of L St NW,2023/10/06 04:00:00+00,1845,2023/10/06 04:00:00+00,2023,10,2D,Ward 2,Religion,Muslim,Simple Assault,809939,395596.82,137321.36,38.90373697,-77.05076337,,,MPD,2024/02/16 21:02:52+00,8679,
-8575885.03345325,4709056.56599689,23165744,17th St NW and Corcoran St NW,2023/10/07 04:00:00+00,1915,2023/10/07 04:00:00+00,2023,10,3D,Ward 2,Sexual Orientation,,Simple Assault,907402,396662.33001086,138223.5900137,38.91186927,-77.03848371,,,MPD,2024/02/16 21:02:52+00,8680,
-8567978.47678049,4703908.22499358,23169755,2900 block of Nash Pl SE,2023/10/14 04:00:00+00,2044,2023/10/14 04:00:00+00,2023,10,6D,Ward 7,"Sexual Orientation; Personal Appearance",,Robbery,801030,402823.78,134227.6,38.87587372,-76.96745793,,,MPD,2024/02/16 21:02:52+00,8681,
-8579720.5616217,4709996.6545249,23171634,2100 block of 37th St NW,2023/10/18 04:00:00+00,0729,2023/10/18 04:00:00+00,2023,10,2D,Ward 3,Ethnicity/National Origin,Israeli,Damage/Defacing/Destruction of Property,808328,393674.64,138954.83,38.91844009,-77.07293883,,,MPD,2024/02/16 21:02:52+00,8682,
-8576062.73977638,4708738.42715556,23172563,1700 P St NW,2023/10/19 04:00:00+00,1906,2023/10/19 04:00:00+00,2023,10,2D,Ward 2,Ethnicity/National Origin,Israeli,Damage/Defacing/Destruction of Property,800859,396523.77,137976.79,38.90964547,-77.04008007,,,MPD,2024/02/16 21:02:52+00,8683,
-8568529.66482256,4710094.16636083,23174637,2100 block of Queens Chapel Rd NE,2023/10/22 04:00:00+00,0300,2023/10/24 04:00:00+00,2023,10,5D,Ward 5,Gender Identity/Expression,,Simple Assault,807162,402392.68,139028.32,38.91912162,-76.97240933,,,MPD,2024/02/16 21:02:52+00,8684,
-8577718.60483074,4707326.3765511,23174598,2600 block of Virginia Ave NW,2023/10/23 04:00:00+00,1100,2023/10/23 04:00:00+00,2023,10,2D,Ward 2,Ethnicity/National Origin,Jewish,Displaying Symbols,801110,395232.98,136881.69,38.89977437,-77.05495496,,,MPD,2024/02/16 21:02:52+00,8685,
-8571301.01869432,4707387.73946796,23174752,600 block of H St NE,2023/10/23 04:00:00+00,1623,2023/10/23 04:00:00+00,2023,10,1D,Ward 6,Ethnicity/National Origin,Jewish,Displaying Symbols,807444,400233.79,136927.88,38.90020336,-76.99730482,,,MPD,2024/02/16 21:02:52+00,8686,
-8573598.37546271,4709625.94565912,23177062,400 block of T St NW,2023/10/27 04:00:00+00,1805,2023/10/27 04:00:00+00,2023,10,3D,Ward 1,Race,White,Simple Assault,802864,398443.96,138664.83,38.91584906,-77.01794232,,,MPD,2024/02/16 21:02:52+00,8687,
-8574562.15166301,4713958.55192679,23177045,Buchanan St NW and Georgia Ave NW,2023/10/27 04:00:00+00,1717,2023/10/27 04:00:00+00,2023,10,4D,Ward 4,"Sexual Orientation; Race",White,ADW,900421,397694.09999581,142025.95001723,38.94612542,-77.02660006,,,MPD,2024/02/16 21:02:52+00,8688,
-8572098.94597559,4708165.94514023,23177573,200 block of M St NE,2023/10/28 04:00:00+00,1626,2023/10/28 04:00:00+00,2023,10,5D,Ward 6,Sexual Orientation,,Threats,802637,399612.05,137531.8,38.90564363,-77.00447272,,,MPD,2024/02/16 21:02:52+00,8689,
-8569367.71147791,4707579.90641469,23177707,1600 block of Maryland Ave NE,2023/10/28 04:00:00+00,2120,2023/10/28 04:00:00+00,2023,10,5D,Ward 5,Disability,,Threats,809645,401740.25,137077.2,38.9015468,-76.97993763,,,MPD,2024/02/16 21:02:52+00,8690,
-8573564.13586759,4704193.19348738,23180446,1000 block of 4th St SW,2023/10/30 04:00:00+00,2200,2023/11/03 04:00:00+00,2023,11,1D,Ward 6,Religion,Jewish,Damage/Defacing/Destruction of Property,815976,398469.82,134448.47,38.87786661,-77.01763474,,,MPD,2024/02/16 21:02:52+00,8691,
-8575666.02972201,4709003.22431906,23181487,1600 block of 16th ST NW,2023/11/04 04:00:00+00,1614,2023/11/04 04:00:00+00,2023,11,3D,Ward 2,Ethnicity/National Origin,Israeli,Damage/Defacing/Destruction of Property,804188,396832.94,138182.13,38.91149641,-77.03651636,,,MPD,2024/02/16 21:02:52+00,8692,
-8578955.98795026,4708150.28211157,23182559,1200 block of 33rd St NW,2023/11/05 04:00:00+00,1350,2023/11/06 05:00:00+00,2023,11,2D,Ward 2,Ethnicity/National Origin,Israeli,Damage/Defacing/Destruction of Property,814618,394269.23,137521.71,38.90553414,-77.06607055,,,MPD,2024/02/16 21:02:52+00,8693,
-8575749.26080692,4708359.1413234,23183636,1600 block of Rhode Island Ave NW,2023/11/08 05:00:00+00,1050,2023/11/08 05:00:00+00,2023,11,2D,Ward 2,Sexual Orientation,,Threats,801418,396767.89,137682.37,38.90699416,-77.03726404,,,MPD,2024/02/16 21:02:52+00,8694,
-8574733.15322762,4715899.21061666,23184325,5800 block of Georgia Ave NW,2023/11/09 05:00:00+00,1425,2023/11/09 05:00:00+00,2023,11,4D,Ward 4,Ethnicity/National Origin,Hispanic,Robbery,809007,397561.4,143530.96,38.95968259,-77.02813619,,,MPD,2024/02/16 21:02:52+00,8695,
-8577250.3246306,4708942.98549278,23185008,23rd St NW and Q St NW,2023/11/10 05:00:00+00,2023,2023/11/10 05:00:00+00,2023,11,2D,Ward 2,Ethnicity/National Origin,Israeli,Damage/Defacing/Destruction of Property,904024,395598.57797787,138135.97807762,38.91107534,-77.05074832,,,MPD,2024/02/16 21:02:52+00,8696,
-8577950.17563791,4708168.19238935,23185481,1200 block of 28th ST NW,2023/11/11 05:00:00+00,1800,2023/11/11 05:00:00+00,2023,11,2D,Ward 2,Religion,Jewish,Simple Assault,810324,395052.94,137535.08,38.90565935,-77.05703519,,,MPD,2024/02/16 21:02:52+00,8697,
-8569724.41910371,4707423.73980703,23187094,800 block of Bladensburg Rd NE,2023/11/14 05:00:00+00,1710,2023/11/14 05:00:00+00,2023,11,5D,Ward 5,Ethnicity/National Origin,Israeli,Threats,808465,401462.32,136955.95,38.90045504,-76.98314199,,,MPD,2024/02/16 21:02:52+00,8698,
-8575302.86424375,4708950.33145473,23188782,1400 block of Q St NW,2023/11/17 05:00:00+00,2046,2023/11/17 05:00:00+00,2023,11,3D,Ward 2,Ethnicity/National Origin,Jewish,Simple Assault,802123,397115.87,138140.98,38.91112669,-77.03325399,,,MPD,2024/02/16 21:02:52+00,8699,
-8571605.54988856,4707718.12179595,23190679,400 block of K St NE,2023/11/21 05:00:00+00,0130,2023/11/21 05:00:00+00,2023,11,5D,Ward 6,Gender Identity/Expression,,Robbery,812922,399996.49,137184.27,38.90251305,-77.00004047,,,MPD,2024/02/16 21:02:52+00,8700,
-8576643.87701525,4708453.10529473,23198560,1300 block of New Hampshire Ave NW,2023/12/01 05:00:00+00,0255,2023/12/06 05:00:00+00,2023,12,2D,Ward 2,Ethnicity/National Origin,Palestinian,Stalking,805753,396070.88,137755.6,38.90765101,-77.04530051,,,MPD,2024/02/16 21:02:52+00,8701,
-8571664.63104748,4706977.42445713,23195882,4th St NE and F St NE,2023/12/01 05:00:00+00,1535,2023/12/01 05:00:00+00,2023,12,1D,Ward 6,Race,Black,Threats,904918,399950.45001391,136609.4399962,38.89733477,-77.0005712,,,MPD,2024/02/16 21:02:52+00,8702,
-8575157.72457083,4708508.54481077,23198034,1300 block of 14th St NW,2023/12/04 05:00:00+00,1645,2023/12/05 05:00:00+00,2023,12,2D,Ward 2,Gender Identity/Expression,,Threats,802156,397228.83,137798.13,38.90803854,-77.03195018,,,MPD,2024/02/16 21:02:52+00,8703,
-8574727.81684928,4708394.30281336,23203032,12th St NW and N St NW,2023/12/14 05:00:00+00,1534,2023/12/14 05:00:00+00,2023,12,3D,Ward 2,Sexual Orientation,,Simple Assault,906725,397563.76329169,137709.37004523,38.90723996,-77.02808826,,,MPD,2024/02/16 21:02:52+00,8704,
-8579748.2870827,4711200.78928538,23204590,2800 block of Wisconsin Ave NW,2023/12/17 05:00:00+00,0812,2023/12/17 05:00:00+00,2023,12,2D,Ward 3,Religion,Jewish,Threats,812996,393653.79,139889.04,38.9268556,-77.07318789,,,MPD,2024/02/16 21:02:52+00,8705,
-8574727.0496331,4709688.34906996,23205223,1900 block of 12th St NW,2023/12/18 05:00:00+00,1530,2023/12/18 05:00:00+00,2023,12,3D,Ward 1,Race,White,Simple Assault,806016,397564.67,138713.47,38.91628523,-77.02808137,,,MPD,2024/02/16 21:02:52+00,8706,
-8573928.7210031,4707482.79096881,23205265,600 block of I St NW,2023/12/18 05:00:00+00,0430,2023/12/18 05:00:00+00,2023,12,1D,Ward 2,Religion,Jewish,Threats,809882,398186.22,137001.85,38.90086787,-77.02090986,,,MPD,2024/02/16 21:02:52+00,8707,
-8572598.29974389,4714759.8645232,23084258,5000 block of North Capitol St NE,2023/05/28 04:00:00+00,0450,2023/05/28 04:00:00+00,2023,5,4D,Ward 4/Ward 5,Sexual Orientation,,Threats,801354,399223.47,142647.1,38.95172359,-77.00895848,,,MPD,2024/10/08 19:08:20+00,8708,
-8565773.19085663,4706880.3208988,23205739,4000 block of Minnesota Ave NE,2023/12/19 05:00:00+00,1545,2023/12/19 05:00:00+00,2023,12,6D,Ward 7,Ethnicity/National Origin,Jewish,Displaying Symbols,816435,404541.47,136535.38,38.89665588,-76.94764751,,,MPD,2024/02/16 21:02:52+00,8709,
-8577824.03303647,4708006.84245859,23210493,2700 block of Pennsylvania Ave NW,2023/12/23 05:00:00+00,0900,2023/12/29 05:00:00+00,2023,12,2D,Ward 2,Ethnicity/National Origin,Jewish,Simple Assault,803654,395151.15,137409.81,38.90453142,-77.05590203,,,MPD,2024/02/16 21:02:52+00,8710,
-8567719.78516363,4709810.24523195,23208136,2700 block of New York Ave NE,2023/12/24 05:00:00+00,0232,2023/12/24 05:00:00+00,2023,12,5D,Ward 5,Race,Black,Threats,800345,403023.68,138808.25,38.91713721,-76.96513406,,,MPD,2024/02/16 21:02:52+00,8711,
-8569988.09164375,4702421.95032205,12095238,2000 block of 14th St SE,2012/07/08 04:00:00+00,0930,2012/07/08 04:00:00+00,2012,7,7D,Ward 8,Sexual Orientation,,Damage/Defacing/Destruction of Property,812472,401257.47497512,133073.28002492,38.86547877,-76.9855106,,,MPD,2024/02/16 21:02:52+00,8712,
-8575527.18180972,4712614.52129533,12116585,1500 block of Spring Pl NW,2012/08/18 04:00:00+00,1341,2012/08/18 04:00:00+00,2012,8,4D,Ward 1,Sexual Orientation,,Threats,803660,396942.2,140983.75,38.93673468,-77.03526907,,,MPD,2024/02/16 21:02:52+00,8713,
-8576240.93616487,4709973.92112161,12120395,2100 block of 18th St NW,2012/08/25 04:00:00+00,1957,2012/08/25 04:00:00+00,2012,8,3D,Ward 1,Religion,Jewish,Simple Assault,813741,396385.37,138935.49,38.9182812,-77.04168083,,,MPD,2024/02/16 21:02:52+00,8714,
-8573419.68945323,4710150.65180575,12141860,200 block of W St NW,2012/10/07 04:00:00+00,0509,2012/10/07 04:00:00+00,2012,10,3D,Ward 1,Sexual Orientation,,ADW,809130,398583.24,139071.91,38.91951641,-77.01633715,,,MPD,2024/02/16 21:02:52+00,8715,
-8574143.8057123,4711134.41251187,12153835,2800 block of Georgia Ave NW,2012/10/31 04:00:00+00,2339,2012/10/31 04:00:00+00,2012,10,3D,Ward 1,Sexual Orientation,,Threats,812827,398019.33,139835.25,38.92639173,-77.022842,,,MPD,2024/02/16 21:02:52+00,8716,
-8573318.74868481,4713468.24267421,12178573,4200 block of 3rd St NW,2012/12/22 05:00:00+00,0235,2012/12/22 05:00:00+00,2012,12,4D,Ward 4,Sexual Orientation,,Simple Assault,800637,398662.31,141645.45,38.94269977,-77.01543038,,,MPD,2024/02/16 21:02:52+00,8717,
-8575028.14095494,4709790.62490088,13005426,1300 block of U St NW,2013/01/13 05:00:00+00,0214,2013/01/13 05:00:00+00,2013,1,3D,Ward 1,Sexual Orientation,,Simple Assault,804518,397330.13,138792.9,38.91700008,-77.03078611,,,MPD,2024/02/16 21:02:52+00,8718,
-8568529.66482256,4710094.16636083,13025678,2100 block of Queens Chapel Rd NE,2013/02/27 05:00:00+00,0020-0022,2013/02/27 05:00:00+00,2013,2,5D,Ward 5,Race,White,Threats,807162,402392.68,139028.32,38.91912162,-76.97240933,,,MPD,2024/02/16 21:02:52+00,8719,
-8576230.9289694,4708282.68092874,13034899,Connecticut Ave NW and Jefferson Pl NW,2013/03/17 04:00:00+00,2230,2013/03/17 04:00:00+00,2013,3,2D,Ward 2,Ethnicity/National Origin,Arab/Middle Eastern,Threats,903451,396392.56796261,137623.19938915,38.90645968,-77.04159094,,,MPD,2024/02/16 21:02:52+00,8720,
-8570287.15104825,4704388.50436439,13062765,1300 block of Potomac Ave SE,2013/05/11 04:00:00+00,1701-1711,2013/05/11 04:00:00+00,2013,5,1D,Ward 6,Race,White,Simple Assault,808578,401024.1279029,134600.00751434,38.87923245,-76.98819709,,,MPD,2024/02/16 21:02:52+00,8721,
-8572727.96618809,4707058.13846905,13079270,Unit block of Massachusetts Ave NW,2013/06/11 04:00:00+00,1433-1440,2013/06/11 04:00:00+00,2013,6,1D,Ward 6,Race,Black,Threats,800308,399121.84,136672.13,38.89789907,-77.0101233,,,MPD,2024/02/16 21:02:52+00,8722,
-8561846.48159678,4706671.65704517,13087517,400 block of Eastern Ave NE,2013/06/26 04:00:00+00,0345-0355,2013/06/26 04:00:00+00,2013,6,6D,Ward 7,Gender Identity/Expression,,Robbery,811714,407601.59,136375.78,38.89519701,-76.91237329,,,MPD,2024/02/16 21:02:52+00,8723,
-8574040.70934058,4708738.38208328,13096614,7th ST NW and P St NW,2013/07/12 04:00:00+00,0000,2013/07/12 04:00:00+00,2013,7,3D,Ward 2,Sexual Orientation,,Simple Assault,903151,398099.19001219,137976.21999747,38.90964515,-77.02191587,,,MPD,2024/02/16 21:02:52+00,8724,
-8568157.97300084,4701335.44950292,13113804,2500 block of Alabama Ave SE,2013/08/12 04:00:00+00,0025-0030,2013/08/12 04:00:00+00,2013,8,7D,Ward 8,Sexual Orientation,,Simple Assault,807964,402684.54,132229.99,38.85787887,-76.96907037,,,MPD,2024/02/16 21:02:52+00,8725,
-8562409.13744192,4705689.59503092,13139078,100 block of 58th St SE,2013/09/28 04:00:00+00,13-139078,2013/09/28 04:00:00+00,2013,9,6D,Ward 7,Sexual Orientation,,ADW,805811,407163.81,135613.14,38.88833055,-76.91742771,,,MPD,2024/02/16 21:02:52+00,8726,
-8575559.57711241,4707719.69271238,13161121,1500 block of K St NW,2013/11/07 05:00:00+00,1800-1045,2013/11/08 05:00:00+00,2013,11,2D,Ward 2,Religion,Jewish,Damage/Defacing/Destruction of Property,801818,396915.49,137186.09,38.90252403,-77.03556009,,,MPD,2024/02/16 21:02:52+00,8727,
-8572954.45522049,4709214.70294351,14016428,1700 block of 1st St NW,2014/02/03 05:00:00+00,0745-1600,2014/02/03 05:00:00+00,2014,2,3D,Ward 5,Race,Black,Damage/Defacing/Destruction of Property,808586,398945.57,138345.66,38.91297462,-77.01215788,,,MPD,2024/02/16 21:02:52+00,8728,
-8575559.57711241,4707719.69271238,14024547,1500 block of K St NW,2014/02/21 05:00:00+00,1155-1200,2014/02/21 05:00:00+00,2014,2,2D,Ward 2,Religion,Jewish,Damage/Defacing/Destruction of Property,801818,396915.49,137186.09,38.90252403,-77.03556009,,,MPD,2024/02/16 21:02:52+00,8729,
-8574080.70197922,4712749.0062491,14051376,700 block of Quincy St NW,2014/04/11 04:00:00+00,1200 - 1000,2014/04/12 04:00:00+00,2014,4,4D,Ward 4,Religion,Jewish,Damage/Defacing/Destruction of Property,805622,398068.79,141087.71,38.93767438,-77.02227513,,,MPD,2024/02/16 21:02:52+00,8730,
-8571041.84215288,4704537.69810282,14071624,700 block of 8TH St SE,2014/05/20 04:00:00+00,1618-1620,2014/05/20 04:00:00+00,2014,5,1D,Ward 6,Sexual Orientation,,Simple Assault,802233,400435.87,134715.77,38.88027577,-76.9949766,,,MPD,2024/02/16 21:02:52+00,8731,
-8569540.28216441,4706881.54401645,14087553,1600 block of F St NE,2014/06/16 04:00:00+00,2135-2140,2014/06/16 04:00:00+00,2014,6,5D,Ward 7,Gender Identity/Expression,,ADW,811639,401605.89,136535.19,38.89666444,-76.98148786,,,MPD,2024/02/16 21:02:52+00,8732,
-8576643.87701525,4708453.10529473,14104172,1300 block of New Hampshire Ave NW,2014/07/14 04:00:00+00,2049-2132,2014/07/14 04:00:00+00,2014,7,2D,Ward 2,Religion,Jewish,Threats,805753,396070.88,137755.6,38.90765101,-77.04530051,,,MPD,2024/02/16 21:02:52+00,8733,
-8575511.59207899,4707387.54526915,14107728,H St NW and Vermont Ave NW,2014/07/20 04:00:00+00,1900-1910,2014/07/20 04:00:00+00,2014,7,2D,Ward 2,Ethnicity/National Origin,Black/African,Simple Assault,900924,396952.78098713,136928.3122525,38.90020201,-77.03512903,,,MPD,2024/02/16 21:02:52+00,8734,
-8576015.21725312,4710886.08619544,14115986,1700 block of Columbia Rd NW,2014/08/03 04:00:00+00,1401,2014/08/03 04:00:00+00,2014,8,3D,Ward 1,Race,Black,Simple Assault,800952,396561.52,139643.1,38.92465629,-77.03965317,,,MPD,2024/02/16 21:02:52+00,8735,
-8563426.53012653,4707122.4058731,14152172,5100 block of Nannie Helen Burroughs Ave NE,2014/10/03 04:00:00+00,1320-1321,2014/10/03 04:00:00+00,2014,10,6D,Ward 7,Sexual Orientation,,Threats,806386,406370,136724.52,38.89834838,-76.9265671,,,MPD,2024/02/16 21:02:52+00,8736,
-8563181.47732273,4707635.39761212,14172353,900 block of Division Ave NE,2014/11/06 05:00:00+00,1820-1830,2014/11/03 05:00:00+00,2014,11,6D,Ward 7,Sexual Orientation,,ADW,801917,406560.62784404,137122.79007668,38.90193473,-76.92436576,,,MPD,2024/02/16 21:02:52+00,8737,
-8571246.34975899,4699617.20789244,15017703,2900 block of Martin Luther King Jr Ave SE,2015/02/05 05:00:00+00,0230-0250,2015/02/05 05:00:00+00,2015,2,7D,Ward 8,Gender Identity/Expression,,ADW,807300,400276.6,130895.18,38.84585837,-76.99681372,,,MPD,2024/02/16 21:02:52+00,8738,
-8570975.87881098,4705062.35201652,15041990,800 block of Pennsylvania Ave SE,2015/03/26 04:00:00+00,1058-1059,2015/03/26 04:00:00+00,2015,3,1D,Ward 6,Sexual Orientation,,Simple Assault,816905,400487.26,135123.04,38.88394459,-76.99438404,,,MPD,2024/02/16 21:02:52+00,8739,
-8571695.33188224,4715824.00735976,15074332,400 block of Riggs Rd NE,2015/05/21 04:00:00+00,2150-2155,2015/05/21 04:00:00+00,2015,5,4D,Ward 4,Race,White,ADW,812230,399926.59,143472.27,38.95915728,-77.00084699,,,MPD,2024/02/16 21:02:52+00,8740,
-8571030.28533688,4701965.73237234,15092667,1100 block of Howard Rd SE,2015/06/18 04:00:00+00,0200-0215,2015/06/20 04:00:00+00,2015,6,7D,Ward 8,Sexual Orientation,,Simple Assault,814120,400444.99,132718.96,38.8622877,-76.99487278,,,MPD,2024/02/16 21:02:52+00,8741,
-8576871.66409685,4706789.10474918,15109441,2100 block of E St NW,2015/07/18 04:00:00+00,1625-1629,2015/07/18 04:00:00+00,2015,7,2D,Ward 2,Religion,Muslim,Damage/Defacing/Destruction of Property,807732,395892.73,136464.35,38.89601815,-77.04734676,,,MPD,2024/02/16 21:02:52+00,8742,
-8569648.5237542,4707355.27740404,15134023,1500 block of Benning Rd NE,2015/08/27 04:00:00+00,1940-1952,2015/08/27 04:00:00+00,2015,8,5D,Ward 7,Gender Identity/Expression,,Threats,808183,401521.47,136902.83,38.89997642,-76.98246021,,,MPD,2024/02/16 21:02:52+00,8743,
-8569165.9092218,4705899.76737146,15145875,1800 block of East Capitol St NE,2015/09/15 04:00:00+00,1955-1958,2015/09/15 04:00:00+00,2015,9,1D,Ward 7,Race,White,Robbery,806255,401897.81,135773.26,38.88980011,-76.97812481,,,MPD,2024/02/16 21:02:52+00,8744,
-8573581.66998358,4710058.51693981,15162486,2100 block of 4th St NW,2015/10/13 04:00:00+00,0935-0951,2015/10/13 04:00:00+00,2015,10,3D,Ward 1,Gender Identity/Expression,,ADW,802661,398457.04,139000.45,38.91887246,-77.01779225,,,MPD,2024/02/16 21:02:52+00,8745,
-8574040.15383388,4706482.84795015,15176719,7th St NW and Indiana Ave NW,2015/11/05 05:00:00+00,1820-1828,2015/11/05 05:00:00+00,2015,11,1D,Ward 2,Ethnicity/National Origin,Arab/Middle Eastern,Simple Assault,902508,398099.20255619,136225.82089185,38.89387694,-77.02191088,,,MPD,2024/02/16 21:02:52+00,8746,
-8575862.38309037,4707468.01298438,15203495,800 block of Connecticut Ave NW,2015/12/19 05:00:00+00,0230-0230,2015/12/21 05:00:00+00,2015,12,2D,Ward 2,Ethnicity/National Origin,Latino/Hispanic,ADW,807838,396679.46,136990.87,38.90076456,-77.03828024,,,MPD,2024/02/16 21:02:52+00,8747,
-8574040.80383568,4708489.49378148,16014543,1300 block of 7th St NW,2016/01/29 05:00:00+00,0001,2016/01/29 05:00:00+00,2016,1,3D,Ward 2,Sexual Orientation,,Simple Assault,808571,398099.07,137783.09,38.90790537,-77.02191672,,,MPD,2024/02/16 21:02:52+00,8748,
-8572608.58736787,4708790.17513845,16039294,1500 block of North Capitol ST NW,2016/03/14 04:00:00+00,1800-1810,2016/03/14 04:00:00+00,2016,3,3D,Ward 5,Race,White,Threats,801852,399215,138016.22,38.91000719,-77.0090509,,,MPD,2024/02/16 21:02:52+00,8749,
-8561776.4306117,4706546.90727122,16051659,6200 block of Dix St NE,2016/04/04 04:00:00+00,1108-1120,2016/04/04 04:00:00+00,2016,4,6D,Ward 7,Gender Identity/Expression,,Simple Assault,803826,407656.27331706,136279.0115799,38.89432481,-76.91174401,,,MPD,2024/02/16 21:02:52+00,8750,
-8579926.02456254,4716452.21621181,16062591,5500 block of Conn Ave NW,2016/04/21 04:00:00+00,2239-2346,2016/04/21 04:00:00+00,2016,4,2D,Ward 3,Religion,Muslim,Simple Assault,802348,393518.68,143962.04,38.96354534,-77.07478453,,,MPD,2024/02/16 21:02:52+00,8751,
-8575157.8269849,4709870.02553931,16076125,2000 block of 14th St NW,2016/05/13 04:00:00+00,0456-0500,2016/05/13 04:00:00+00,2016,5,3D,Ward 1,Sexual Orientation,,Threats,804064,397229.12,138854.54,38.91755504,-77.0319511,,,MPD,2024/02/16 21:02:52+00,8752,
-8570828.16765628,4711290.32766177,17172974,900 block of Hamlin ST NE,2017/10/05 04:00:00+00,1918,2017/10/05 04:00:00+00,2017,10,5D,Ward 5,Sexual Orientation,,Threats,806006,400602.02,139955.98,38.92748133,-76.99305712,,,MPD,2024/02/16 21:02:52+00,8753,
-8570657.19476874,4698121.24431539,17175573,900 block of Varney ST SE,2017/10/10 04:00:00+00,0858,2017/10/10 04:00:00+00,2017,10,7D,Ward 8,Sexual Orientation,,Simple Assault,813751,400736.14543864,129733.28539782,38.83539124,-76.99152125,,,MPD,2024/02/16 21:02:52+00,8754,
-8571664.03041569,4697069.28877032,17184336,4200 block of 4th ST SE,2017/10/23 04:00:00+00,2228,2017/10/23 04:00:00+00,2017,10,7D,Ward 8,Sexual Orientation,,Threats,813557,399950.87,128916.09,38.82802987,-77.00056581,,,MPD,2024/02/16 21:02:52+00,8755,
-8577429.71260348,4707831.65717758,17189828,2400 block of Pennsylvania Ave NW,2017/10/31 04:00:00+00,1730,2017/11/01 04:00:00+00,2017,11,2D,Ward 2,Ethnicity/National Origin,Jewish,Damage/Defacing/Destruction of Property,811979,395458.32,137273.68,38.90330675,-77.05235979,,,MPD,2024/02/16 21:02:52+00,8756,
-8569887.22517869,4713592.67620857,17191903,4400 block of South Dakota Ave NE,2017/11/05 04:00:00+00,0100,2017/11/05 04:00:00+00,2017,11,4D,Ward 5,Ethnicity/National Origin,Black/African,ADW,806578,401334.65,141741.96,38.94356917,-76.98460449,,,MPD,2024/02/16 21:02:52+00,8757,
-8574040.63492209,4707407.51257753,17202404,800 block of 7th ST NW,2017/11/22 05:00:00+00,1840,2017/11/22 05:00:00+00,2017,11,1D,Ward 2,Ethnicity/National Origin,Jewish,Damage/Defacing/Destruction of Property,814889,398099,136943.45,38.9003416,-77.0219152,,,MPD,2024/02/16 21:02:52+00,8758,
-8575157.72457083,4708508.54481077,17204853,1300 block of 14th ST NW,2017/11/27 05:00:00+00,1354,2017/11/27 05:00:00+00,2017,11,2D,Ward 2,Race,White,Threats,802156,397228.83,137798.13,38.90803854,-77.03195018,,,MPD,2024/02/16 21:02:52+00,8759,
-8575157.72457083,4708508.54481077,17222665,1300 block of 14th ST NW,2017/12/04 05:00:00+00,0224,2017/12/28 05:00:00+00,2017,12,3D,Ward 2,Sexual Orientation,,Stalking,802156,397228.83,137798.13,38.90803854,-77.03195018,,,MPD,2024/02/16 21:02:52+00,8760,
-8574065.91234845,4704098.5593278,17222599,600 block of Water St SW,2017/12/22 05:00:00+00,2100,2017/12/28 05:00:00+00,2017,12,1D,Ward 6,Sexual Orientation,,Simple Assault,817087,398078.68,134375.09,38.8772048,-77.02214227,,,MPD,2024/02/16 21:02:52+00,8761,
-8574552.46148239,4707719.36649032,17222129,1000 block of K St NW,2017/12/27 05:00:00+00,1155,2017/12/27 05:00:00+00,2017,12,1D,Ward 2,Ethnicity/National Origin,Jewish,Damage/Defacing/Destruction of Property,801287,397700.24,137185.57,38.90252175,-77.02651301,,,MPD,2024/02/16 21:02:52+00,8762,
-8576455.35186071,4708778.76401154,18023621,1300 block of Connecticut Ave NW,2018/02/11 05:00:00+00,1634,2018/02/11 05:00:00+00,2018,2,2D,Ward 2,Sexual Orientation,,Threats,800193,396217.89,138008.23,38.90992743,-77.04360696,,,MPD,2024/02/16 21:02:52+00,8763,
-8579302.54237082,4708959.08396017,18031870,1600 block of 35th St NW,2018/02/25 05:00:00+00,1826,2018/02/25 05:00:00+00,2018,2,2D,Ward 2,Ethnicity/National Origin,Jewish,Damage/Defacing/Destruction of Property,809132,393999.68,138149.52,38.91118787,-77.0691837,,,MPD,2024/02/16 21:02:52+00,8764,
-8575646.43089097,4719335.83780035,18046627,7700 block of 16th ST NW,2018/03/23 04:00:00+00,1443,2018/03/23 04:00:00+00,2018,3,4D,Ward 4,Religion,Jewish,Threats,815302,396851.4,146195.6,38.98368404,-77.0363403,,,MPD,2024/02/16 21:02:52+00,8765,
-8570300.13941624,4704211.20076594,18054224,1000 block of 13th St SE,2018/04/03 04:00:00+00,1930,2018/04/05 04:00:00+00,2018,4,1D,Ward 6,Religion,Muslim,Threats,814329,401014.02156689,134462.36613821,38.87799254,-76.98831377,,,MPD,2024/02/16 21:02:52+00,8766,
-8575244.56297956,4712605.39625897,18060442,3600 block of 14th ST NW,2018/04/15 04:00:00+00,2302,2018/04/16 04:00:00+00,2018,4,4D,Ward 1,Ethnicity/National Origin,Latino/Hispanic,Robbery,805862,397162.31,140976.59,38.93667092,-77.03273026,,,MPD,2024/02/16 21:02:52+00,8767,
-8575785.26234402,4711554.29079563,18064958,3100 block of Mount Pleasant St NW,2018/04/23 04:00:00+00,1820,2018/04/23 04:00:00+00,2018,4,3D,Ward 1,Ethnicity/National Origin,Latino/Hispanic,Simple Assault,803492,396740.86,140161.4,38.92932598,-77.03758745,,,MPD,2024/02/16 21:02:52+00,8768,
-8574321.05532165,4711219.48104653,18081726,700 block of Harvard St NW,2018/05/20 04:00:00+00,0100,2018/05/21 04:00:00+00,2018,5,3D,Ward 1,Sexual Orientation,,Robbery,810066,397881.28,139901.28,38.92698623,-77.02443426,,,MPD,2024/02/16 21:02:52+00,8769,
-8573762.93423534,4707331.5768837,18091220,500 block of H St NW,2018/06/05 04:00:00+00,2307,2018/06/06 04:00:00+00,2018,6,1D,Ward 2,Race,Black,Threats,800244,398315.38,136884.47,38.89981073,-77.01942057,,,MPD,2024/02/16 21:02:52+00,8770,
-8575776.26541286,4708738.05968913,18096064,1600 block of P St NW,2018/06/13 04:00:00+00,1746,2018/06/13 04:00:00+00,2018,6,2D,Ward 2,Ethnicity/National Origin,Latino/Hispanic,Threats,806258,396746.97,137976.41,38.9096429,-77.03750663,,,MPD,2024/02/16 21:02:52+00,8771,
-8571427.64246305,4708208.86814786,18101001,1200 block of 6th St NE,2018/06/21 04:00:00+00,1206,2018/06/21 04:00:00+00,2018,6,5D,Ward 6,Ethnicity/National Origin,Latino/Hispanic,Threats,808452,400135.11,137565.1,38.90594369,-76.9984423,,,MPD,2024/02/16 21:02:52+00,8772,
-8576260.78624341,4710237.76180515,18105946,2300 block of 18th St NW,2018/06/29 04:00:00+00,0049,2018/06/29 04:00:00+00,2018,6,3D,Ward 1,Political Affiliation,,ADW,806244,396370,139140.2,38.92012523,-77.04185915,,,MPD,2024/02/16 21:02:52+00,8773,
-8575244.51833599,4711581.60925674,18108875,3100 block of 14th St NW,2018/07/03 04:00:00+00,2040,2018/07/03 04:00:00+00,2018,7,3D,Ward 1,Sexual Orientation,,Simple Assault,800897,397162.06,140182.43,38.92951689,-77.03272986,,,MPD,2024/02/16 21:02:52+00,8774,
-8573816.95108425,4707224.22971866,18111503,700 block of 6th St NW,2018/07/07 04:00:00+00,2334,2018/07/07 04:00:00+00,2018,7,1D,Ward 2,Race,Black,Simple Assault,813230,398273.27,136801.17,38.89906025,-77.01990581,,,MPD,2024/02/16 21:02:52+00,8775,
-8574269.00618995,4707179.84667801,18118973,700 block of 9th ST NW,2018/07/19 04:00:00+00,1625,2018/07/19 04:00:00+00,2018,7,1D,Ward 2,Ethnicity/National Origin,Black/African,Simple Assault,810762,397921,136766.81,38.89874996,-77.02396669,,,MPD,2024/02/16 21:02:52+00,8776,
-8575658.65087536,4712492.78163892,18136300,3600 block of 16th St NW,2018/08/08 04:00:00+00,0940,2018/08/16 04:00:00+00,2018,8,3D,Ward 1,Sexual Orientation,,Threats,804869,396839.77,140889.36,38.93588403,-77.03645008,,,MPD,2024/02/16 21:02:52+00,8777,
-8568726.44504838,4712935.68688705,18143313,4000 block of 22nd St NE,2018/08/27 04:00:00+00,1119,2018/08/27 04:00:00+00,2018,8,5D,Ward 5,Race,White,Simple Assault,802476,402238.76,141232.59,38.93897877,-76.97417703,,,MPD,2024/02/16 21:02:52+00,8778,
-8574669.02894853,4707719.44779415,18145283,1100 block of K St NW,2018/08/30 04:00:00+00,0818,2018/08/30 04:00:00+00,2018,8,2D,Ward 2,Ethnicity/National Origin,Black/African,Simple Assault,807343,397609.41,137185.66,38.90252232,-77.02756016,,,MPD,2024/02/16 21:02:52+00,8779,
-8576515.43184558,4708698.27995903,18151260,Unit block of Dupont Cir NW,2018/09/08 04:00:00+00,1706,2018/09/08 04:00:00+00,2018,9,2D,Ward 2,Homelessness,,ADW,810713,396171.05,137945.8,38.90936484,-77.04414667,,,MPD,2024/02/16 21:02:52+00,8780,
-8573555.9301948,4704821.73079863,18159012,500 block of 4th St SW,2018/09/20 04:00:00+00,1700,2018/09/20 04:00:00+00,2018,9,1D,Ward 6,Race,Black,Destruction of Property,807755,398476.31,134936.39,38.88226199,-77.01756103,,,MPD,2024/02/16 21:02:52+00,8781,
-8573487.0426795,4709383.51418396,18167341,400 block of Florida Ave NW,2018/09/29 04:00:00+00,0300,2018/10/03 04:00:00+00,2018,10,3D,Ward 1,Sexual Orientation,,Threats,807218,398530.66,138476.71,38.91415456,-77.0169422,,,MPD,2024/02/16 21:02:52+00,8782,
-8571664.89963878,4698698.20465423,18168685,3400 block of 4th St SE,2018/10/05 04:00:00+00,1518,2018/10/05 04:00:00+00,2018,10,7D,Ward 8,Sexual Orientation,,Threats,815806,399950.2,130181.4,38.83942837,-77.00057362,,,MPD,2024/02/16 21:02:52+00,8783,
-8580613.7526707,4708316.77679417,18170389,1400 block of Foxhall Rd NW,2018/10/08 04:00:00+00,1036,2018/10/08 04:00:00+00,2018,10,2D,Ward 3,Ethnicity/National Origin,Non-European,Damage/Defacing/Destruction of Property,813923,392977.66,137651.95,38.90669802,-77.0809625,,,MPD,2024/02/16 21:02:52+00,8784,
-8573815.97604565,4716864.1737339,18175461,6300 block of 5th St NW,2018/10/16 04:00:00+00,1245,2018/10/16 04:00:00+00,2018,10,4D,Ward 4,Sexual Orientation,,Simple Assault,800166,398275.66,144278.99,38.96642273,-77.01989705,,,MPD,2024/02/16 21:02:52+00,8785,
-8575371.40136754,4710992.9468414,18180039,1400 block of Girard St NW,2018/10/23 04:00:00+00,1850,2018/10/23 04:00:00+00,2018,10,3D,Ward 1,Gender Identity/Expression,,Threats,809472,397063.06,139725.8,38.9254031,-77.03386967,,,MPD,2024/02/16 21:02:52+00,8786,
-8579662.99767938,4712232.08410798,18183535,3300 block of Wisconsin Ave NW,2018/10/29 04:00:00+00,0130,2018/10/29 04:00:00+00,2018,10,2D,Ward 3,Political Affiliation,,Stalking,811570,393720.86,140689,38.93406237,-77.07242173,,,MPD,2024/02/16 21:02:52+00,8787,
-8582226.66076039,4711290.8373883,18189444,2900 block of Chain Bridge Rd NW,2018/11/07 05:00:00+00,1835,2018/11/07 05:00:00+00,2018,11,2D,Ward 3,Political Affiliation,,Deface Private/Public Property,812523,391723.36,139960.68,38.9274849,-77.0954515,,,MPD,2024/02/16 21:02:52+00,8788,
-8568353.65420707,4711734.25665473,18191948,3100 block of South Dakota Ave NE,2018/11/11 05:00:00+00,1627,2018/11/11 05:00:00+00,2018,11,5D,Ward 5,Sexual Orientation,,Simple Assault,800045,402529.39,140300.74,38.9305836,-76.9708282,,,MPD,2024/02/16 21:02:52+00,8789,
-8575787.60924235,4719404.05017945,18196690,1600 block of Jonquil St NW,2018/11/19 05:00:00+00,0282,2018/11/19 05:00:00+00,2018,11,4D,Ward 4,Religion,Jewish,Stalking,813007,396741.54,146248.52,38.98416035,-77.03760853,,,MPD,2024/02/16 21:02:52+00,8790,
-8575773.56429108,4709790.96365306,18208672,1600 block of U St NW,2018/12/09 05:00:00+00,0004,2018/12/09 05:00:00+00,2018,12,3D,Ward 1/Ward 2,Sexual Orientation,,Simple Assault,813327,396749.41,138793.38,38.91700245,-77.03748236,,,MPD,2024/10/08 19:02:28+00,8791,
-8577179.77926685,4708002.33419722,18214747,1100 block of 23rd St NW,2018/12/18 05:00:00+00,2136,2018/12/18 05:00:00+00,2018,12,2D,Ward 2,Race,Black,Damage/Defacing/Destruction of Property,812119,395653.14,137406.02,38.9044999,-77.0501146,,,MPD,2024/02/16 21:02:52+00,8792,
-8576062.73977638,4708738.42715556,19000642,1700 block of P St NW,2019/01/01 05:00:00+00,1700,2019/01/01 05:00:00+00,2019,1,2D,Ward 2,Ethnicity/National Origin,Latino/Hispanic,Threats,800859,396523.77,137976.79,38.90964547,-77.04008007,,,MPD,2024/02/16 21:02:52+00,8793,
-8566254.24479932,4706734.85199627,19019484,3700 block of Benning Rd NE,2019/02/03 05:00:00+00,0220,2019/02/03 05:00:00+00,2019,2,6D,Ward 7,Sexual Orientation,,Simple Assault,807542,404166.65868982,136422.27452403,38.89563884,-76.95196889,,,MPD,2024/02/16 21:02:52+00,8794,
-8575449.64608441,4708029.75035348,19033032,1100 block of 15th St NW,2019/02/14 05:00:00+00,1530,2019/02/26 05:00:00+00,2019,2,2D,Ward 2,Race,Black,Threats,806141,397001.24,137426.67,38.90469156,-77.03457256,,,MPD,2024/02/16 21:02:52+00,8795,
-8573207.03953054,4707390.87644754,19043928,200 block of H St NW,2019/03/08 05:00:00+00,0728,2019/03/15 04:00:00+00,2019,3,1D,Ward 6,Ethnicity/National Origin,Arab/Middle Eastern,Threats,813258,398748.56,136930.41,38.9002253,-77.01442689,,,MPD,2024/02/16 21:02:52+00,8796,
-8572539.11236021,4709213.89938516,19047353,1700 block of Lincoln Rd NE,2019/03/20 04:00:00+00,2152,2019/03/20 04:00:00+00,2019,3,5D,Ward 5,Sexual Orientation,,Threats,809951,399269.16,138345,38.912969,-77.0084268,,,MPD,2024/02/16 21:02:52+00,8797,
-8576515.43184558,4708698.27995903,19050983,Unit block of Dupont Cir NW,2019/03/26 04:00:00+00,1743,2019/03/26 04:00:00+00,2019,3,2D,Ward 2,Sexual Orientation,,Simple Assault,810713,396171.05,137945.8,38.90936484,-77.04414667,,,MPD,2024/02/16 21:02:52+00,8798,
-8564729.43786636,4707385.14088166,19055711,4400 block of Nannie Helen Burroughs Ave NE,2019/04/02 04:00:00+00,2102,2019/04/02 04:00:00+00,2019,4,6D,Ward 7,Sexual Orientation,,Threats,807260,405354.57,136927.67,38.9001852,-76.93827132,,,MPD,2024/02/16 21:02:52+00,8799,
-8570104.59008695,4709525.25874035,19058545,1300 block of New York Ave NE,2019/04/07 04:00:00+00,0500,2019/04/07 04:00:00+00,2019,4,5D,Ward 5,Ethnicity/National Origin,Latino/Hispanic,Robbery,807699,401165.84,138586.64,38.91514531,-76.98655712,,,MPD,2024/02/16 21:02:52+00,8800,
-8564729.43786636,4707385.14088166,19068350,4400 block of Nannie Helen Burroughs Ave NE,2019/04/22 04:00:00+00,1616,2019/04/24 04:00:00+00,2019,4,6D,Ward 7,Sexual Orientation,,Threats,807260,405354.57,136927.67,38.9001852,-76.93827132,,,MPD,2024/02/16 21:02:52+00,8801,
-8576382.17519247,4710576.33373234,19070560,1800 block of Columbia Rd NW,2019/04/24 04:00:00+00,0800,2019/04/25 04:00:00+00,2019,4,3D,Ward 1,Race,Black,Displaying Symbols,807751,396275.56,139402.92,38.9224915,-77.04294961,,,MPD,2024/02/16 21:02:52+00,8802,
-8574295.72492297,4713354.27387561,19224531,800 block of Upshur St NW,2019/12/12 05:00:00+00,1710,2019/12/17 05:00:00+00,2019,12,4D,Ward 4,Sexual Orientation,,Stalking,811863,397901.45,141557.22,38.94190348,-77.02420671,,,MPD,2024/02/16 21:02:52+00,8803,
-8580142.91026018,4714617.29096237,20001659,3900 block of Chesapeake St NW,2020/01/03 05:00:00+00,1418,2020/01/03 05:00:00+00,2020,1,2D,Ward 3,Race,Black,Damage/Defacing/Destruction of Property,807279,393348.63,142539.29,38.95072757,-77.07673285,,,MPD,2024/02/16 21:02:52+00,8804,
-8580568.8436906,4714566.59495276,20015126,4600 block of Wisconsin Ave NW,2020/01/25 05:00:00+00,1413,2020/01/25 05:00:00+00,2020,1,2D,Ward 3,Race,Black,Simple Assault,809308,393016.93,142500.26,38.9503734,-77.08055908,,,MPD,2024/02/16 21:02:52+00,8805,
-8575371.40136754,4710992.9468414,20022506,1400 block of Girard St NW,2020/02/06 05:00:00+00,1251,2020/02/06 05:00:00+00,2020,2,3D,Ward 1,Religion,Christian,Damage/Defacing/Destruction of Property,809472,397063.06,139725.8,38.9254031,-77.03386967,,,MPD,2024/02/16 21:02:52+00,8806,
-8578066.54285968,4712341.1205027,20036475,3400 block of Connecticut Ave NW,2020/02/29 05:00:00+00,0600,2020/02/29 05:00:00+00,2020,2,2D,Ward 3,Ethnicity/National Origin,Latino/Hispanic,Simple Assault,803643,394964.33,140772.69,38.93482428,-77.05808053,,,MPD,2024/02/16 21:02:52+00,8807,
-8574712.40790296,4716228.0499591,20048276,5900 block of Georgia Ave NW,2020/03/19 04:00:00+00,2039,2020/03/19 04:00:00+00,2020,3,4D,Ward 4,Gender Identity/Expression,,Simple Assault,816437,397577.63,143785.94,38.96197956,-77.02794983,,,MPD,2024/02/16 21:02:52+00,8808,
-8573708.17810442,4707406.72393677,20059517,800 block of 5th St NW,2020/04/15 04:00:00+00,2000,2020/04/15 04:00:00+00,2020,4,1D,Ward 6,Gender Identity/Expression,,Simple Assault,801612,398358.06,136942.78,38.90033609,-77.01892869,,,MPD,2024/02/16 21:02:52+00,8809,
-8573203.63577433,4709659.39676926,20072508,1900 block of 2nd ST NW,2020/05/15 04:00:00+00,1535,2020/05/15 04:00:00+00,2020,5,3D,Ward 1,Ethnicity/National Origin,Chinese,Threats,814469,398751.49,138690.73,38.91608287,-77.01439631,,,MPD,2024/02/16 21:02:52+00,8810,
-8572125.60987009,4697505.13206234,20090914,100 block of Atlantic St SE,2020/06/21 04:00:00+00,0215,2020/06/21 04:00:00+00,2020,6,7D,Ward 8,Gender Identity/Expression,,Simple Assault,810400,399590.84662157,129254.67464538,38.83107991,-77.00471225,,,MPD,2024/02/16 21:02:52+00,8811,
-8574962.4846849,4706715.89609151,20101213,1300 block of Pennsylvania Ave NW,2020/07/14 04:00:00+00,0930,2020/07/14 04:00:00+00,2020,7,1D,Ward 2,Race,White,Threats,800757,397380.49,136406.9,38.89550632,-77.03019631,,,MPD,2024/02/16 21:02:52+00,8812,
-8574552.52149907,4709790.15614948,20114944,1000 block of U St NW,2020/08/10 04:00:00+00,1252,2020/08/11 04:00:00+00,2020,8,3D,Ward 1,Race,Black,Threats,803345,397700.66,138792.42,38.91699681,-77.02651355,,,MPD,2024/02/16 21:02:52+00,8813,
-8574641.05553771,4717297.87669439,20120734,6500 block of Georgia Ave NW,2020/08/24 04:00:00+00,0101,2020/08/24 04:00:00+00,2020,8,4D,Ward 4,Gender Identity/Expression,,Simple Assault,803045,397633.43,144615.42,38.96945187,-77.02730886,,,MPD,2024/02/16 21:02:52+00,8814,
-8574376.29578327,4718720.70994919,20127520,800 block of Geranium St NW,2020/09/06 04:00:00+00,1554,2020/09/06 04:00:00+00,2020,9,4D,Ward 4,Race,White,Simple Assault,800205,397839.84,145718.43,38.97938857,-77.02493049,,,MPD,2024/02/16 21:02:52+00,8815,
-8576646.30239157,4708737.90818831,22083521,2000 block of P St NW,2022/06/12 04:00:00+00,1251,2022/06/12 04:00:00+00,2022,6,2D,Ward 2,Sexual Orientation,,Threats,813555,396069.1,137976.6,38.90964184,-77.0453223,,,MPD,2024/02/16 21:02:52+00,8816,
-8575555.57781055,4709586.33132579,22086499,1500 block of T St NW,2022/06/17 04:00:00+00,2226,2022/06/18 04:00:00+00,2022,6,3D,Ward 2,Sexual Orientation,,ADW,806334,396919.17,138634.54,38.91557218,-77.03552416,,,MPD,2024/02/16 21:02:52+00,8817,
-8572433.05725699,4708165.76853436,22094977,Unit block of M St NE,2022/07/03 04:00:00+00,2058,2022/07/03 04:00:00+00,2022,7,5D,Ward 6,Gender Identity/Expression,,Simple Assault,813086,399351.72,137531.68,38.9056424,-77.00747409,,,MPD,2024/02/16 21:02:52+00,8818,
-8569818.73415363,4708651.50510962,22105142,1200 block of Simms Pl NE,2022/07/22 04:00:00+00,2350,2022/07/23 04:00:00+00,2022,7,5D,Ward 5,Race,Black,Damage/Defacing/Destruction of Property,807795,401388.66,137908.7,38.90903787,-76.98398923,,,MPD,2024/02/16 21:02:52+00,8819,
-8570586.14721294,4707387.33226806,22113753,1100 block of H St NE,2022/08/08 04:00:00+00,1530,2022/08/08 04:00:00+00,2022,8,1D,Ward 6,Race,Asian,Threats,811771,400790.84,136927.6,38.90020052,-76.99088302,,,MPD,2024/02/16 21:02:52+00,8820,
-8573928.98170085,4707331.74621241,20139267,600 block of H St NW,2020/09/29 04:00:00+00,1714,2020/09/29 04:00:00+00,2020,9,1D,Ward 2,Race,White,Threats,807858,398185.99,136884.63,38.89981191,-77.0209122,,,MPD,2024/02/16 21:02:52+00,8821,
-8570086.12088747,4709082.10386197,20146671,1800 block of Kendall St NE,2020/10/03 04:00:00+00,1130,2020/10/13 04:00:00+00,2020,10,5D,Ward 5,Gender Identity/Expression,,ADW,813329,401180.28,138242.79,38.91204777,-76.98639121,,,MPD,2024/02/16 21:02:52+00,8822,
-8573983.15354892,4711523.82165738,20150825,600 block of Irving ST NW,2020/10/10 04:00:00+00,0251,2020/10/21 04:00:00+00,2020,10,4D,Ward 1,Sexual Orientation,,Damage/Defacing/Destruction of Property,803785,398144.54,140137.31,38.92911306,-77.02139883,,,MPD,2024/02/16 21:02:52+00,8823,
-8574598.63782946,4716331.29652462,20154832,900 block of Peabody St NW,2020/10/29 04:00:00+00,1223,2020/10/29 04:00:00+00,2020,10,4D,Ward 4,Race,Black,Simple Assault,802249,397666.23,143865.97,38.96270073,-77.02692782,,,MPD,2024/02/16 21:02:52+00,8824,
-8573123.23457624,4708737.7498052,20168473,100 block of P St NW,2020/11/25 05:00:00+00,1820,2020/11/25 05:00:00+00,2020,11,1D,Ward 5,Sexual Orientation,,Threats,813275,398814.02,137975.59,38.90964073,-77.01367405,,,MPD,2024/02/16 21:02:52+00,8825,
-8575157.60017813,4708004.4582356,20176565,1100 block of 14th St NW,2020/12/12 05:00:00+00,2030,2020/12/12 05:00:00+00,2020,12,2D,Ward 2,Race,Black,Simple Assault,811856,397228.79,137406.96,38.90451475,-77.03194907,,,MPD,2024/02/16 21:02:52+00,8826,
-8570282.78749099,4702555.03913531,20184289,1200 block of U St SE,2020/12/30 05:00:00+00,0446,2020/12/30 05:00:00+00,2020,12,7D,Ward 8,Gender Identity/Expression,,ADW,805680,401027.71366291,133176.58140102,38.86640965,-76.98815789,,,MPD,2024/02/16 21:02:52+00,8827,
-8576414.68712864,4711083.48285293,21007133,1800 block of Clydesdale Pl NW,2021/01/15 05:00:00+00,1400,2021/01/16 05:00:00+00,2021,1,3D,Ward 1,Race,Black,Threats,807119,396250.42,139796.38,38.92603581,-77.04324167,,,MPD,2024/02/16 21:02:52+00,8828,
-8576118.5262558,4707245.09850949,21018353,1700 block of Pennsylvania Ave NW,2021/02/10 05:00:00+00,1612,2021/02/10 05:00:00+00,2021,2,2D,Ward 2,Race,Black,Simple Assault,814006,396479.79,136817.96,38.89920615,-77.04058121,,,MPD,2024/02/16 21:02:52+00,8829,
-8573203.63577433,4709659.39676926,21035703,1900 block of 2nd ST NW,2021/03/20 04:00:00+00,1958,2021/03/20 04:00:00+00,2021,3,3D,Ward 1,Sexual Orientation,,ADW,814469,398751.49,138690.73,38.91608287,-77.01439631,,,MPD,2024/02/16 21:02:52+00,8830,
-8572534.78567368,4706958.71114337,21040622,Unit block of Massachusetts Ave NE,2021/03/29 04:00:00+00,1031,2021/03/31 04:00:00+00,2021,3,1D,Ward 6,Ethnicity/National Origin,Asian,Threats,800876,399272.37,136594.95,38.89720394,-77.00838793,,,MPD,2024/02/16 21:02:52+00,8831,
-8571954.47535023,4707892.34818826,21043895,200 block of L St NE,2021/04/06 04:00:00+00,2332,2021/04/07 04:00:00+00,2021,4,5D,Ward 6,Gender Identity/Expression,,ADW,809549,399724.61,137319.48,38.90373102,-77.00317492,,,MPD,2024/02/16 21:02:52+00,8832,
-8572783.13395565,4707388.31908929,21049761,Unit block of H St NW,2021/04/17 04:00:00+00,1510,2021/04/19 04:00:00+00,2021,4,1D,Ward 6,Ethnicity/National Origin,Asian,Simple Assault,804579,399078.88,136928.38,38.90020742,-77.01061888,,,MPD,2024/02/16 21:02:52+00,8833,
-8578066.54285968,4712341.1205027,21053269,3400 block of Connecticut Ave NW,2021/04/26 04:00:00+00,2142,2021/04/26 04:00:00+00,2021,4,2D,Ward 3,Ethnicity/National Origin,Ethiopian,Threats,803643,394964.33,140772.69,38.93482428,-77.05808053,,,MPD,2024/02/16 21:02:52+00,8834,
-8573928.98170085,4707331.74621241,21061601,600 block of H St NW,2021/05/12 04:00:00+00,1620,2021/05/12 04:00:00+00,2021,5,1D,Ward 2,Ethnicity/National Origin,Chinese,Threats,807858,398185.99,136884.63,38.89981191,-77.0209122,,,MPD,2024/02/16 21:02:52+00,8835,
-8574669.02894853,4707719.44779415,21071577,1100 block of K St NW,2021/05/31 04:00:00+00,0038,2021/05/31 04:00:00+00,2021,5,2D,Ward 2,Race,Black,Sex Abuse,807343,397609.41,137185.66,38.90252232,-77.02756016,,,MPD,2024/02/16 21:02:52+00,8836,
-8568124.93466183,4710865.24831336,21083987,2600 block of Evarts St NE,2021/06/22 04:00:00+00,1124,2021/06/22 04:00:00+00,2021,6,5D,Ward 5,Ethnicity/National Origin,Ethiopian,Threats,810016,402707.77,139626.65,38.92451066,-76.96877358,,,MPD,2024/02/16 21:02:52+00,8837,
-8574194.56528868,4711583.40237456,21093850,3100 block of Georgia Ave NW,2021/07/09 04:00:00+00,0225,2021/07/09 04:00:00+00,2021,7,4D,Ward 1,Gender Identity/Expression,,ADW,813003,397979.88,140183.57,38.92952942,-77.02329798,,,MPD,2024/02/16 21:02:52+00,8838,
-8571745.24931372,4703608.98943107,21102327,300 block of Water St SE,2021/07/23 04:00:00+00,2114,2021/07/23 04:00:00+00,2021,7,1D,Ward 8,Ethnicity/National Origin,Hispanic,Robbery,816283,399887.59,133994.79,38.873781,-77.00129541,,,MPD,2024/02/16 21:02:52+00,8839,
-8579828.16453631,4711104.79527718,21108885,3700 block of Fulton St NW,2021/08/07 04:00:00+00,2127,2021/08/07 04:00:00+00,2021,8,2D,Ward 3,Ethnicity/National Origin,Chinese,Simple Assault,814355,393591.51,139814.62,38.92618475,-77.07390545,,,MPD,2024/02/16 21:02:52+00,8840,
-8574381.26566541,4708394.05601729,21122345,900 block of N St NW,2021/08/28 04:00:00+00,1933,2021/08/28 04:00:00+00,2021,8,3D,Ward 2,Ethnicity/National Origin,Chinese,ADW,809016,397833.78,137709.1,38.90723823,-77.02497514,,,MPD,2024/02/16 21:02:52+00,8841,
-8575321.48209709,4707807.84611526,21125631,1000 block of Vermont Ave NW,2021/09/03 04:00:00+00,1557,2021/09/03 04:00:00+00,2021,9,2D,Ward 2,Sexual Orientation,,Simple Assault,807502,397101.04,137254.43,38.90314029,-77.03342124,,,MPD,2024/02/16 21:02:52+00,8842,
-8575243.7960249,4711751.98868208,21131993,3300 block of 14th St NW,2021/09/14 04:00:00+00,1920,2021/09/14 04:00:00+00,2021,9,3D,Ward 1,Ethnicity/National Origin,Hispanic,Simple Assault,811139,397162.67,140314.6,38.93070752,-77.03272337,,,MPD,2024/02/16 21:02:52+00,8843,
-8569039.57586026,4707214.832289,19151439,1800 block of Benning Rd NE,2019/08/26 04:00:00+00,1632,2019/08/26 04:00:00+00,2019,8,5D,Ward 5/Ward 7,Gender Identity/Expression,,Simple Assault,810828,401996.01,136793.94,38.89899455,-76.97698994,,,MPD,2024/10/08 19:11:48+00,8844,
-8572358.74523475,4714527.1757298,21148753,4800 block of Fort Totten Dr NE,2021/10/13 04:00:00+00,1335,2021/10/13 04:00:00+00,2021,10,4D,Ward 5,Sexual Orientation,,Simple Assault,815135,399409.99,142466.63,38.95009801,-77.00680653,,,MPD,2024/02/16 21:02:52+00,8845,
-8578008.52103464,4708109.0323909,21167545,2800 block of M St NW,2021/11/16 05:00:00+00,1356,2021/11/16 05:00:00+00,2021,11,2D,Ward 2,Race,Black,Simple Assault,809328,395007.45,137489.2,38.90524579,-77.05755932,,,MPD,2024/02/16 21:02:52+00,8846,
-8564042.57005806,4708630.29534647,21170206,4800 block of Quarles St NE,2021/11/21 05:00:00+00,0821,2021/11/21 05:00:00+00,2021,11,6D,Ward 7,Sexual Orientation,,Damage/Defacing/Destruction of Property,814462,405889.08,137894.31,38.90888961,-76.93210108,,,MPD,2024/02/16 21:02:52+00,8847,
-8574547.04262077,4718469.41627503,21188192,7200 block of Georgia Ave NW,2021/12/26 05:00:00+00,1754,2021/12/26 05:00:00+00,2021,12,4D,Ward 4,Sexual Orientation,,Simple Assault,806232,397706.88,145523.66,38.97763371,-77.02646433,,,MPD,2024/02/16 21:02:52+00,8848,
-8576912.76667241,4708737.19190964,22016383,2100 block of P ST NW,2022/02/04 05:00:00+00,1621,2022/02/04 05:00:00+00,2022,2,2D,Ward 2,Race,White,Threats,807038,395861.49,137976.15,38.90963684,-77.04771599,,,MPD,2024/02/16 21:02:52+00,8849,
-8569166.4821213,4705084.43437472,22035146,1900 block of D St SE,2022/02/25 05:00:00+00,1115,2022/03/13 05:00:00+00,2022,3,1D,Ward 7,Sexual Orientation,,Threats,800632,401897.51510371,135140.39340284,38.88409901,-76.97812995,,,MPD,2024/02/16 21:02:52+00,8850,
-8569183.22579467,4707386.19243112,22032355,1700 block of H St NE,2022/03/08 05:00:00+00,0123,2022/03/08 05:00:00+00,2022,3,5D,Ward 5,Homelessness,ADW,,808233,401884.04,136926.9,38.90019255,-76.97828036,,,MPD,2024/02/16 21:02:52+00,8851,
-8575158.10527198,4709637.33621781,22048361,1900 block of 14th St NW,2022/04/07 04:00:00+00,1828,2022/04/07 04:00:00+00,2022,4,3D,Ward 2,Sexual Orientation,,Simple Assault,810664,397228.84,138674,38.91592868,-77.0319536,,,MPD,2024/02/16 21:02:52+00,8852,
-8575158.05428236,4708791.61052775,22055215,1500 block of 14th St NW,2022/04/21 04:00:00+00,1102,2022/04/21 04:00:00+00,2022,4,3D,Ward 2,Sexual Orientation,,Damage/Defacing/Destruction of Property,804371,397228.65,138017.78,38.91001723,-77.03195314,,,MPD,2024/02/16 21:02:52+00,8853,
-8564840.45517959,4704638.55085962,22059295,4700 block of Alabama Ave SE,2022/04/28 04:00:00+00,2200,2022/04/29 04:00:00+00,2022,4,6D,Ward 7,Sexual Orientation,,Simple Assault,801998,405269.48,134795.8,38.88098103,-76.93926861,,,MPD,2024/02/16 21:02:52+00,8854,
-8573957.50009259,4715793.98205854,22066418,5700 block of 6th St NW,2022/05/12 04:00:00+00,0130,2022/05/12 04:00:00+00,2022,5,4D,Ward 4,"Race; Sexual Orientation",White,Sex Abuse,802778,398165.29,143449.2,38.95894755,-77.02116838,,,MPD,2024/02/16 21:02:52+00,8855,
-8573607.7956891,4710271.43853963,22070365,4th St NW and Bryant St NW,2022/05/19 04:00:00+00,1240,2022/05/19 04:00:00+00,2022,5,3D,Ward 1,Ethnicity/National Origin,Hispanic,Threats,904702,398436.7199965,139165.65001458,38.9203606,-77.01802694,,,MPD,2024/02/16 21:02:52+00,8856,
-8575036.09136187,4710567.40636285,19106665,1300 block of Clifton St NW,2019/06/19 04:00:00+00,0723,2019/06/19 04:00:00+00,2019,6,3D,Ward 1,Ethnicity/National Origin,Latino/Hispanic,Simple Assault,800059,397324.14,139395.57,38.92242911,-77.03085753,,,MPD,2024/02/16 21:02:52+00,8857,
-8571827.37627002,4704894.21654783,19113566,500 block of 3rd St SE,2019/06/29 04:00:00+00,1459,2019/06/29 04:00:00+00,2019,6,1D,Ward 6,Sex/Gender,Female,Threats,802007,399823.59266979,134992.5126987,38.88276887,-77.00203317,,,MPD,2024/02/16 21:02:52+00,8858,
-8563438.52625252,4705579.05401434,19117988,5100 block of A St SE,2019/07/06 04:00:00+00,0530,2019/07/06 04:00:00+00,2019,7,6D,Ward 7,Gender Identity/Expression,,Threats,804127,406361.61405186,135526.6535632,38.88755762,-76.92667487,,,MPD,2024/02/16 21:02:52+00,8859,
-8574097.88949616,4707483.26606702,19133744,700 block of I St NW,2019/07/30 04:00:00+00,1306,2019/07/30 04:00:00+00,2019,7,1D,Ward 2,Race,Black,Damage/Defacing/Destruction of Property,807248,398054.4,137002.25,38.90087119,-77.02242953,,,MPD,2024/02/16 21:02:52+00,8860,
-8566147.02777684,4707601.28512849,19152825,700 block of Anacostia Ave NE,2019/08/28 04:00:00+00,2113,2019/08/28 04:00:00+00,2019,8,6D,Ward 7,Ethnicity/National Origin,Latino/Hispanic,Threats,816725,404249.85,137094.74,38.90169626,-76.95100574,,,MPD,2024/02/16 21:02:52+00,8861,
-8574556.59252826,4719150.16511106,19166404,7600 block of Georgia Ave NW,2019/09/10 04:00:00+00,1500,2019/09/18 04:00:00+00,2019,9,4D,Ward 4,Gender Identity/Expression,,Simple Assault,801442,397699.6,146051.38,38.9823875,-77.02655012,,,MPD,2024/02/16 21:02:52+00,8862,
-8575244.83726564,4712330.82416064,19167294,3500 block of 14th St NW,2019/09/19 04:00:00+00,1643,2019/09/19 04:00:00+00,2019,9,4D,Ward 1,Sexual Orientation,,Threats,808700,397162.02,140763.61,38.93475233,-77.03273273,,,MPD,2024/02/16 21:02:52+00,8863,
-8571398.34182104,4697996.81190156,19170714,400 block of Valley Ave SE,2019/09/24 04:00:00+00,2200,2019/09/24 04:00:00+00,2019,9,7D,Ward 8,Gender Identity/Expression,,Threats,802090,400158.0979181,129636.59784573,38.83452053,-76.99817909,,,MPD,2024/02/16 21:02:52+00,8864,
-8580367.00088954,4714340.1783834,19180531,4500 block of 40th St NW,2019/10/09 04:00:00+00,0700,2019/10/09 04:00:00+00,2019,10,2D,Ward 3,Ethnicity/National Origin,Israeli,Damage/Defacing/Destruction of Property,805604,393173.95,142324.53,38.94879161,-77.07874589,,,MPD,2024/02/16 21:02:52+00,8865,
-8574612.08698007,4707939.04408627,19186919,1100 block of 11th St NW,2019/10/19 04:00:00+00,0318,2019/10/19 04:00:00+00,2019,10,3D,Ward 2,Race,Black,Threats,806268,397653.83,137356.06,38.90405746,-77.02704864,,,MPD,2024/02/16 21:02:52+00,8866,
-8569691.03016734,4700852.93351003,19190226,2400 block of 15th Pl SE,2019/10/24 04:00:00+00,0800,2019/10/24 04:00:00+00,2019,10,7D,Ward 8,Sexual Orientation,,ADW,804944,401489.29612734,131854.98322379,38.85450348,-76.98284205,,,MPD,2024/02/16 21:02:52+00,8867,
-8575346.34443527,4707048.21791709,19200686,600 block of 15th St NW,2019/11/08 05:00:00+00,2250,2019/11/09 05:00:00+00,2019,11,2D,Ward 2,Sexual Orientation,,ADW,803528,397081.45,136664.92,38.89782971,-77.03364458,,,MPD,2024/02/16 21:02:52+00,8868,
-8577164.50691127,4707719.9685326,23089165,2400 block of K St NW,2023/06/04 04:00:00+00,2105,2023/06/04 04:00:00+00,2023,6,2D,Ward 2,Ethnicity/National Origin,Asian,Simple Assault,805065,395664.92,137186.89,38.90252596,-77.04997741,,,MPD,2024/02/16 21:02:52+00,8869,
-8575884.94618455,4709215.54919653,23096294,1700 block of 17th St NW,2023/06/14 04:00:00+00,0500,2023/06/15 04:00:00+00,2023,6,5D,Ward 2,Race,Black,Threats,807237,396662.45,138346.95,38.91298053,-77.03848292,,,MPD,2024/02/16 21:02:52+00,8870,
-8573708.14487909,4707805.05049016,23104429,1000 block of 5th St NW,2023/06/28 04:00:00+00,2210,2023/06/29 04:00:00+00,2023,6,1D,Ward 6,Sexual Orientation,,Simple Assault,805009,398358.15,137251.9,38.90312075,-77.01892839,,,MPD,2024/02/16 21:02:52+00,8871,
-8571493.41189016,4714878.35242826,23113229,400 block of Galloway St NE,2023/07/12 04:00:00+00,1620,2023/07/13 04:00:00+00,2023,7,4D,Ward 5,Sexual Orientation,,Simple Assault,816602,400083.81,142738.95,38.95255134,-76.99903311,,,MPD,2024/02/16 21:02:52+00,8872,
-8562448.37443768,4707006.10479033,23125631,600 block of 58th St NE,2023/08/02 04:00:00+00,0949,2023/08/02 04:00:00+00,2023,8,6D,Ward 7,Gender Identity/Expression,,ADW,812045,407132.31,136634.91,38.89753528,-76.91778018,,,MPD,2024/02/16 21:02:52+00,8873,
-8574419.0178066,4709949.49803064,23128129,900 block of V St NW,2023/08/06 04:00:00+00,0333,2023/08/06 04:00:00+00,2023,8,3D,Ward 1,Personal Appearance,,Simple Assault,812112,397804.7,138916.02,38.9181105,-77.02531427,,,MPD,2024/02/16 21:02:52+00,8874,
-8574898.76810014,4708489.81757746,23150490,1300 block of 13th St NW,2023/09/12 04:00:00+00,0638,2023/09/12 04:00:00+00,2023,9,3D,Ward 2,Race,White,Threats,811736,397430.59,137783.53,38.90790764,-77.02962394,,,MPD,2024/02/16 21:02:52+00,8875,
-8572931.79555609,4707011.68866988,23157893,600 block of New Jersey Ave NW,2023/09/24 04:00:00+00,1855,2023/09/24 04:00:00+00,2023,9,1D,Ward 6,Ethnicity/National Origin,Jewish,Displaying Symbols,808425,398963,136636.1,38.89757432,-77.01195433,,,MPD,2024/02/16 21:02:52+00,8876,
-8577323.75563646,4708111.17072462,23168279,24th St NW and M St NW,2023/10/12 04:00:00+00,0803,2023/10/12 04:00:00+00,2023,10,2D,Ward 2,Religion,Muslim,Simple Assault,903002,395541.00348182,137490.54092502,38.90526073,-77.05140797,,,MPD,2024/02/16 21:02:52+00,8877,
-8578306.74163738,4708570.36503494,23174653,3000 block of O St NW,2023/10/22 04:00:00+00,1800,2023/10/23 04:00:00+00,2023,10,2D,Ward 2,Ethnicity/National Origin,Middle Eastern,Simple Assault,814534,394775.32,137847.34,38.90847069,-77.06023828,,,MPD,2024/02/16 21:02:52+00,8878,
-8574266.39622749,4709899.89290573,23180034,9th St NW and V St NW,2023/10/28 04:00:00+00,0100,2023/11/02 04:00:00+00,2023,11,3D,Ward 1,Sexual Orientation,,Simple Assault,904118,397923.58745203,138877.50070231,38.9177638,-77.02394325,,,MPD,2024/02/16 21:02:52+00,8879,
-8571660.80032816,4703688.10456796,23184432,1300 block of 4th St SE,2023/11/08 05:00:00+00,1915,2023/11/09 05:00:00+00,2023,11,1D,Ward 8,Religion,Jewish,Theft,816282,399953.42,134056.21,38.8743343,-77.00053679,,,MPD,2024/02/16 21:02:52+00,8880,
-8576697.14074037,4707297.91154401,23187443,2000 block of H St NW,2023/11/15 05:00:00+00,1240,2023/11/15 05:00:00+00,2023,11,2D,Ward 2,Ethnicity/National Origin,Israeli,Damage/Defacing/Destruction of Property,808258,396028.93,136859.16,38.89957537,-77.04577899,,,MPD,2024/02/16 21:02:52+00,8881,
-8578012.93949765,4708339.31312164,23204617,2800 block of N St NW,2023/12/17 05:00:00+00,0915,2023/12/17 05:00:00+00,2023,12,2D,Ward 2,Ethnicity/National Origin,Jewish,Simple Assault,814757,395004.12,137667.9,38.90685556,-77.05759901,,,MPD,2024/02/16 21:02:52+00,8882,
-8566253.9116562,4706118.4975093,22119894,3700 block of Minnesota Ave NE,2022/08/20 04:00:00+00,1447,2022/08/20 04:00:00+00,2022,8,6D,Ward 7,Gender Identity/Expression,,ADW,801740,404167.17,135943.9,38.89132947,-76.9519659,,,MPD,2024/02/16 21:02:52+00,8883,
,,21112525,5100 block of Clay Ter NE,2021/08/10 04:00:00+00,2042,2021/08/10 04:00:00+00,2021,8,6D,,Sexual Orientation,,ADW,,,,,,MPD,2024/01/29 20:09:59+00,MPD,2024/02/16 21:02:52+00,8884,
-8574898.70329182,4707971.67295931,22135136,1100 block of 13th St NW,2022/09/17 04:00:00+00,2347,2022/09/18 04:00:00+00,2022,9,2D,Ward 2,Ethnicity/National Origin,Hispanic,Simple Assault,813789,397430.51,137381.45,38.90428556,-77.02962336,,,MPD,2024/02/16 21:02:52+00,8885,
-8568529.66482256,4710094.16636083,22153156,2100 block of Queens Chapel Rd NE,2022/10/21 04:00:00+00,2000,2022/10/21 04:00:00+00,2022,10,5D,Ward 5,Ethnicity/National Origin,Chinese,Threats,807162,402392.68,139028.32,38.91912162,-76.97240933,,,MPD,2024/02/16 21:02:52+00,8886,
-8574097.24011885,4707137.0598961,22167014,700 block of G St NW,2022/11/16 05:00:00+00,1027,2022/11/16 05:00:00+00,2022,11,1D,Ward 2,Ethnicity/National Origin,Mexican,Simple Assault,813012,398054.84,136733.57,38.89845083,-77.02242369,,,MPD,2024/02/16 21:02:52+00,8887,
-8574038.35559715,4709792.09745416,22172575,2000 block of Georgia Ave NW,2022/11/27 05:00:00+00,0753,2022/11/27 05:00:00+00,2022,11,3D,Ward 1,Sexual Orientation,,Threats,814110,398101.22,138793.82,38.91701037,-77.02189472,,,MPD,2024/02/16 21:02:52+00,8888,
-8577561.27989999,4707890.599086,22176996,2500 block of Pennsylvania Ave NW,2022/12/03 05:00:00+00,1900,2022/12/09 05:00:00+00,2022,12,2D,Ward 2,Sexual Orientation,,Simple Assault,800844,395355.83,137319.48,38.9037188,-77.05354168,,,MPD,2024/02/16 21:02:52+00,8889,
-8574317.08355399,4712648.07696628,22187116,3700 block of Georgia Ave NW,2022/12/24 05:00:00+00,2250,2022/12/25 05:00:00+00,2022,12,4D,Ward 4,Ethnicity/National Origin,Hispanic,Simple Assault,809816,397884.67,141009.47,38.93696915,-77.02439858,,,MPD,2024/02/16 21:02:52+00,8890,
-8573708.19376071,4707047.62216465,23006550,600 block of 5th St NW,2023/01/12 05:00:00+00,1030,2023/01/12 05:00:00+00,2023,1,1D,Ward 2/Ward 6,Race,White,Simple Assault,811784,398357.99,136664.09,38.89782555,-77.01892883,,,MPD,2024/10/08 19:09:17+00,8891,
-8570521.91061817,4710242.30885895,23023188,1000 block of Brentwood Rd NE,2023/02/11 05:00:00+00,2030,2023/02/11 05:00:00+00,2023,2,5D,Ward 5,Ethnicity/National Origin,Hispanic,Threats,814870,400840.66,139142.94,38.92015701,-76.99030597,,,MPD,2024/02/16 21:02:52+00,8892,
-8575371.40136754,4710992.9468414,23035518,1400 block of Girard St NW,2023/03/06 05:00:00+00,1337,2023/03/06 05:00:00+00,2023,3,3D,Ward 1,Gender Identity/Expression,,Threats,809472,397063.06,139725.8,38.9254031,-77.03386967,,,MPD,2024/02/16 21:02:52+00,8893,
-8572893.83188599,4715686.6339977,23044390,5600 block of 1st St NW,2023/03/22 04:00:00+00,1252,2023/03/22 04:00:00+00,2023,3,4D,Ward 4,Gender Identity/Expression,,Threats,811762,398993.44,143365.81,38.95819769,-77.01161329,,,MPD,2024/02/16 21:02:52+00,8894,
-8572846.54945921,4706708.58252595,23054823,400 block of New Jersey Ave NW,2023/04/09 04:00:00+00,0024,2023/04/09 04:00:00+00,2023,4,1D,Ward 6,Race,Black,Simple Assault,800098,399029.4,136400.85,38.89545518,-77.01118855,,,MPD,2024/02/16 21:02:52+00,8895,
-8575215.55806099,4711228.41768006,23083162,2900 block of 14th St NW,2023/05/22 04:00:00+00,1743,2023/05/26 04:00:00+00,2023,5,3D,Ward 1,Sexual Orientation,,Damage/Defacing/Destruction of Property,815306,397184.52,139908.43,38.92704868,-77.03246971,,,MPD,2024/02/16 21:02:52+00,8896,
-8578991.0725583,4711937.53784993,16122110,3100 block of 34th St NW,2016/07/23 04:00:00+00,1005-1010,2016/07/23 04:00:00+00,2016,7,2D,Ward 3,Ethnicity/National Origin,Unspecified,Threats,809724,394244.03,140460.12,38.93200413,-77.06638572,,,MPD,2024/02/16 21:02:52+00,8897,
-8573928.98170085,4707331.74621241,16141375,600 block of H St NW,2016/08/23 04:00:00+00,0012-0013,2016/08/23 04:00:00+00,2016,8,1D,Ward 2,Religion,Jewish,Damage/Defacing/Destruction of Property,807858,398185.99,136884.63,38.89981191,-77.0209122,,,MPD,2024/02/16 21:02:52+00,8898,
-8574610.56730529,4707225.08140621,16163918,700 block of 11th St NW,2016/09/26 04:00:00+00,1853-1857,2016/09/26 04:00:00+00,2016,9,2D,Ward 2,Sexual Orientation,,Threats,812220,397654.85,136801.99,38.8990662,-77.02703499,,,MPD,2024/02/16 21:02:52+00,8899,
-8574155.01826738,4709667.70770557,16175772,1900 block of 8th St NW,2016/10/16 04:00:00+00,0306-0352,2016/10/16 04:00:00+00,2016,10,3D,Ward 1,Sexual Orientation,,Simple Assault,810694,398010.31,138697.33,38.91614096,-77.02294272,,,MPD,2024/02/16 21:02:52+00,8900,
-8575483.41288643,4719268.30313003,17157715,1400 block of Juniper St NW,2016/11/15 05:00:00+00,0000,2017/09/11 04:00:00+00,2017,9,4D,Ward 4,Religion,Jewish,Displaying Symbols,801929,396978.26,146143.2,38.98321245,-77.03487589,,,MPD,2024/02/16 21:02:52+00,8901,
-8573928.98170085,4707331.74621241,16213049,600 block of H St NW,2016/12/17 05:00:00+00,2015,2016/12/17 05:00:00+00,2016,12,1D,Ward 2,Gender Identity/Expression,,Simple Assault,807858,398185.99,136884.63,38.89981191,-77.0209122,,,MPD,2024/02/16 21:02:52+00,8902,
-8568614.29528572,4710711.82244859,17011454,2200 block of Douglas St NE,2017/01/21 05:00:00+00,0253,2017/01/21 05:00:00+00,2017,1,5D,Ward 5,Political Affiliation,,Damage/Defacing/Destruction of Property,811201,402326.61,139507.5,38.92343841,-76.97316958,,,MPD,2024/02/16 21:02:52+00,8903,
-8576643.87701525,4708453.10529473,17038173,1300 block of New Hampshire Ave NW,2017/02/17 05:00:00+00,2200,2017/03/08 05:00:00+00,2017,3,2D,Ward 2,Ethnicity/National Origin,Latino/Hispanic,Simple Assault,805753,396070.88,137755.6,38.90765101,-77.04530051,,,MPD,2024/02/16 21:02:52+00,8904,
-8575158.07062968,4709427.52863007,12006716,1800 block of 14th St NW,2012/01/14 05:00:00+00,0240-0250,2012/01/14 05:00:00+00,2012,1,3D,Ward 2,Sexual Orientation,,Simple Assault,810471,397228.81,138511.21,38.91446221,-77.03195329,,,MPD,2024/02/16 21:02:52+00,8905,
-8575558.62122641,4708166.89736292,12025144,1500 block of M St NW,2012/02/21 05:00:00+00,1010,2012/02/21 05:00:00+00,2012,2,2D,Ward 2,Ethnicity/National Origin,Asian,Threats,803647,396916.37,137533.13,38.90565029,-77.0355515,,,MPD,2024/02/16 21:02:52+00,8906,
-8568569.97416418,4699588.79410672,12038136,3400 block of 22nd St SE,2012/03/17 04:00:00+00,2100-2115,2012/03/19 04:00:00+00,2012,3,7D,Ward 8,Gender Identity/Expression,,Damage/Defacing/Destruction of Property,804241,402363.71,130873.46,38.84565958,-76.97277144,,,MPD,2024/02/16 21:02:52+00,8907,
-8567908.31196575,4711722.32162315,12052005,3100 block of Central Ave NE,2012/04/17 04:00:00+00,0550-0559,2012/04/17 04:00:00+00,2012,4,5D,Ward 5,Sexual Orientation,,Robbery,815134,402876.27,140291.6,38.9305002,-76.96682762,,,MPD,2024/02/16 21:02:52+00,8908,
-8574266.57109603,4709844.5222668,12075322,2000 block of 9th St NW,2012/06/01 04:00:00+00,0230,2012/06/01 04:00:00+00,2012,6,3D,Ward 1,Race,Unspecified,Simple Assault,805059,397923.44,138834.54,38.91737679,-77.02394482,,,MPD,2024/02/16 21:02:52+00,8909,
-8574334.92835163,4708950.08508523,12079020,900 block of Q St NW,2012/06/08 04:00:00+00,0121-0130,2012/06/08 04:00:00+00,2012,6,3D,Ward 2,Sexual Orientation,,ADW,803854,397870,138140.55,38.91112497,-77.02455888,,,MPD,2024/02/16 21:02:52+00,8910,
-8574143.8057123,4711134.41251187,12089479,2800 block of Georgia Ave NW,2012/06/27 04:00:00+00,1843-1845,2012/06/27 04:00:00+00,2012,6,3D,Ward 1,Gender Identity/Expression,,ADW,812827,398019.33,139835.25,38.92639173,-77.022842,,,MPD,2024/02/16 21:02:52+00,8911,
-8575253.06409872,4707229.84367512,22118443,1400 block of New York Ave NW,2022/08/17 04:00:00+00,1914,2022/08/17 04:00:00+00,2022,8,2D,Ward 2,Ethnicity/National Origin,Chinese,Simple Assault,800698,397154.19,136805.85,38.8990995,-77.03280663,,,MPD,2024/02/16 21:02:52+00,8912,
-8575345.59699314,4707634.05706626,22118611,900 block of 15th St NW,2022/08/18 04:00:00+00,0309,2022/08/18 04:00:00+00,2022,8,2D,Ward 2,Ethnicity/National Origin,Chinese,ADW,800554,397082.2,137119.57,38.90192536,-77.03363787,,,MPD,2024/02/16 21:02:52+00,8913,
-8575992.58428303,4707634.94382294,22118656,900 block of 17th St NW,2022/08/18 04:00:00+00,0845,2022/08/18 04:00:00+00,2022,8,2D,Ward 2,Ethnicity/National Origin,African,ADW,803806,396578.06,137120.46,38.90193156,-77.03944985,,,MPD,2024/02/16 21:02:52+00,8914,
-8571825.49792711,4715566.61486451,22120884,300 block of Riggs Rd NE,2022/08/22 04:00:00+00,1205,2022/08/22 04:00:00+00,2022,8,4D,Ward 4,Race,White,Threats,816954,399825.24,143272.68,38.95735931,-77.00201629,,,MPD,2024/02/16 21:02:52+00,8915,
-8574466.10387368,4717273.17656912,22126709,6500 block of Piney Branch Rd NW,2022/09/02 04:00:00+00,0939,2022/09/02 04:00:00+00,2022,9,4D,Ward 4,Ethnicity/National Origin,Mexican,Threats,800329,397769.62,144596.23,38.96927936,-77.02573725,,,MPD,2024/02/16 21:02:52+00,8916,
-8569367.71147791,4707579.90641469,22133268,1600 block of Maryland Ave NE,2022/09/14 04:00:00+00,1602,2022/09/14 04:00:00+00,2022,9,5D,Ward 5,Gender Identity/Expression,,Simple Assault,809645,401740.25,137077.2,38.9015468,-76.97993763,,,MPD,2024/02/16 21:02:52+00,8917,
-8570905.92113098,4710446.58560262,22133311,2300 block of Washington Pl NE,2022/09/14 04:00:00+00,1613,2022/09/14 04:00:00+00,2022,9,5D,Ward 5,Sexual Orientation,,Threats,815797,400541.5,139301.4,38.92158471,-76.99375559,,,MPD,2024/02/16 21:02:52+00,8918,
-8571745.24931372,4703608.98943107,22133514,300 block of Water St SE,2022/09/15 04:00:00+00,0145,2022/09/15 04:00:00+00,2022,9,1D,Ward 8,Ethnicity/National Origin,Chinese,Simple Assault,816283,399887.59,133994.79,38.873781,-77.00129541,,,MPD,2024/02/16 21:02:52+00,8919,
-8576599.59644204,4708030.85847932,22144344,1100 block of 20th St NW,2022/10/02 04:00:00+00,1559,2022/10/05 04:00:00+00,2022,10,2D,Ward 2,Race,Black,Threats,802734,396105.22,137427.92,38.9046993,-77.04490273,,,MPD,2024/02/16 21:02:52+00,8920,
-8577254.10838061,4707298.31155957,22145355,2300 block of H St NW,2022/10/07 04:00:00+00,0906,2022/10/07 04:00:00+00,2022,10,2D,Ward 2,Ethnicity/National Origin,Jewish,Damage/Defacing/Destruction of Property,814517,395594.92,136859.7,38.89957817,-77.05078231,,,MPD,2024/02/16 21:02:52+00,8921,
-8571827.18994631,4709636.43810032,22149084,1900 block of 3rd St NE,2022/10/14 04:00:00+00,1050,2022/10/14 04:00:00+00,2022,10,5D,Ward 5,Race,White,Simple Assault,806067,399823.82,138672.82,38.9159224,-77.00203149,,,MPD,2024/02/16 21:02:52+00,8922,
-8567896.29085837,4703979.08043546,22150817,2900 block of Nelson Pl SE,2022/10/17 04:00:00+00,1527,2022/10/17 04:00:00+00,2022,10,6D,Ward 7,Sexual Orientation,,ADW,801880,402887.82364863,134282.62981805,38.87636924,-76.96671964,,,MPD,2024/02/16 21:02:52+00,8923,
-8575157.9001331,4708680.79321457,22152148,1400 block of 14th St NW,2022/10/19 04:00:00+00,2334,2022/10/19 04:00:00+00,2022,10,2D,Ward 2,Sexual Orientation,,Simple Assault,811823,397228.74,137931.79,38.9092426,-77.03195176,,,MPD,2024/02/16 21:02:52+00,8924,
-8571589.2368251,4697584.29722285,22155175,400 block of Condon Ter SE,2022/10/25 04:00:00+00,1509,2022/10/25 04:00:00+00,2022,10,7D,Ward 8,Sexual Orientation,,Threats,809255,400009.21,129316.16,38.83163389,-76.99989393,,,MPD,2024/02/16 21:02:52+00,8925,
-8569611.26884184,4707883.67977175,22160892,1000 block of 16th St NE,2022/11/04 04:00:00+00,2050,2022/11/04 04:00:00+00,2022,11,5D,Ward 5,Ethnicity/National Origin,Hispanic,Threats,808190,401550.42,137312.9,38.90367042,-76.98212554,,,MPD,2024/02/16 21:02:52+00,8926,
-8574670.66345945,4706625.96375801,22160945,1100 block of Pennsylvania Ave NW,2022/11/04 04:00:00+00,2259,2022/11/04 04:00:00+00,2022,11,2D,Ward 2,Race,Black,Simple Assault,812493,397607.88,136337.03,38.89487755,-77.02757484,,,MPD,2024/02/16 21:02:52+00,8927,
-8575496.22237841,4708471.47334916,22161237,1500 block of Rhode Island Ave NW,2022/11/05 04:00:00+00,1349,2022/11/05 04:00:00+00,2022,11,2D,Ward 2,Sexual Orientation,,Simple Assault,804576,396965.08,137769.46,38.9077794,-77.03499096,,,MPD,2024/02/16 21:02:52+00,8928,
-8577808.73642727,4712629.79060815,22162040,2800 block of Quebec St NW,2022/11/06 04:00:00+00,2001,2022/11/06 04:00:00+00,2022,11,2D,Ward 3,Sexual Orientation,,Sex Abuse,814430,395165.26,140996.48,38.93684138,-77.05576462,,,MPD,2024/02/16 21:02:52+00,8929,
-8574552.49056839,4709949.45998118,22162713,1000 block of V St NW,2022/11/07 05:00:00+00,1700,2022/11/08 05:00:00+00,2022,11,3D,Ward 1,Ethnicity/National Origin,Jewish,Displaying Symbols,807792,397700.72,138916.02,38.91811024,-77.02651327,,,MPD,2024/02/16 21:02:52+00,8930,
-8579873.26565944,4709159.5390759,22169630,3800 block of Reservoir Rd NW,2022/11/21 05:00:00+00,1003,2022/11/21 05:00:00+00,2022,11,2D,Ward 2,Ethnicity/National Origin,Jewish,Displaying Symbols,816538,393555.15,138305.41,38.91258904,-77.0743106,,,MPD,2024/02/16 21:02:52+00,8931,
-8580041.5168678,4713650.37716331,19140327,3800 block of Veazey St NW,2019/08/09 04:00:00+00,1333,2019/08/09 04:00:00+00,2019,8,2D,Ward 3,Ethnicity/National Origin,Latino/Hispanic,Simple Assault,808194,393426.96,141789.33,38.94397231,-77.07582202,,,MPD,2024/02/16 21:02:52+00,8932,
-8572564.99560035,4703992.58103817,19143233,Unit block of M St SE,2019/08/13 04:00:00+00,2310,2019/08/13 04:00:00+00,2019,8,1D,Ward 6/Ward 8,Race,Black,Simple Assault,813137,399248.61,134292.62,38.87646366,-77.00865931,,,MPD,2024/10/08 19:10:36+00,8933,
-8572955.41292088,4708210.73770003,19147863,1200 block of 1st St NW,2019/08/20 04:00:00+00,2045,2019/08/21 04:00:00+00,2019,8,3D,Ward 6,Religion,Muslim,Simple Assault,814506,398944.72,137566.62,38.90595676,-77.01216649,,,MPD,2024/02/16 21:02:52+00,8934,
-8572954.85304013,4709020.69121159,19149693,1600 block of 1st St NW,2019/08/23 04:00:00+00,2056,2019/08/23 04:00:00+00,2019,8,3D,Ward 5,Religion,Muslim,Threats,808389,398945.24,138195.12,38.9116185,-77.01216146,,,MPD,2024/02/16 21:02:52+00,8935,
-8574550.13836531,4718867.98990363,19150338,7400 block of Georgia Ave NW,2019/08/24 04:00:00+00,2143,2019/08/24 04:00:00+00,2019,8,4D,Ward 4,Gender Identity/Expression,,Simple Assault,810166,397704.56,145832.64,38.98041706,-77.02649214,,,MPD,2024/02/16 21:02:52+00,8936,
-8574381.26903732,4706805.31234576,19149999,900 block of E St NW,2019/08/24 04:00:00+00,1105,2019/08/24 04:00:00+00,2019,8,2D,Ward 2,Sexual Orientation,,Simple Assault,810366,397833.44,136476.16,38.89613147,-77.02497517,,,MPD,2024/02/16 21:02:52+00,8937,
-8576015.21725312,4710886.08619544,19150595,1700 block of Columbia Rd NW,2019/08/25 04:00:00+00,0705,2019/08/25 04:00:00+00,2019,8,3D,Ward 1,Sexual Orientation,,Simple Assault,800952,396561.52,139643.1,38.92465629,-77.03965317,,,MPD,2024/02/16 21:02:52+00,8938,
-8563788.79561965,4705042.88366143,19150564,5000 block of D St SE,2019/08/25 04:00:00+00,0423,2019/08/25 04:00:00+00,2019,8,6D,Ward 7,Sexual Orientation,,Simple Assault,805866,406088.9449636,135110.25308281,38.88380845,-76.92982139,,,MPD,2024/02/16 21:02:52+00,8939,
-8573482.63916715,4715295.4794438,19150975,300 block of Jefferson St NW,2019/08/25 04:00:00+00,2030,2019/08/25 04:00:00+00,2019,8,4D,Ward 4,Race,Black,Threats,811125,398534.94,143062.56,38.95546529,-77.01690264,,,MPD,2024/02/16 21:02:52+00,8940,
-8573564.13586759,4704193.19348738,19152034,1100 block of 4th ST SW,2019/08/27 04:00:00+00,1621,2019/08/27 04:00:00+00,2019,8,1D,Ward 6,Sexual Orientation,,ADW,815976,398469.82,134448.47,38.87786661,-77.01763474,,,MPD,2024/02/16 21:02:52+00,8941,
-8571096.14477389,4701460.11556762,19153216,2600 block of Martin Luther King Jr Ave SE,2019/08/29 04:00:00+00,1514,2019/08/29 04:00:00+00,2019,8,7D,Ward 8,Gender Identity/Expression,,Damage/Defacing/Destruction of Property,806491,400393.66249432,132326.35020023,38.85875093,-76.99546441,,,MPD,2024/02/16 21:02:52+00,8942,
-8570104.59008695,4709525.25874035,19153278,1300 block of New York Ave NE,2019/08/29 04:00:00+00,1518,2019/08/29 04:00:00+00,2019,8,5D,Ward 5,Sexual Orientation,,Threats,807699,401165.84,138586.64,38.91514531,-76.98655712,,,MPD,2024/02/16 21:02:52+00,8943,
-8575885.92364841,4708670.13697473,19153407,1400 block of 17th St NW,2019/08/29 04:00:00+00,1200,2019/08/29 04:00:00+00,2019,8,2D,Ward 2,Race,Black,Damage/Defacing/Destruction of Property,809554,396661.51,137923.74,38.90916811,-77.0384917,,,MPD,2024/02/16 21:02:52+00,8944,
-8574813.36180311,4707332.09684364,19153027,1200 block of H St NW,2019/08/29 04:00:00+00,0716,2019/08/29 04:00:00+00,2019,8,2D,Ward 2,Race,Black,Threats,814491,397496.85,136885.09,38.89981436,-77.02885672,,,MPD,2024/02/16 21:02:52+00,8945,
-8575652.85442898,4715420.63915444,19155474,5500 block of 16th ST NW,2019/09/01 04:00:00+00,2200,2019/09/02 04:00:00+00,2019,9,4D,Ward 4,Race,White,Threats,809127,396845.19,143160.11,38.9563396,-77.03639801,,,MPD,2024/02/16 21:02:52+00,8946,
-8571489.58738411,4699301.58047255,19157849,3100 block of Martin Luther King Jr Ave SE,2019/09/05 04:00:00+00,1330,2019/09/05 04:00:00+00,2019,9,7D,Ward 8,Gender Identity/Expression,,Threats,807353,400086.92,130650.04,38.84365008,-76.99899876,,,MPD,2024/02/16 21:02:52+00,8947,
-8575243.7960249,4711751.98868208,19161936,3300 block of 14th St NW,2019/09/11 04:00:00+00,1857,2019/09/11 04:00:00+00,2019,9,3D,Ward 1,Ethnicity/National Origin,Black/African,Threats,811139,397162.67,140314.6,38.93070752,-77.03272337,,,MPD,2024/02/16 21:02:52+00,8948,
-8575556.98699448,4708950.23530423,19164203,1500 block of Q St NW,2019/09/14 04:00:00+00,2229,2019/09/14 04:00:00+00,2019,9,2D,Ward 2,Race,Black,Simple Assault,815147,396917.88,138140.98,38.91112602,-77.03553682,,,MPD,2024/02/16 21:02:52+00,8949,
-8568507.96130054,4700792.93772867,19164582,2300 block of Hartford St SE,2019/09/15 04:00:00+00,1342,2019/09/15 04:00:00+00,2019,9,7D,Ward 8,Race,White,Threats,805910,402411.78473619,131808.62002375,38.85408378,-76.97221436,,,MPD,2024/02/16 21:02:52+00,8950,
-8579502.10072285,4708458.62295354,19164277,3600 block of O St NW,2019/09/15 04:00:00+00,0011,2019/09/15 04:00:00+00,2019,9,2D,Ward 2,Race,Black,Simple Assault,810249,393843.9,137761.3,38.90768958,-77.07097637,,,MPD,2024/02/16 21:02:52+00,8951,
-8574556.59252826,4719150.16511106,19165751,7600 block of Georgia Ave NW,2019/09/16 04:00:00+00,1100,2019/09/17 04:00:00+00,2019,9,4D,Ward 4,Gender Identity/Expression,,Simple Assault,801442,397699.6,146051.38,38.9823875,-77.02655012,,,MPD,2024/02/16 21:02:52+00,8952,
-8572127.37616923,4707718.43023527,19169342,100 block of K St NE,2019/09/20 04:00:00+00,2330,2019/09/22 04:00:00+00,2019,9,5D,Ward 6,Gender Identity/Expression,,ADW,806776,399589.88,137184.52,38.9025152,-77.00472811,,,MPD,2024/02/16 21:02:52+00,8953,
-8577824.03303647,4708006.84245859,19168883,2700 block of Pennsylvania Ave NW,2019/09/21 04:00:00+00,2321,2019/09/22 04:00:00+00,2019,9,2D,Ward 2,Ethnicity/National Origin,Unknown,ADW,803654,395151.15,137409.81,38.90453142,-77.05590203,,,MPD,2024/02/16 21:02:52+00,8954,
-8570837.41606276,4710537.00007338,19168553,900 block of Rhode Island Ave NE,2019/09/21 04:00:00+00,1445,2019/09/21 04:00:00+00,2019,9,5D,Ward 5,Race,White,Threats,814008,400594.86,139371.55,38.9222166,-76.9931402,,,MPD,2024/02/16 21:02:52+00,8955,
-8575253.06409872,4707229.84367512,19169006,1400 block of New York Ave NW,2019/09/22 04:00:00+00,0725,2019/09/22 04:00:00+00,2019,9,2D,Ward 2,Race,Black,Simple Assault,800698,397154.19,136805.85,38.8990995,-77.03280663,,,MPD,2024/02/16 21:02:52+00,8956,
-8570886.78494094,4698685.64118435,19169883,3500 block of Wheeler Rd SE,2019/09/23 04:00:00+00,1611,2019/09/23 04:00:00+00,2019,9,7D,Ward 8,Gender Identity/Expression,,Simple Assault,803987,400557.04828647,130171.66114223,38.83934046,-76.9935837,,,MPD,2024/02/16 21:02:52+00,8957,
-8571284.56457955,4710353.33737015,19172033,600 block of Rhode Island Ave NE,2019/09/26 04:00:00+00,1900,2019/09/26 04:00:00+00,2019,9,5D,Ward 5,Sexual Orientation,,Damage/Defacing/Destruction of Property,807768,400246.54,139229.04,38.920933,-76.99715701,,,MPD,2024/02/16 21:02:52+00,8958,
-8574040.7859631,4707234.16437231,19172842,700 block of 7th St NW,2019/09/28 04:00:00+00,0142,2019/09/28 04:00:00+00,2019,9,1D,Ward 2,Sexual Orientation,,ADW,803289,398098.85,136808.92,38.89912971,-77.02191656,,,MPD,2024/02/16 21:02:52+00,8959,
-8577367.32625899,4707079.49391013,19173124,2400 block of Virginia Ave NW,2019/09/28 04:00:00+00,1425,2019/09/28 04:00:00+00,2019,9,2D,Ward 2,Ethnicity/National Origin,Unknown,Damage/Defacing/Destruction of Property,804406,395506.6,136689.93,38.89804837,-77.05179937,,,MPD,2024/02/16 21:02:52+00,8960,
-8574048.88473964,4710288.0200373,19172942,2300 block of Georgia Ave NW,2019/09/28 04:00:00+00,0330,2019/09/28 04:00:00+00,2019,9,3D,Ward 1,Sexual Orientation,,ADW,811838,398093.11,139178.59,38.92047649,-77.02198931,,,MPD,2024/02/16 21:02:52+00,8961,
-8574096.51096584,4709717.49744568,19173504,700 block of Florida Ave NW,2019/09/29 04:00:00+00,0308,2019/09/29 04:00:00+00,2019,9,3D,Ward 1,Sexual Orientation,,Simple Assault,800541,398055.9,138735.95,38.91648896,-77.02241714,,,MPD,2024/02/16 21:02:52+00,8962,
-8574040.7859631,4707234.16437231,19173442,700 block of 7th St NW,2019/09/29 04:00:00+00,0053,2019/09/29 04:00:00+00,2019,9,1D,Ward 2,Sexual Orientation,,Simple Assault,803289,398098.85,136808.92,38.89912971,-77.02191656,,,MPD,2024/02/16 21:02:52+00,8963,
-8565773.19085663,4706880.3208988,19175001,4000 block of Minnesota Ave NE,2019/10/01 04:00:00+00,1320,2019/10/01 04:00:00+00,2019,10,6D,Ward 7,Sexual Orientation,,Simple Assault,816435,404541.47,136535.38,38.89665588,-76.94764751,,,MPD,2024/02/16 21:02:52+00,8964,
-8572534.78567368,4706958.71114337,19179377,Unit block of Massachusetts Ave NE,2019/10/07 04:00:00+00,1945,2019/10/07 04:00:00+00,2019,10,1D,Ward 6,Race,Black,Simple Assault,800876,399272.37,136594.95,38.89720394,-77.00838793,,,MPD,2024/02/16 21:02:52+00,8965,
-8579508.80631722,4710172.13744187,19180021,2200 block of Wisconsin Ave NW,2019/10/08 04:00:00+00,2011,2019/10/08 04:00:00+00,2019,10,2D,Ward 3,Race,Black,Threats,806639,393839.71,139090.85,38.91966658,-77.0710366,,,MPD,2024/02/16 21:02:52+00,8966,
-8580330.1198264,4712149.97860548,19186207,3900 block of Macomb St NW,2019/10/10 04:00:00+00,1924,2019/10/18 04:00:00+00,2019,10,2D,Ward 3,Ethnicity/National Origin,Israeli,Damage/Defacing/Destruction of Property,809350,393201.21,140625.74,38.93348864,-77.07841458,,,MPD,2024/02/16 21:02:52+00,8967,
-8576063.38544518,4708571.33224618,19184577,1700 block of Massachusetts Ave NW,2019/10/10 04:00:00+00,2150,2019/10/15 04:00:00+00,2019,10,2D,Ward 2,Ethnicity/National Origin,Asian,Simple Assault,811901,396523.21,137847.13,38.90847745,-77.04008587,,,MPD,2024/02/16 21:02:52+00,8968,
-8575884.94618455,4709215.54919653,19181534,1700 block of 17th St NW,2019/10/11 04:00:00+00,0215,2019/10/11 04:00:00+00,2019,10,3D,Ward 2,Sexual Orientation,,Robbery,807237,396662.45,138346.95,38.91298053,-77.03848292,,,MPD,2024/02/16 21:02:52+00,8969,
-8573167.42560596,4704396.22636214,19182042,200 block of I St SW,2019/10/11 04:00:00+00,2032,2019/10/11 04:00:00+00,2019,10,1D,Ward 6,Sexual Orientation,,Simple Assault,811004,398779.07,134606.03,38.87928645,-77.01407103,,,MPD,2024/02/16 21:02:52+00,8970,
-8571041.57203284,4704960.29380314,19182327,400 block of 8th St SE,2019/10/12 04:00:00+00,0356,2019/10/12 04:00:00+00,2019,10,1D,Ward 6,Race,Black,Simple Assault,802034,400436.06249436,135043.81509875,38.88323093,-76.99497417,,,MPD,2024/02/16 21:02:52+00,8971,
-8574558.35114718,4719277.77506506,19185859,7700 block of Georgia Ave NW,2019/10/16 04:00:00+00,1500,2019/10/17 04:00:00+00,2019,10,4D,Ward 4,Gender Identity/Expression,,Threats,801925,397698.26,146150.3,38.98327859,-77.02656592,,,MPD,2024/02/16 21:02:52+00,8972,
-8564132.12982392,4706454.17851098,19185744,300 block of 49th St NE,2019/10/17 04:00:00+00,1345,2019/10/17 04:00:00+00,2019,10,6D,Ward 7,Race,White,Simple Assault,806130,405820.54189135,136205.48005983,38.89367649,-76.93290561,,,MPD,2024/02/16 21:02:52+00,8973,
-8583422.58725243,4712472.03254648,19187774,5200 block of Loughboro Rd NW,2019/10/20 04:00:00+00,1300,2019/10/20 04:00:00+00,2019,10,2D,Ward 3,Gender Identity/Expression,,Simple Assault,809789,390792.88,140877.99,38.93573904,-77.10619468,,,MPD,2024/02/16 21:02:52+00,8974,
-8574465.79731883,4709688.43929107,19187611,1900 block of Vermont Ave NW,2019/10/20 04:00:00+00,0420,2019/10/20 04:00:00+00,2019,10,3D,Ward 1,Sexual Orientation,,Simple Assault,810390,397768.2,138713.48,38.91628586,-77.0257345,,,MPD,2024/02/16 21:02:52+00,8975,
-8572391.5882133,4705161.49851559,19188301,400 block of New Jersey Ave SE,2019/10/21 04:00:00+00,1415,2019/10/22 04:00:00+00,2019,10,1D,Ward 6,Religion,Muslim,Threats,812200,399383.85,135200.01,38.88463789,-77.00710157,,,MPD,2024/02/16 21:02:52+00,8976,
-8573809.44912937,4713415.84002717,19190478,4200 block of New Hampshire Ave NW,2019/10/24 04:00:00+00,1544,2019/10/24 04:00:00+00,2019,10,4D,Ward 4,Ethnicity/National Origin,Latino/Hispanic,Simple Assault,802657,398280.16,141604.88,38.94233364,-77.01983842,,,MPD,2024/02/16 21:02:52+00,8977,
-8573514.59445669,4707433.52576826,19190108,400 block of Massachusetts Ave NW,2019/10/24 04:00:00+00,0150,2019/10/24 04:00:00+00,2019,10,1D,Ward 6,Ethnicity/National Origin,Jewish,Displaying Symbols,806146,398508.91,136963.55,38.90052346,-77.0171897,,,MPD,2024/02/16 21:02:52+00,8978,
-8575002.60734249,4708166.49386834,23087042,1300 block of M St NW,2023/05/20 04:00:00+00,1500,2023/06/01 04:00:00+00,2023,6,3D,Ward 2,Religion,Jewish,Theft,804481,397349.6,137532.66,38.90564747,-77.03055674,,,MPD,2024/02/16 21:02:52+00,8979,
-8572783.13395565,4707388.31908929,23080075,Unit block of H St NW,2023/05/21 04:00:00+00,1157,2023/05/21 04:00:00+00,2023,5,1D,Ward 6,Ethnicity/National Origin,Chinese,Simple Assault,804579,399078.88,136928.38,38.90020742,-77.01061888,,,MPD,2024/02/16 21:02:52+00,8980,
-8575244.4616051,4712968.70171515,23082345,3900 block of 14th St NW,2023/05/25 04:00:00+00,0240,2023/05/25 04:00:00+00,2023,5,4D,Ward 4,Sexual Orientation,,Simple Assault,806212,397162.49,141258.39,38.93920946,-77.03272935,,,MPD,2024/02/16 21:02:52+00,8981,
-8574898.21214629,4707047.66516991,23083278,600 block of 13th ST NW,2023/05/26 04:00:00+00,1620,2023/05/26 04:00:00+00,2023,5,2D,Ward 2,Ethnicity/National Origin,Asian,Simple Assault,809390,397430.66,136664.37,38.89782585,-77.02961894,,,MPD,2024/02/16 21:02:52+00,8982,
-8571992.24204136,4708478.06617322,23082996,1300 block of 2nd St NE,2023/05/26 04:00:00+00,0647,2023/05/26 04:00:00+00,2023,5,5D,Ward 6,Ethnicity/National Origin,African,Threats,815800,399695.2,137774,38.90782549,-77.00351418,,,MPD,2024/02/16 21:02:52+00,8983,
-8562676.70473887,4706759.28077883,23083939,5600 block of Eads St NE,2023/05/27 04:00:00+00,1739,2023/05/27 04:00:00+00,2023,5,6D,Ward 7,Race,Asian,Damage/Defacing/Destruction of Property,803081,406954.54957241,136443.19142005,38.89580964,-76.91983131,,,MPD,2024/02/16 21:02:52+00,8984,
-8577690.87675688,4707720.49017533,23084114,2500 block of K St NW,2023/05/27 04:00:00+00,2223,2023/05/28 04:00:00+00,2023,5,2D,Ward 2,Race,Black,Threats,813619,395254.77,137187.53,38.90252961,-77.05470587,,,MPD,2024/02/16 21:02:52+00,8985,
-8575002.60734249,4708166.49386834,23087014,1300 block of M St NW,2023/05/28 04:00:00+00,2230,2023/06/01 04:00:00+00,2023,6,3D,Ward 2,Religion,Jewish,Theft,804481,397349.6,137532.66,38.90564747,-77.03055674,,,MPD,2024/02/16 21:02:52+00,8986,
-8573862.73724949,4709589.44182512,20070828,600 block of Florida Ave NW,2020/05/12 04:00:00+00,0410,2020/05/12 04:00:00+00,2020,5,3D,Ward 2,Sexual Orientation,,Simple Assault,810091,398238,138636.55,38.91559392,-77.02031712,,,MPD,2024/02/16 21:02:52+00,8987,
-8576455.35186071,4708778.76401154,16087712,1600 block of Connecticut Ave NW,2016/05/30 04:00:00+00,1138,2016/05/20 04:00:00+00,2016,5,2D,Ward 2,Ethnicity/National Origin,Arab/Middle Eastern,Damage/Defacing/Destruction of Property,800193,396217.89,138008.23,38.90992743,-77.04360696,,,MPD,2024/02/16 21:02:52+00,8988,
-8575665.62639785,4709215.11126143,16097438,1700 block of 16th St NW,2016/06/15 04:00:00+00,0726,2016/06/15 04:00:00+00,2016,6,3D,Ward 2,Religion,Jewish,Damage/Defacing/Destruction of Property,813571,396833.32,138346.54,38.91297747,-77.03651274,,,MPD,2024/02/16 21:02:52+00,8989,
-8580731.82849835,4715590.44341089,16111756,5200 block of 42nd St NW,2016/07/06 04:00:00+00,2015-2019,2016/07/06 04:00:00+00,2016,7,2D,Ward 3,Race,White,Threats,811003,392890.73,143294.35,38.95752576,-77.08202319,,,MPD,2024/02/16 21:02:52+00,8990,
-8575028.65157461,4707719.25505809,19082844,1300 block of K St NW,2019/05/08 04:00:00+00,1646,2019/05/14 04:00:00+00,2019,5,2D,Ward 2,Race,Black,Threats,804051,397329.19,137185.6,38.90252097,-77.0307907,,,MPD,2024/02/16 21:02:52+00,8991,
-8574038.35559715,4709792.09745416,19083560,2000 block of Georgia Ave NW,2019/05/15 04:00:00+00,1724,2019/05/15 04:00:00+00,2019,5,3D,Ward 1,Ethnicity/National Origin,Latino/Hispanic,Simple Assault,814110,398101.22,138793.82,38.91701037,-77.02189472,,,MPD,2024/02/16 21:02:52+00,8992,
-8575220.43421611,4707893.26625541,19099942,1400 block of L St NW,2019/06/08 04:00:00+00,1918,2019/06/08 04:00:00+00,2019,6,2D,Ward 2,Sexual Orientation,,Simple Assault,807754,397179.8,137320.69,38.90373744,-77.03251351,,,MPD,2024/02/16 21:02:52+00,8993,
-8573678.63530027,4714967.12798448,17116110,400 block of Hamilton St NW,2017/03/01 05:00:00+00,1700,2017/07/07 04:00:00+00,2017,7,4D,Ward 4,Race,Black,Damage/Defacing/Destruction of Property,809509,398382.28,142807.96,38.95317151,-77.0186633,,,MPD,2024/02/16 21:02:52+00,8994,
-8572590.67131249,4696436.49073385,17044818,Unit block of Galveston ST SW,2017/03/19 04:00:00+00,1509,2017/03/20 04:00:00+00,2017,3,7D,Ward 8,Sexual Orientation,,Threats,804808,399228.02425324,128424.52830861,38.82360132,-77.00888996,,,MPD,2024/02/16 21:02:52+00,8995,
-8575141.13209065,4712511.63057481,17057623,1300 block of Perry Pl NW,2017/04/08 04:00:00+00,1930,2017/04/09 04:00:00+00,2017,4,4D,Ward 1,Gender Identity/Expression,,ADW,807659,397242.84,140903.83,38.93601573,-77.03180113,,,MPD,2024/02/16 21:02:52+00,8996,
-8573762.28166069,4706977.16802856,17066548,500 block of F St NW,2017/04/23 04:00:00+00,0203,2017/04/23 04:00:00+00,2017,4,1D,Ward 2,Race,Black,Simple Assault,802125,398315.83,136609.42,38.89733298,-77.01941471,,,MPD,2024/02/16 21:02:52+00,8997,
-8576275.07176897,4711606.96738616,17075921,1800 block of Kenyon St NW,2017/05/05 04:00:00+00,2300,2017/05/07 04:00:00+00,2017,5,3D,Ward 1,Race,Black,Damage/Defacing/Destruction of Property,813788,396359.36,140202.43,38.92969409,-77.04198748,,,MPD,2024/02/16 21:02:52+00,8998,
-8577178.5432482,4708253.3376968,17077409,1200 block of 23rd St NW,2017/05/08 04:00:00+00,2117,2017/05/09 04:00:00+00,2017,5,2D,Ward 2,Sexual Orientation,,Threats,811356,395654.21,137600.8,38.90625455,-77.0501035,,,MPD,2024/02/16 21:02:52+00,8999,
-8566759.59442622,4702329.43013199,17092794,2100 block of 36th Pl SE,2017/06/01 04:00:00+00,1701,2017/06/01 04:00:00+00,2017,6,6D,Ward 7,Race,Black,Displaying Symbols,814732,403774.47859346,133002.24268086,38.86483164,-76.95650852,,,MPD,2024/02/16 21:02:52+00,9000,
-8570969.615366,4708004.63839051,17101364,800 block of Florida Ave NE,2017/06/14 04:00:00+00,1844,2017/06/14 04:00:00+00,2017,6,5D,Ward 6,Race,Black,Damage/Defacing/Destruction of Property,802627,400492,137406.63,38.90451601,-76.99432777,,,MPD,2024/02/16 21:02:52+00,9001,
-8574343.34295541,4709790.09900187,17103557,900 block of U St NW,2017/06/18 04:00:00+00,0139,2017/06/18 04:00:00+00,2017,6,3D,Ward 1,Race,Black,Simple Assault,813703,397863.62,138792.33,38.91699641,-77.02463447,,,MPD,2024/02/16 21:02:52+00,9002,
-8573123.08648226,4708949.48936298,17117228,200 block of Q St NW,2017/07/09 04:00:00+00,0001,2017/07/09 04:00:00+00,2017,7,3D,Ward 5,Sexual Orientation,,Threats,807731,398814.16,138139.89,38.9111208,-77.01367272,,,MPD,2024/02/16 21:02:52+00,9003,
-8570844.39878446,4706216.42149857,17124531,900 block of Constitution Ave NE,2017/07/20 04:00:00+00,1030,2017/07/20 04:00:00+00,2017,7,1D,Ward 6,Ethnicity/National Origin,Latino/Hispanic,Simple Assault,805123,400589.67,136018.83,38.89201414,-76.99320293,,,MPD,2024/02/16 21:02:52+00,9004,
-8576241.21940203,4708226.01445089,17131013,1200 block of 18th ST NW,2017/07/30 04:00:00+00,2339,2017/07/31 04:00:00+00,2017,7,2D,Ward 2,Sexual Orientation,,ADW,810826,396384.53,137579.23,38.90606355,-77.04168338,,,MPD,2024/02/16 21:02:52+00,9005,
-8575452.79429522,4712018.14002574,17135081,1500 block of Newton St NW,2017/08/06 04:00:00+00,1414,2017/08/06 04:00:00+00,2017,8,4D,Ward 1,Sexual Orientation,,Threats,815254,396999.96,140521.12,38.93256737,-77.03460084,,,MPD,2024/02/16 21:02:52+00,9006,
-8574255.4968133,4712127.19958508,17142554,3500 block of Georgia Ave NW,2017/08/18 04:00:00+00,0950,2017/08/18 04:00:00+00,2017,8,4D,Ward 1,Ethnicity/National Origin,Jewish,Damage/Defacing/Destruction of Property,801638,397932.53,140605.42,38.93332946,-77.02384533,,,MPD,2024/02/16 21:02:52+00,9007,
-8574268.99462682,4709687.62956781,17156744,1900 block of 9th St NW,2017/09/10 04:00:00+00,0315,2017/09/10 04:00:00+00,2017,9,3D,Ward 1,Race,Black,Threats,800252,397921.52,138712.81,38.9162802,-77.02396659,,,MPD,2024/02/16 21:02:52+00,9008,
-8572783.13395565,4707388.31908929,17160176,Unit block of H St NW,2017/09/15 04:00:00+00,1230,2017/09/15 04:00:00+00,2017,9,1D,Ward 6,Disability,,Simple Assault,804579,399078.88,136928.38,38.90020742,-77.01061888,,,MPD,2024/02/16 21:02:52+00,9009,
-8574962.4846849,4706715.89609151,20163191,1300 block of Pennsylvania Ave NW,2020/11/14 05:00:00+00,2011,2020/11/15 05:00:00+00,2020,11,2D,Ward 2,Political Affiliation,,Riot Act,800757,397380.49,136406.9,38.89550632,-77.03019631,,,MPD,2024/02/16 21:02:52+00,9010,
-8575666.02972201,4709003.22431906,21007312,1600 block of 16th ST NW,2021/01/16 05:00:00+00,1933,2021/01/16 05:00:00+00,2021,1,3D,Ward 2,Race,Black,Threats,804188,396832.94,138182.13,38.91149641,-77.03651636,,,MPD,2024/02/16 21:02:52+00,9011,
-8582263.40955789,4713815.54762891,16162304,4800 block of Massachusetts Ave NW,2016/09/24 04:00:00+00,1000-1030,2016/09/24 04:00:00+00,2016,9,2D,Ward 3,Religion,Jewish,Threats,810578,391696.79,141919.06,38.94512631,-77.09578162,,,MPD,2024/02/16 21:02:52+00,9012,
-8572079.51752412,4709585.19817788,24023109,100 block T St NE,2024/02/14 05:00:00+00,0141,2024/02/14 05:00:00+00,2024,2,5D,Ward 5,Gender Identity/Expression,,ADW,803677,399627.24,138633.07,38.91556426,-77.00429819,MPD_EDITOR,2024/03/06 22:18:06+00,MPD,2024/04/17 18:27:53+00,9013,
-8576230.9289694,4708282.68092874,24023235,18th St NW and Connecticut Ave NW,2024/02/14 05:00:00+00,1023,2024/02/14 05:00:00+00,2024,2,2D,Ward 2,Race,Black,Simple Assault,903451,396392.568,137623.1994,38.90645968,-77.04159094,MPD_EDITOR,2024/03/06 22:18:40+00,MPD,2024/04/17 18:28:09+00,9014,
-8578412.0574782,4708101.12022635,24023471,31st St NW and M St NW,2024/02/14 05:00:00+00,1715,2024/02/14 05:00:00+00,2024,2,2D,Ward 2,Race,Black,Simple Assault,907343,394693.0201,137483.2646,38.90519048,-77.06118434,MPD_EDITOR,2024/03/06 22:19:13+00,MPD,2024/04/17 18:28:24+00,9015,
-8571503.53418486,4711932.24316781,24023901,400 block Michigan Ave NE,2024/02/15 05:00:00+00,1030,2024/02/15 05:00:00+00,2024,2,4D,Ward 5,Religion,Catholic,Damage/Defacing/Destruction of Property,811625,400075.95,140453.92,38.93196713,-76.99912404,MPD_EDITOR,2024/03/06 22:19:50+00,MPD,2024/04/17 18:27:35+00,9016,
-8572098.94597559,4708165.94514023,24026673,200 block M St NE,2024/02/20 05:00:00+00,1737,2024/02/20 05:00:00+00,2024,2,5D,Ward 6,Sexual Orientation,,Simple Assault,802637,399612.05,137531.8,38.90564363,-77.00447272,MPD_EDITOR,2024/03/06 22:20:20+00,MPD,2024/04/17 18:27:17+00,9017,
-8571153.81054535,4700034.65502541,24026688,2700 block Martin Luther King Jr Ave SE,2024/02/20 05:00:00+00,1725,2024/02/20 05:00:00+00,2024,2,7D,Ward 8,Gender Identity/Expression,,Simple Assault,809595,400348.7501,131219.3864,,,MPD_EDITOR,2024/03/06 22:20:57+00,MPD,2024/03/06 23:27:56+00,9018,
-8569262.54724249,4707555.70895347,24026739,900 block 17th St NE,2024/02/20 05:00:00+00,1800,2024/02/20 05:00:00+00,2024,2,5D,Ward 5,Ethnicity/National Origin,Hispanic,Threats,803273,401822.2,137058.44,38.90137764,-76.97899292,MPD_EDITOR,2024/03/06 22:21:34+00,MPD,2024/04/17 18:26:56+00,9019,
-8573408.02352011,4704333.27210798,24029701,900 block Wesley Pl SW,2024/02/25 05:00:00+00,1600,2024/02/25 05:00:00+00,2024,2,1D,Ward 6,Ethnicity/National Origin,Taiwanese,Threats,802996,398591.52502065,134557.1902983,38.87884621,-77.01623236,MPD_EDITOR,2024/03/06 22:22:03+00,MPD,2024/03/07 00:13:16+00,9020,
-8574562.15166301,4713958.55192679,24029845,Buchanan St NW and Georgia Ave NW,2024/02/26 05:00:00+00,1744,2024/02/26 05:00:00+00,2024,2,4D,Ward 4,Ethnicity/National Origin,Jewish,Displaying Symbols,900421,397694.1,142025.95,38.94612542,-77.02660006,MPD_EDITOR,2024/03/06 22:22:54+00,MPD,2024/04/17 18:26:14+00,9021,
-8572950.98945672,4707079.87418652,24038733,600 block New Jersey Ave NW,2024/03/12 04:00:00+00,0359,2024/03/14 04:00:00+00,2024,3,1D,Ward 6,Ethnicity/National Origin,Jewish,Displaying Symbols,814453,398948.05,136689.02,38.89805103,-77.01212675,MPD_EDITOR,2024/04/17 17:31:17+00,MPD,2024/04/17 18:24:42+00,9022,
-8571910.21529698,4705900.82849259,24016851,200 block East Capitol St NE,2024/02/02 05:00:00+00,1650,2024/02/02 05:00:00+00,2024,2,1D,Ward 6,Ethnicity/National Origin,Jewish,Displaying Symbols,811100,399759.05,135773.86,38.88980753,-77.00277732,MPD_EDITOR,2024/03/06 22:16:35+00,MPD,2024/03/07 00:18:22+00,9023,
-8575644.82039898,4720134.99244716,24043532,8000 block 16th St NW,2024/03/16 04:00:00+00,1600,2024/03/22 04:00:00+00,2024,3,4D,Ward 4,Ethnicity/National Origin,Israeli,Damage/Defacing/Destruction of Property,814970,396852.9,146815.05,38.98926418,-77.03632583,MPD_EDITOR,2024/04/17 17:32:13+00,MPD,2024/04/17 18:24:04+00,9024,
-8577326.09001249,4707208.65325647,24001026,"700 block 24th St NW
",2024/01/01 05:00:00+00,"1858
",2024/01/02 05:00:00+00,2024,1,2D,Ward 2,Ethnicity/National Origin,African,ADW,801762,395538.79,136790.15,38.89895135,-77.05142894,MPD_EDITOR,2024/02/08 22:00:18+00,MPD,2024/04/17 18:31:55+00,9025,
-8575661.43881692,4711497.11926724,24032493,3100 block 16th St NW,2024/03/02 05:00:00+00,1450,2024/03/02 05:00:00+00,2024,3,3D,Ward 1,Gender Identity/Expression,,Threats,808284,396837.29,140117.01,38.92892645,-77.03647512,MPD_EDITOR,2024/04/17 17:34:15+00,MPD,2024/04/17 18:25:54+00,9026,
-8571606.30847423,4710211.40670497,24101798,400 block Rhode Island Ave NE,2024/07/03 04:00:00+00,1716,2024/07/03 04:00:00+00,2024,7,5D,Ward 5,Sexual Orientation,,Simple Assault,801957,399995.9,139118.92,38.91994103,-77.00004728,MPD_EDITOR,2024/08/12 18:06:22+00,MPD,2024/08/15 21:15:24+00,9027,
-8573483.95700616,4707547.95633897,24101826,400 block I St NW,2024/07/03 04:00:00+00,1848,2024/07/03 04:00:00+00,2024,7,1D,Ward 6,Race,Black,Simple Assault,816530,398532.8,137052.35,38.90132344,-77.01691448,MPD_EDITOR,2024/08/12 18:07:18+00,MPD,2024/08/15 21:15:48+00,9028,
-8576015.21725312,4710886.08619544,24104322,1700 block Columbia Rd NW,2024/07/08 04:00:00+00,0227,2024/07/08 04:00:00+00,2024,7,3D,Ward 1,Sexual Orientation,,Threats,800952,396561.52,139643.1,38.92465629,-77.03965317,MPD_EDITOR,2024/08/12 18:08:01+00,MPD,2024/08/15 21:37:02+00,9029,
-8569925.40157343,4709525.12756242,24126081,2000 block Fenwick St NE,2024/08/17 04:00:00+00,0216,2024/08/17 04:00:00+00,2024,8,5D,Ward 5,Race,Black,Simple Assault,810297,401305.44,138586.56,38.91514439,-76.98494744,MPD_EDITOR,2024/09/17 22:33:08+00,MPD,2024/09/18 23:25:53+00,9030,
-8579662.99767938,4712232.08410798,24108629,3300 block Wisconsin Ave NW,2024/07/15 04:00:00+00,2048,2024/07/15 04:00:00+00,2024,7,2D,Ward 3,Race,Black,Simple Assault,811570,393720.86,140689,38.93406237,-77.07242173,MPD_EDITOR,2024/08/12 18:10:23+00,MPD,2024/08/15 21:37:36+00,9031,
-8573930.27445508,4709059.44718182,24107949,1600 block Marion St NW,2024/07/14 04:00:00+00,1812,2024/07/14 04:00:00+00,2024,7,3D,Ward 2,Religion,Muslim,Simple Assault,803088,398185.29,138225.33,38.9118894,-77.02092381,MPD_EDITOR,2024/08/12 18:09:45+00,MPD,2024/08/15 21:37:27+00,9032,
-8574384.00780588,4707954.39247474,24110834,900 block L St NW,2024/07/19 04:00:00+00,1811,2024/07/19 04:00:00+00,2024,7,3D,Ward 2,Ethnicity/National Origin,Oromo,ADW,804086,397831.55,137367.92,38.90416476,-77.02499977,MPD_EDITOR,2024/08/12 18:10:54+00,MPD,2024/08/15 21:37:45+00,9033,
-8575049.37470763,4710899.99584095,24111250,1300 block Fairmont St NW,2024/07/20 04:00:00+00,1335,2024/07/20 04:00:00+00,2024,7,3D,Ward 1,Sexual Orientation,,Threats,804659,397313.88,139653.6,38.9247535,-77.03097686,MPD_EDITOR,2024/08/12 18:11:23+00,MPD,2024/08/15 21:37:55+00,9034,
-8580051.28307733,4712465.05678713,24111723,3800 block Newark St NW,2024/07/21 04:00:00+00,0800,2024/07/21 04:00:00+00,2024,7,2D,Ward 3,Ethnicity/National Origin,Israeli,Damage/Defacing/Destruction of Property,803108,393418.59,140869.96,38.9356903,-77.07590975,MPD_EDITOR,2024/08/12 18:11:51+00,MPD,2024/08/15 21:38:05+00,9035,
-8580146.7623717,4713466.71424935,24113218,4100 block Wisconsin Ave NW,2024/07/24 04:00:00+00,0645,2024/07/24 04:00:00+00,2024,7,2D,Ward 3,Race,Black,Simple Assault,805326,393344.88,141646.95,38.94268909,-77.07676746,MPD_EDITOR,2024/08/12 18:12:17+00,MPD,2024/08/15 21:38:13+00,9036,
-8572874.16703295,4709647.25104888,24114399,Unit block Rhode Island Ave NW,2024/07/26 04:00:00+00,0700,2024/07/26 04:00:00+00,2024,7,3D,Ward 5,Ethnicity/National Origin,Israeli,Damage/Defacing/Destruction of Property,218721,398998.15,138708.94,38.91624756,-77.01155215,MPD_EDITOR,2024/08/12 18:12:43+00,MPD,2024/08/15 21:39:13+00,9037,
-8574669.02283706,4709790.45660157,24116418,1100 block U St NW,2024/07/30 04:00:00+00,0033,2024/07/30 04:00:00+00,2024,7,3D,Ward 1,Sexual Orientation,,Robbery,812182,397609.9,138792.68,38.91699891,-77.0275601,MPD_EDITOR,2024/08/12 18:13:13+00,MPD,2024/08/15 21:38:29+00,9038,
-8574669.02283706,4709790.45660157,24100232,11th St NW & U ST NW,2024/06/28 04:00:00+00,0000,2024/07/01 04:00:00+00,2024,7,3D,ward 1,Sexual Orientation,,Simple Assault,812182,397609.9,138792.68,38.91699891,-77.0275601,MPD_EDITOR,2024/08/12 18:13:44+00,MPD,2024/08/15 21:17:37+00,9039,
-8574650.22263439,4711395.75449048,24126607,3000 block 11th St NW,2024/08/18 04:00:00+00,0035,2024/08/17 04:00:00+00,2024,8,3D,Ward 1,Sexual Orientation,,Robbery,804778,397624.92,140038.1,38.92821809,-77.02739122,MPD_EDITOR,2024/09/17 22:33:50+00,MPD,2024/09/18 23:26:01+00,9040,
-8566525.87157515,4706025.8347726,24127205,3500 block Ames St NE,2024/08/19 04:00:00+00,0603,2024/08/19 04:00:00+00,2024,8,6D,Ward 7,Sexual Orientation,,Threats,800536,403955.26,135871.87,38.89068157,-76.95440895,MPD_EDITOR,2024/09/17 22:34:37+00,MPD,2024/09/18 23:26:10+00,9041,
-8574155.64113252,4709899.64990768,24128857,8th St NW & V St NW,2024/08/21 04:00:00+00,2250,2024/08/22 04:00:00+00,2024,8,3D,Ward 1,Ethnicity/National Origin,Chinese,Threats,902004,398009.87,138877.29,38.9177621,-77.02294832,MPD_EDITOR,2024/09/17 22:40:24+00,MPD,2024/09/18 23:26:17+00,9042,
-8580015.72183792,4709419.37116205,24129684,39th St NW & S St NW,2024/08/15 04:00:00+00,0000,2024/08/23 04:00:00+00,2024,8,2D,Ward 2,Ethnicity/National Origin,Israeli,Damage/Defacing/Destruction of Property,903269,393444.33,138507.1099,38.9144052,-77.0755903,MPD_EDITOR,2024/09/17 22:41:21+00,MPD,2024/09/18 23:26:24+00,9043,
-8569689.85946396,4708519.26047328,24135110,1700 block Trinidad Ave NE,2024/09/02 04:00:00+00,0634,2024/09/02 04:00:00+00,2024,9,5D,Ward 5,Sexual Orientation,,Threats,800986,401489.09,137806.1,38.90811345,-76.98283153,MPD_EDITOR,2024/10/08 18:07:09+00,MPD,2024/10/08 18:59:39+00,9044,
-8570968.1655031,4710483.82717213,24136217,800 block Rhode Island Ave NE,2024/08/31 04:00:00+00,0001,2024/09/04 04:00:00+00,2024,9,5D,Ward 5,Ethnicity/National Origin,Israeli,Damage/Defacing/Destruction of Property,807944,400493.01,139330.29,38.92184498,-76.99431474,MPD_EDITOR,2024/10/08 18:07:51+00,MPD,2024/10/08 19:04:48+00,9045,
-8575157.93590371,4708304.81690224,24136769,1200 block 14th St NW,2024/09/05 04:00:00+00,0051,2024/09/05 04:00:00+00,2024,9,2D,Ward 2,"Religion; Ethnicity/National Origin","Muslim; Middle Eastern",Simple Assault,813259,397228.61,137640.04,38.90661441,-77.03195208,MPD_EDITOR,2024/10/08 18:08:20+00,MPD,2024/10/08 18:59:58+00,9046,
-8571244.06729786,4699247.21490174,24138267,600 block Alabama Ave SE,2024/09/07 04:00:00+00,1931,2024/09/07 04:00:00+00,2024,9,7D,Ward 8,Ethnicity/National Origin,Hispanic,Simple Assault,805376,400278.39,130607.82,38.84326971,-76.99679322,MPD_EDITOR,2024/10/08 18:09:13+00,MPD,2024/10/08 19:00:07+00,9047,
-8574494.25073848,4709266.53704039,24139422,10th St NW & French St NW,2024/09/09 04:00:00+00,2201,2024/09/09 04:00:00+00,2024,9,3D,Ward 2,Race,Black,Damage/Defacing/Destruction of Property,907290,397745.94,138386.13,38.91333693,-77.0259901,MPD_EDITOR,2024/10/08 18:09:38+00,MPD,2024/10/08 19:00:15+00,9048,
-8575199.75947845,4711024.20334393,24137517,2700 block 14th St NW,2024/09/06 04:00:00+00,1009,2024/09/06 04:00:00+00,2024,9,3D,Ward 1,Gender Identity/Expression,,Threats,812952,397196.77,139750,38.92562153,-77.03232779,MPD_EDITOR,2024/10/08 18:08:46+00,MPD,2024/10/08 19:00:28+00,9049,
-8575228.97956657,4711389.13115709,24141833,3000 block 14th ST NW,2024/09/14 04:00:00+00,0230,2024/09/14 04:00:00+00,2024,9,4D,Ward 1,Ethnicity/National Origin,Hispanic,ADW,806449,397174.11,140033.11,38.9281718,-77.03259028,MPD_EDITOR,2024/10/08 18:10:01+00,MPD,2024/10/08 19:00:36+00,9050,
-8576317.14879203,4710452.07111488,24142551,2400 block 18th St NW,2024/09/15 04:00:00+00,1442,2024/09/15 04:00:00+00,2024,9,3D,Ward 1,"Race; Sexual Orientation",White,Threats,813850,396326.17,139306.49,38.92162305,-77.04236546,MPD_EDITOR,2024/10/08 18:10:27+00,MPD,2024/10/08 19:00:42+00,9051,
-8576337.58085871,4709695.88179301,24143741,1800 block Florida Ave NW,2024/09/16 04:00:00+00,1000,2024/09/17 04:00:00+00,2024,9,2D,Ward 1/Ward 2,Ethnicity/National Origin,Hispanic,Simple Assault,806427,396309.98,138719.8,38.91633788,-77.04254901,MPD_EDITOR,2024/10/08 18:10:52+00,MPD,2024/10/08 19:06:56+00,9052,
-8575067.57877281,4707312.43992607,24144230,1300 block New York Ave NW,2024/09/18 04:00:00+00,1128,2024/09/18 04:00:00+00,2024,9,2D,Ward 2,Race,Black,Simple Assault,801535,397298.75,136869.9,38.89967694,-77.03114039,MPD_EDITOR,2024/10/08 18:11:15+00,MPD,2024/10/08 19:03:32+00,9053,
-8577286.09296527,4707767.21834041,24145495,2300 block Pennsylvania Ave NW,2024/09/20 04:00:00+00,1350,2024/09/20 04:00:00+00,2024,9,2D,Ward 2,Race,Black,Simple Assault,809422,395570.2,137223.61,38.90285627,-77.05106964,MPD_EDITOR,2024/10/08 18:11:37+00,MPD,2024/10/08 19:03:42+00,9054,
-8575394.73238223,4711282.3499615,24145953,1400 block Columbia Rd NW,2024/09/21 04:00:00+00,0729,2024/09/21 04:00:00+00,2024,9,3D,Ward 1,Ethnicity/National Origin,Hispanic,Simple Assault,813313,397044.97,139950.32,38.92742558,-77.03407926,MPD_EDITOR,2024/10/08 18:12:01+00,MPD,2024/10/08 19:03:56+00,9055,
-8576260.78624341,4710237.76180515,24146708,2300 block 18th St NW,2024/09/21 04:00:00+00,0130,2024/09/21 04:00:00+00,2024,9,3D,Ward 1,Ethnicity/National Origin,"Indian; Middle Eastern",Simple Assault,806244,396370,139140.2,38.92012523,-77.04185915,MPD_EDITOR,2024/10/08 18:12:26+00,MPD,2024/10/08 19:04:05+00,9056,
-8578412.0574782,4708101.12022635,24146945,31st St NW & M St NW,2024/09/22 04:00:00+00,2330,2024/09/23 04:00:00+00,2024,9,2D,Ward 2,Ethnicity/National Origin,Middle Eastern,Damage/Defacing/Destruction of Property,907343,394693.0201,137483.2646,38.90519048,-77.06118434,MPD_EDITOR,2024/10/08 18:12:51+00,MPD,2024/10/08 19:04:13+00,9057,
-8575244.51833599,4711581.60925674,24147461,3100 block 14th St NW,2024/09/23 04:00:00+00,1758,2024/09/23 04:00:00+00,2024,9,3D,Ward 1,Ethnicity/National Origin,Hispanic,Threats,800897,397162.06,140182.43,38.92951689,-77.03272986,MPD_EDITOR,2024/10/08 18:13:43+00,MPD,2024/10/08 19:04:22+00,9058,
-8576316.59480188,4710836.59481574,24147671,1700 block Lanier Pl NW,2024/09/24 04:00:00+00,0650,2024/09/24 04:00:00+00,2024,9,3D,Ward 1,Ethnicity/National Origin,African,Threats,803094,396326.74,139604.81,38.92431041,-77.04236049,MPD_EDITOR,2024/10/08 18:14:08+00,MPD,2024/10/08 19:04:28+00,9059,
-8575028.14095494,4709790.62490088,24148188,1300 block U St NW,2024/09/24 04:00:00+00,2043,2024/09/25 04:00:00+00,2024,9,3D,Ward 1,Gender Identity/Expression,,Threats,804518,397330.13,138792.9,38.91700008,-77.03078611,MPD_EDITOR,2024/10/08 18:14:32+00,MPD,2024/10/08 19:04:37+00,9060,
-8574040.96375387,4709480.1597066,24148525,1800 block 7th St NW,2024/09/25 04:00:00+00,1433,2024/09/24 04:00:00+00,2024,9,3D,Ward 1,Ethnicity/National Origin,Hispanic,Simple Assault,811317,398099.13,138551.79,38.91483008,-77.02191815,MPD_EDITOR,2024/10/08 18:14:55+00,MPD,2024/10/08 18:59:50+00,9061,
-8575157.78635317,4709790.29661603,13000856,14th St NW and U St NW,2013/01/01 05:00:00+00,0115-1100,2013/01/03 05:00:00+00,2013,1,3D,Ward 1/Ward 2,Gender Identity/Expression,,Threats,903573,397229.13001138,138792.67999823,38.91699779,-77.03195074,,,MPD,2024/10/08 19:02:29+00,9062,
-8574612.60981211,4705580.23038992,12038547,1000 block of Independence Ave SW,2012/03/08 05:00:00+00,1655-1730,2012/03/20 04:00:00+00,2012,3,1D,Ward 2/Ward 6,Sexual Orientation,,Threats,813117,397652.88,135525.36,38.88756585,-77.02705334,,,MPD,2024/10/08 19:09:36+00,9063,
-8569648.5237542,4707355.27740404,16115031,1500 block of Benning Rd NE,2016/07/12 04:00:00+00,1035-1050,2016/07/12 04:00:00+00,2016,7,5D,Ward 5/Ward 7,Gender Identity/Expression,,Threats,808183,401521.47,136902.83,38.89997642,-76.98246021,,,MPD,2024/10/08 19:11:49+00,9064,
-8572432.57022771,4708488.76147241,19040518,Unit block of New York Ave NE,2019/03/10 05:00:00+00,0404,2019/03/10 05:00:00+00,2019,3,5D,Ward 5/Ward 6,Sexual Orientation,,Simple Assault,815078,399352.12,137782.32,38.90790025,-77.00746971,,,MPD,2024/10/08 19:13:23+00,9065,
-8576352.64811884,4710600.54134346,24011406,18th St NW and Columbia Rd NW,2024/01/23 05:00:00+00,0752,2024/01/23 05:00:00+00,2024,1,3D,Ward 1,Ethnicity/National Origin,Israeli,Deface Private/Public Property,904604,396298.58,139421.7,38.92266078,-77.04268424,MPD_EDITOR,2024/02/16 20:07:42+00,MPD,2024/04/17 18:29:47+00,9066,
-8573928.7210031,4707482.79096881,24014647,600 block I St NW,2024/01/29 05:00:00+00,1710,2024/01/29 05:00:00+00,2024,1,1D,Ward 2,Ethnicity/National Origin,Jewish,Deface Private/Public Property,809882,398186.22,137001.85,38.90086787,-77.02090986,MPD_EDITOR,2024/02/16 20:11:53+00,MPD,2024/04/17 18:28:49+00,9067,
-8572982.34709123,4709596.84354577,24005166,100 block Rhode Island Ave NW,2024/01/10 05:00:00+00,2300,2024/01/11 05:00:00+00,2024,1,3D,Ward 5,Gender Identity/Expression,,Simple Assault,803964,398923.88,138642.17,38.91564565,-77.01240844,MPD_EDITOR,2024/02/16 20:23:45+00,MPD,2024/04/17 18:31:15+00,9068,
-8572232.02031915,4708948.56607098,24008630,100 block Q St NE,2024/01/18 05:00:00+00,0125,2024/01/18 05:00:00+00,2024,1,5D,Ward 5,Gender Identity/Expression,,,806986,399508.4,138139.1,38.91111435,-77.00566814,MPD_EDITOR,2024/02/16 20:25:52+00,MPD,2024/04/17 18:30:40+00,9069,
-8569262.26739133,4707936.88960993,24008809,1100 block 17th St NE,2024/01/17 05:00:00+00,1805,2024/01/18 05:00:00+00,2024,1,2D,Ward 5,Race,Black,Simple Assault,803953,401822.35,137354.25,38.9040424,-76.97899041,MPD_EDITOR,2024/02/16 20:27:16+00,MPD,2024/04/17 18:31:01+00,9070,
-8579052.30001794,4708086.51384823,24009353,3300 block M St NW,2024/01/19 05:00:00+00,1425,2024/01/19 05:00:00+00,2024,1,2D,Ward 2,Race,Black,ADW,805915,394194.15,137472.28,38.90508837,-77.06693574,MPD_EDITOR,2024/02/16 20:28:38+00,MPD,2024/04/17 18:30:24+00,9071,
-8574898.21214629,4707047.66516991,24009393,600 block 13th St NW,2024/01/19 05:00:00+00,1450,2024/01/19 05:00:00+00,2024,1,2D,Ward 2,Race,White,Threats,809390,397430.66,136664.37,38.89782585,-77.02961894,MPD_EDITOR,2024/02/16 20:29:44+00,MPD,2024/04/17 18:30:04+00,9072,
-8576732.88276518,4709394.15549044,24013945,1800 block Connecticut Ave NW,2024/01/28 05:00:00+00,1017,2024/01/28 05:00:00+00,2024,1,2D,Ward 2,Religion,Jewish,Simple Assault,809860,396001.9,138485.84,38.91422895,-77.04610007,MPD_EDITOR,2024/02/16 20:30:51+00,MPD_EDITOR,2024/08/12 18:16:46+00,9073,
-8576062.73977638,4708738.42715556,24003129,1700 block P St NW,2024/01/06 05:00:00+00,2236,2024/01/06 05:00:00+00,2024,1,2D,Ward 2,Sexual Orientation,,Threats,800859,396523.77,137976.79,38.90964547,-77.04008007,MPD_EDITOR,2024/02/16 20:31:54+00,MPD,2024/04/17 18:31:32+00,9074,
-8575785.26234402,4711554.29079563,24014460,3100 block Mount Pleasant St NW,2024/01/29 05:00:00+00,1145,2024/01/29 05:00:00+00,2024,1,3D,Ward 1,Sexual Orientation,,Threats,803492,396740.86,140161.4,38.92932598,-77.03758745,MPD_EDITOR,2024/02/16 20:32:54+00,MPD,2024/04/17 18:29:16+00,9075,
-8577180.14231824,4706882.59943266,24034132,500 block 23rd St NW,2024/03/05 05:00:00+00,1315,2024/03/05 05:00:00+00,2024,3,2D,Ward 2,Race,Asian,Simple Assault,801297,395652.38,136537.04,38.89667182,-77.05011787,MPD_EDITOR,2024/04/17 17:34:47+00,MPD,2024/04/17 18:25:16+00,9076,
-8570758.16354098,4710645.20166002,24033785,2500 block 10th St NE,2024/03/04 05:00:00+00,2332,2024/03/05 05:00:00+00,2024,3,5D,Ward 5,Sexual Orientation,,Simple Assault,805396,400656.59,139455.5,38.92297281,-76.99242827,MPD_EDITOR,2024/04/17 17:35:18+00,MPD,2024/04/17 18:25:35+00,9077,
-8574211.02989288,4709899.70021638,24040328,800 block V St NW,2024/03/17 04:00:00+00,0218,2024/03/17 04:00:00+00,2024,3,3D,Ward 1,Sexual Orientation,,Simple Assault,802330,397966.72,138877.34,38.91776245,-77.02344588,MPD_EDITOR,2024/04/17 17:35:49+00,MPD,2024/04/17 18:22:58+00,9078,
-8573712.50023677,4716822.60174591,24037096,400 block Sheridan St NW,2024/03/11 04:00:00+00,1130,2024/03/11 04:00:00+00,2024,3,4D,Ward 4,"Sexual Orientation; Ethnicity/National Origin","Jewish; Non-European",Threats,808120,398356.21,144246.74,38.96613237,-77.01896751,MPD_EDITOR,2024/04/17 17:32:57+00,MPD,2024/04/17 18:24:59+00,9079,
-8574143.8057123,4711134.41251187,24033798,2800 block Georgia Ave NW,2024/03/05 05:00:00+00,0101,2024/03/05 05:00:00+00,2024,3,3D,Ward 1,Gender Identity/Expression,,Threats,812827,398019.33,139835.25,,,MPD_EDITOR,2024/07/08 18:16:01+00,MPD,2024/10/08 19:50:15+00,9080,
-8580414.32408919,4708210.37596115,24083471,Canal Rd NW & Foxhall Rd NW,2024/06/02 04:00:00+00,1130,2024/06/02 04:00:00+00,2024,6,2D,Ward 3,Race,Black,Damage/Defacing/Destruction of Property,906195,393132.9751,137569.247,38.90595423,-77.07917101,MPD_EDITOR,2024/07/08 18:16:49+00,MPD,2024/07/09 23:09:39+00,9081,
-8571884.91094957,4708166.27557992,24084934,200 block M St NE,2024/06/05 04:00:00+00,0042,2024/06/05 04:00:00+00,2024,6,5D,Ward 6,Gender Identity/Expression,,Threats,807150,399778.82,137532.05,38.90564594,-77.00255001,MPD_EDITOR,2024/07/08 18:17:53+00,MPD,2024/07/09 23:09:47+00,9082,
-8576912.76667241,4708737.19190964,24086172,2100 block P St NW,2024/06/07 04:00:00+00,0110,2024/06/04 04:00:00+00,2024,6,2D,Ward 2,Gender Identity/Expression,,Simple Assault,807038,395861.49,137976.15,38.90963684,-77.04771599,MPD_EDITOR,2024/07/08 18:18:24+00,MPD,2024/07/09 23:10:10+00,9083,
-8577718.60483074,4707326.3765511,24086075,2500 block Virginia Ave NW,2024/06/06 04:00:00+00,1948,2024/06/06 04:00:00+00,2024,6,2D,Ward 2,Ethnicity/National Origin,Colombian,Simple Assault,801110,395232.98,136881.69,38.89977437,-77.05495496,MPD_EDITOR,2024/07/08 18:18:52+00,MPD,2024/07/09 23:10:03+00,9084,
-8575234.63595026,4711479.97177301,24085860,14th St NW and Irving St NW,2024/06/06 04:00:00+00,1340,2024/06/07 04:00:00+00,2024,6,3D,Ward 1,Ethnicity/National Origin,Hispanic,Simple Assault,905489,397169.7293,140103.5819,38.92880662,-77.03264109,MPD_EDITOR,2024/07/08 18:19:21+00,MPD,2024/07/09 23:09:55+00,9085,
-8569461.18860771,4703083.91356026,24086883,1600 block 17th St SE,2024/06/08 04:00:00+00,0551,2024/06/08 04:00:00+00,2024,6,6D,Ward 8,Race,White,Burglary,812205,401668.1458,133587.3126,38.87010871,-76.98077735,MPD_EDITOR,2024/07/08 18:19:50+00,MPD,2024/07/09 23:10:19+00,9086,
-8579242.20550579,4709766.16502931,24088182,2000 block Wisconsin Ave NW,2024/06/10 04:00:00+00,1322,2024/06/10 04:00:00+00,2024,6,2D,Ward 2,Race,Black,Simple Assault,813019,394047.16,138775.71,38.91682912,-77.06864169,MPD_EDITOR,2024/07/08 18:20:27+00,MPD,2024/07/09 23:10:26+00,9087,
-8574610.56730529,4707225.08140621,24089356,700 block 11th St NW,2024/06/12 04:00:00+00,1250,2024/06/12 04:00:00+00,2024,6,2D,Ward 2,Race,White,Simple Assault,812220,397654.85,136801.99,38.8990662,-77.02703499,MPD_EDITOR,2024/07/08 18:21:15+00,MPD,2024/07/09 23:10:43+00,9088,
-8566072.23744837,4706435.27292478,24089574,3900 block Minnesota Ave NE,2024/06/12 04:00:00+00,1939,2024/06/12 04:00:00+00,2024,6,6D,Ward 7,Sexual Orientation,,Simple Assault,810204,404308.62,136189.84,38.8935443,-76.95033389,MPD_EDITOR,2024/07/08 18:21:43+00,MPD,2024/07/09 23:11:01+00,9089,
-8572681.86221858,4715455.94004698,24089500,Unit block Kennedy St NW,2024/06/12 04:00:00+00,1530,2024/06/12 04:00:00+00,2024,6,4D,Ward 4,Ethnicity/National Origin,African,Damage/Defacing/Destruction of Property,807938,399158.46,143186.9,,,MPD_EDITOR,2024/07/08 18:22:11+00,MPD,2024/07/09 23:10:52+00,9090,
-8576434.92696773,4709609.00669698,24089677,1900 block 19th St NW,2024/06/12 04:00:00+00,2300,2024/06/13 04:00:00+00,2024,6,3D,Ward 2,Sexual Orientation,,Simple Assault,800331,396234.11,138652.43,38.91573067,-77.04342348,MPD_EDITOR,2024/07/08 18:22:38+00,MPD,2024/07/09 23:10:35+00,9091,
-8565853.38609068,4707207.02697231,24090636,700 block Kenilworth Ave NE,2024/06/14 04:00:00+00,1653,2024/06/14 04:00:00+00,2024,6,6D,Ward 7,Sexual Orientation,,Simple Assault,813891,404478.8329,136788.8974,38.89893998,-76.94836792,MPD_EDITOR,2024/07/08 18:23:35+00,MPD,2024/07/09 23:11:16+00,9092,
-8575228.97956657,4711389.13115709,24091251,3000 block 14th ST NW,2024/06/15 04:00:00+00,1800,2024/06/15 04:00:00+00,2024,6,3D,Ward 1,Ethnicity/National Origin,Unspecified,Threats,806449,397174.11,140033.11,38.9281718,-77.03259028,MPD_EDITOR,2024/07/08 18:24:02+00,MPD,2024/07/09 23:11:26+00,9093,
-8571040.08192955,4707387.68972477,24096929,8th St NE & H St NE,2024/06/25 04:00:00+00,1315,2024/06/25 04:00:00+00,2024,6,1D,Ward 6,Gender Identity/Expression,,ADW,901152,400437.12,136927.85,38.90020302,-76.99496078,MPD_EDITOR,2024/07/08 18:24:31+00,MPD,2024/07/09 23:12:13+00,9094,
-8576003.33335428,4708038.8672456,24095497,1700 block Desales St NW,2024/06/22 04:00:00+00,2350,2024/06/23 04:00:00+00,2024,6,2D,Ward 2,Ethnicity/National Origin,Palestinian,Simple Assault,806309,396569.82,137433.92,38.90475529,-77.03954641,MPD_EDITOR,2024/07/08 18:25:05+00,MPD,2024/07/09 23:12:05+00,9095,
-8576087.05540966,4707964.86300479,24095459,1100 block Connecticut Ave NW,2024/06/22 04:00:00+00,2359,2024/06/23 04:00:00+00,2024,6,2D,Ward 2,Ethnicity/National Origin,Palestinian,Simple Assault,807498,396504.56,137376.52,38.90423795,-77.0402985,MPD_EDITOR,2024/07/08 18:25:30+00,MPD,2024/07/09 23:11:49+00,9096,
,,"21060180
",500 block of Georgia Ave NW,2021/05/10 04:00:00+00,0329,2021/05/10 04:00:00+00,2021,5,4D,,Ethnicity/National Origin,Ethiopian,ADW,,,,,,MPD,2024/01/29 20:10:22+00,MPD,2024/02/16 21:02:52+00,9097,
,,21057281,1300 block of 14th St NE,2021/05/04 04:00:00+00,1346,2021/05/04 04:00:00+00,2021,5,5D,,Ethnicity/National Origin,Chinese,Simple Assault,,,,,,MPD,2024/01/29 20:12:17+00,MPD,2024/02/16 21:02:52+00,9098,
,,19183920,2400 block of Minnesota Ave NE,2019/10/14 04:00:00+00,1608,2019/10/14 04:00:00+00,2019,10,6D,,Race,White,Simple Assault,,,,,,MPD,2024/01/29 20:13:34+00,MPD,2024/02/16 21:02:52+00,9099,
,,19165737,7700 block of Eastern Ave NE,2019/09/17 04:00:00+00,0920,2019/09/17 04:00:00+00,2019,9,4D,,Gender Identity/Expression,,Robbery,,,,,,MPD,2024/01/29 20:15:23+00,MPD,2024/02/16 21:02:52+00,9100,
,,19034101,900 block of Eastern Ave NW,2019/02/27 05:00:00+00,1240,2019/02/27 05:00:00+00,2019,2,6D,,Gender Identity/Expression,,ADW,,,,,,MPD,2024/01/29 20:16:48+00,MPD,2024/02/16 21:02:52+00,9101,
,,17160966,1500 block of 2nd St NW,2017/09/16 04:00:00+00,1812,2017/09/16 04:00:00+00,2017,9,1D,,Sexual Orientation,,ADW,,,,,,MPD,2024/01/29 20:18:13+00,MPD,2024/02/16 21:02:52+00,9102,
,,16186020,4300 block of Prospect St NW,2016/10/31 04:00:00+00,2246,2016/11/01 04:00:00+00,2016,11,2D,,Sexual Orientation,,Robbery,,,,,,MPD,2024/01/29 20:19:18+00,MPD,2024/02/16 21:02:52+00,9103,
,,16142973,900 block of Eastern Ave NW,2016/08/25 04:00:00+00,1234-1411,2016/08/25 04:00:00+00,2016,8,6D,,Gender Identity/Expression,,Simple Assault,,,,,,MPD,2024/01/29 20:21:12+00,MPD,2024/02/16 21:02:52+00,9104,
,,15196534,400 block of New Jersey Ave NE,2015/12/05 05:00:00+00,1733-1733,2015/12/10 05:00:00+00,2015,12,1D,,Religion,Muslim,Threats,,,,,,MPD,2024/01/29 20:21:44+00,MPD,2024/02/16 21:02:52+00,9105,
,,15121520,Potomac Ave NW and Prospect St NW,2015/08/07 04:00:00+00,0119-0124,2015/08/07 04:00:00+00,2015,8,2D,,Sexual Orientation,,Simple Assault,,,,,,MPD,2024/01/29 20:22:50+00,MPD,2024/02/16 21:02:52+00,9106,
,,12045820,E St SE and Chaplin St SE,2012/04/04 04:00:00+00,1300,2012/04/04 04:00:00+00,2012,4,6D,,Sexual Orientation,,Simple Assault,,,,,,MPD,2024/01/29 20:24:14+00,MPD,2024/02/16 21:02:52+00,9107,
-8576088.0804126,4709215.86069008,17011418,1700 block of New Hampshire Ave NW,2017/01/21 05:00:00+00,0050,2017/01/21 05:00:00+00,2017,1,3D,Ward 2,Religion,Jewish,Simple Assault,812437,396504.19,138347.26,38.91298271,-77.04030771,,,MPD,2024/02/16 21:02:52+00,9108,
-8577534.82781806,4707799.54839166,14144376,1000 block of 25th St NW,2014/09/21 04:00:00+00,0040-0045,2014/09/21 04:00:00+00,2014,9,2D,Ward 2,Homelessness,,Simple Assault,814764,395376.4,137248.81,38.90308229,-77.05330406,,,MPD,2024/02/16 21:02:52+00,9109,
-8574971.76476555,4711812.16815689,12018396,1300 block of Park Rd NW,2012/02/06 05:00:00+00,1900,2012/02/06 05:00:00+00,2012,2,3D,Ward 1,Sexual Orientation,,Simple Assault,802061,397374.57,140361.21,38.93112805,-77.03027968,,,MPD,2024/02/16 21:02:52+00,9110,
-8571096.14477389,4701460.11556762,12090516,2600 block of Martin Luther King Jr Ave SE,2012/06/29 04:00:00+00,1430,2012/06/29 04:00:00+00,2012,6,7D,Ward 8,Sexual Orientation,,Simple Assault,806491,400393.66249432,132326.35020023,38.85875093,-76.99546441,,,MPD,2024/02/16 21:02:52+00,9111,
-8572610.07592963,4707718.33264821,12121218,K St NW and North Capitol ST NW,2012/08/27 04:00:00+00,1700,2012/08/27 04:00:00+00,2012,8,1D,Ward 6,Gender Identity/Expression,,Robbery,905449,399213.75759722,137184.47266874,38.90251452,-77.00906427,,,MPD,2024/02/16 21:02:52+00,9112,
-8567598.07044537,4700657.08914849,13025037,3100 block of Naylor Rd SE,2013/02/25 05:00:00+00,1600-1605,2013/02/25 05:00:00+00,2013,2,7D,Ward 7/Ward 8,Sexual Orientation,,Robbery,804820,403121.29968085,131703.37227965,38.85313343,-76.96404068,,,MPD,2024/10/08 19:11:14+00,9113,
-8571664.89963878,4698698.20465423,13079198,3400 block of 4th St SE,2013/06/11 04:00:00+00,1250-1255,2013/06/11 04:00:00+00,2013,6,7D,Ward 8,Sexual Orientation,,Simple Assault,815806,399950.2,130181.4,38.83942837,-77.00057362,,,MPD,2024/02/16 21:02:52+00,9114,
-8569714.22309575,4699450.81370885,13114264,1500 block of Savannah St SE,2013/08/12 04:00:00+00,2040-2042,2013/08/12 04:00:00+00,2013,8,7D,Ward 8,Race,White,ADW,805970,401471.41401532,130766.08066278,38.8446942,-76.9830504,,,MPD,2024/02/16 21:02:52+00,9115,
-8572137.61072663,4698087.33140976,13186593,100 block of Wayne Pl SE,2013/12/30 05:00:00+00,1231,2013/12/30 05:00:00+00,2013,12,7D,Ward 8,Sexual Orientation,,Simple Assault,809388,399581.51,129706.92,38.83515394,-77.00482005,,,MPD,2024/02/16 21:02:52+00,9116,
-8571827.18994631,4709636.43810032,14052514,1900 block of 3rd St NE,2014/04/16 04:00:00+00,1425-1430,2014/04/16 04:00:00+00,2014,4,5D,Ward 5,Gender Identity/Expression,,ADW,806067,399823.82,138672.82,38.9159224,-77.00203149,,,MPD,2024/02/16 21:02:52+00,9117,
-8575251.59668574,4707719.51212287,14092699,1400 block of K St NW,2014/06/25 04:00:00+00,1458,2014/06/25 04:00:00+00,2014,6,2D,Ward 2,Religion,Muslim,Damage/Defacing/Destruction of Property,805270,397155.47,137185.86,38.90252277,-77.03279345,,,MPD,2024/02/16 21:02:52+00,9118,
-8575559.57711241,4707719.69271238,14124759,1500 block of K St NW,2014/08/18 04:00:00+00,1848-1849,2014/08/19 04:00:00+00,2014,8,2D,Ward 2,Race,Black,Simple Assault,801818,396915.49,137186.09,38.90252403,-77.03556009,,,MPD,2024/02/16 21:02:52+00,9119,
-8573401.75097884,4707719.00528336,15029735,4th St NW and K St NW,2015/03/02 05:00:00+00,1717-1913,2015/03/02 05:00:00+00,2015,3,1D,Ward 6,Race,Asian,ADW,904976,398596.87999665,137185.07999674,38.90251922,-77.01617601,,,MPD,2024/02/16 21:02:52+00,9120,
-8574143.8057123,4711134.41251187,15094629,2800 block of Georgia Ave NW,2015/06/23 04:00:00+00,2018-2020,2015/06/23 04:00:00+00,2015,6,3D,Ward 1,Sexual Orientation,,Simple Assault,812827,398019.33,139835.25,38.92639173,-77.022842,,,MPD,2024/02/16 21:02:52+00,9121,
-8573762.70911596,4707117.06171429,15190805,500 block of G St NW,2015/11/30 05:00:00+00,0226-0509,2015/11/30 05:00:00+00,2015,11,1D,Ward 2,Gender Identity/Expression,,ADW,803614,398315.52,136717.99,38.89831102,-77.01941855,,,MPD,2024/02/16 21:02:52+00,9122,
-8573453.39058665,4715551.92710868,16078106,300 block of Missouri Ave NW,2016/05/16 04:00:00+00,1830-1840,2016/05/16 04:00:00+00,2016,5,4D,Ward 4,Ethnicity/National Origin,Latino/Hispanic,Threats,809690,398557.75,143261.42,38.95725671,-77.01663989,,,MPD,2024/02/16 21:02:52+00,9123,
-8575885.12663161,4709003.36591467,16106888,1600 block of 17th St NW,2016/06/21 04:00:00+00,2016,2016/06/21 04:00:00+00,2016,6,3D,Ward 2,Sexual Orientation,,Simple Assault,808622,396662.24,138182.31,38.9114974,-77.03848454,,,MPD,2024/02/16 21:02:52+00,9124,
-8574143.8057123,4711134.41251187,17173404,2800 block of Georgia Ave NW,2017/10/06 04:00:00+00,1500,2017/10/06 04:00:00+00,2017,10,3D,Ward 1,Gender Identity/Expression,,Threats,812827,398019.33,139835.25,38.92639173,-77.022842,,,MPD,2024/02/16 21:02:52+00,9125,
-8572982.2302928,4696608.89252512,17192415,4600 block of Martin Luther King Jr Ave SW,2017/11/05 04:00:00+00,1700,2017/11/06 05:00:00+00,2017,11,7D,Ward 8,Sexual Orientation,,Damage/Defacing/Destruction of Property,810760,398922.6,128558.5,38.82480788,-77.0124074,,,MPD,2024/02/16 21:02:52+00,9126,
-8568748.96029682,4701253.33422024,17206420,2700 block of Bruce Pl SE,2017/11/29 05:00:00+00,2224,2017/11/29 05:00:00+00,2017,11,7D,Ward 8,Gender Identity/Expression,,Robbery,812866,402223.76908802,132166.08287208,38.85730445,-76.9743793,,,MPD,2024/02/16 21:02:52+00,9127,
-8573067.11471363,4707893.4851951,18031276,100 block of L St NW,2018/02/24 05:00:00+00,1515,2018/02/24 05:00:00+00,2018,2,1D,Ward 6,Gender Identity/Expression,,Simple Assault,813991,398857.65,137320.44,38.90373897,-77.01316992,,,MPD,2024/02/16 21:02:52+00,9128,
-8579662.99767938,4712232.08410798,18048419,3300 block of Wisconsin Ave NW,2018/03/26 04:00:00+00,2027,2018/03/26 04:00:00+00,2018,3,2D,Ward 3,Race,Black,Damage/Defacing/Destruction of Property,811570,393720.86,140689,38.93406237,-77.07242173,,,MPD,2024/02/16 21:02:52+00,9129,
-8575067.57877281,4707312.43992607,18079974,1300 block of New York Ave NW,2018/05/17 04:00:00+00,1610,2018/05/18 04:00:00+00,2018,5,2D,Ward 2,Ethnicity/National Origin,Latino/Hispanic,Threats,801535,397298.75,136869.9,38.89967694,-77.03114039,,,MPD,2024/02/16 21:02:52+00,9130,
-8564351.9419748,4706083.79129898,18096291,100 block of 47th St NE,2018/06/13 04:00:00+00,2350,2018/06/14 04:00:00+00,2018,6,6D,Ward 7,Sexual Orientation,,Robbery,808959,405649.4468832,135917.88095556,38.8910868,-76.93488022,,,MPD,2024/02/16 21:02:52+00,9131,
-8572982.2302928,4696608.89252512,18109277,4600 block of Martin Luther King Jr Ave SW,2018/07/04 04:00:00+00,1413,2018/07/04 04:00:00+00,2018,7,7D,Ward 8,Gender Identity/Expression,,Threats,810760,398922.6,128558.5,38.82480788,-77.0124074,,,MPD,2024/02/16 21:02:52+00,9132,
-8574040.63492209,4707407.51257753,18110306,800 block of 7th ST NW,2018/07/06 04:00:00+00,0007,2018/07/06 04:00:00+00,2018,7,1D,Ward 2,Gender Identity/Expression,,Simple Assault,814889,398099,136943.45,38.9003416,-77.0219152,,,MPD,2024/02/16 21:02:52+00,9133,
-8570069.2785528,4710894.49956672,18135346,1300 block of Brentwood Rd NE,2018/08/15 04:00:00+00,0000,2018/08/15 04:00:00+00,2018,8,5D,Ward 5,Sexual Orientation,,Threats,814526,401193.19,139648.97,38.92471508,-76.98623991,,,MPD,2024/02/16 21:02:52+00,9134,
-8575302.90318776,4708739.30067432,18152577,1400 block of P St NW,2018/09/10 04:00:00+00,2255,2018/09/10 04:00:00+00,2018,9,2D,Ward 2,Ethnicity/National Origin,Latino/Hispanic,Simple Assault,815289,397115.78,137977.23,38.90965158,-77.03325434,,,MPD,2024/02/16 21:02:52+00,9135,
-8566254.24479932,4706734.85199627,18174032,3700 block of Benning Rd NE,2018/10/13 04:00:00+00,2239,2018/10/14 04:00:00+00,2018,10,6D,Ward 7,Sexual Orientation,,Damage/Defacing/Destruction of Property,807542,404166.65868982,136422.27452403,38.89563884,-76.95196889,,,MPD,2024/02/16 21:02:52+00,9136,
-8571992.24204136,4708478.06617322,18203912,1300 block of 2nd St NE,2018/12/01 05:00:00+00,0438,2018/12/01 05:00:00+00,2018,12,5D,Ward 6,Gender Identity/Expression,,Threats,815800,399695.2,137774,38.90782549,-77.00351418,,,MPD,2024/02/16 21:02:52+00,9137,
-8572530.55307974,4706841.75494654,19026746,Unit block of E St NE,2019/02/14 05:00:00+00,1952,2019/02/15 05:00:00+00,2019,2,1D,Ward 6,Ethnicity/National Origin,Non-European,Damage/Defacing/Destruction of Property,802587,399275.66,136504.18,38.89638625,-77.00834991,,,MPD,2024/02/16 21:02:52+00,9138,
-8570902.31145973,4709169.63630541,22117217,500 block of New York Ave NE,2022/08/15 04:00:00+00,1302,2022/08/15 04:00:00+00,2022,8,5D,Ward 5,Race,Black,Simple Assault,816379,400544.38,138310.64,38.91265961,-76.99372317,,,MPD,2024/02/16 21:02:52+00,9139,
-8579922.18176484,4710466.38924556,19056247,3800 block of Beecher St NW,2019/04/03 04:00:00+00,1851,2019/04/30 04:00:00+00,2019,4,2D,Ward 3,Ethnicity/National Origin,Jewish,Threats,808004,393517.87,139319.4,38.92172311,-77.07475002,,,MPD,2024/02/16 21:02:52+00,9140,
-8576339.65633423,4708167.41229114,19071007,1800 block of M St NW,2019/04/23 04:00:00+00,1700,2019/04/26 04:00:00+00,2019,4,2D,Ward 2,Ethnicity/National Origin,Jewish,Damage/Defacing/Destruction of Property,809121,396307.81,137533.79,38.90565389,-77.04256765,,,MPD,2024/02/16 21:02:52+00,9141,
-8574143.8057123,4711134.41251187,17040976,2800 block of Georgia Ave NW,2017/03/12 05:00:00+00,1400,2017/03/12 05:00:00+00,2017,3,3D,Ward 1,Gender Identity/Expression,,Damage/Defacing/Destruction of Property,812827,398019.33,139835.25,38.92639173,-77.022842,,,MPD,2024/02/16 21:02:52+00,9142,
-8575345.76018174,4711470.91823388,17071780,1400 block of Irving St NW,2017/05/01 04:00:00+00,0009,2017/05/01 04:00:00+00,2017,5,3D,Ward 1,Sexual Orientation,,Simple Assault,809317,397083.17,140096.59,38.92874335,-77.03363933,,,MPD,2024/02/16 21:02:52+00,9143,
-8570086.12088747,4709082.10386197,17102708,1800 block of Kendall St NE,2017/06/16 04:00:00+00,1824,2017/06/16 04:00:00+00,2017,6,5D,Ward 5,Race,Black,Simple Assault,813329,401180.28,138242.79,38.91204777,-76.98639121,,,MPD,2024/02/16 21:02:52+00,9144,
-8575651.35015841,4716678.36152718,17124884,6100 block of 16th St NW,2017/07/20 04:00:00+00,2138,2017/07/21 04:00:00+00,2017,7,4D,Ward 4,Ethnicity/National Origin,Black/African,Simple Assault,800279,396846.75,144135.36,38.9651249,-77.03638449,,,MPD,2024/02/16 21:02:52+00,9145,
-8575253.06409872,4707229.84367512,17150165,1400 block of New York Ave NW,2017/08/27 04:00:00+00,0043,2017/08/30 04:00:00+00,2017,8,2D,Ward 2,Political Affiliation,,Threats,800698,397154.19,136805.85,38.8990995,-77.03280663,,,MPD,2024/02/16 21:02:52+00,9146,
-8571992.24204136,4708478.06617322,19231444,1300 block of 2nd St NE,2019/12/29 05:00:00+00,1812,2019/12/29 05:00:00+00,2019,12,5D,Ward 6,Ethnicity/National Origin,Asian,Threats,815800,399695.2,137774,38.90782549,-77.00351418,,,MPD,2024/02/16 21:02:52+00,9147,
-8574317.08355399,4712648.07696628,20024492,3700 block of Georgia Ave NW,2020/02/09 05:00:00+00,1720,2020/02/09 05:00:00+00,2020,2,4D,Ward 4,Gender Identity/Expression,,Threats,809816,397884.67,141009.47,38.93696915,-77.02439858,,,MPD,2024/02/16 21:02:52+00,9148,
-8574832.52260669,4716049.75667952,20090833,5800 block of Colorado Ave NW,2020/06/20 04:00:00+00,2300,2020/06/20 04:00:00+00,2020,6,4D,Ward 4,Gender Identity/Expression,,Threats,802378,397484.07,143647.72,38.96073418,-77.02902884,,,MPD,2024/02/16 21:02:52+00,9149,
-8576337.49994618,4709162.15952598,20121968,1800 block of R St NW,2020/08/26 04:00:00+00,1242,2020/08/26 04:00:00+00,2020,8,2D,Ward 2,Ethnicity/National Origin,Jewish,Threats,803082,396309.85,138305.68,38.91260735,-77.04254828,,,MPD,2024/02/16 21:02:52+00,9150,
-8571606.57194294,4703994.90491662,22100068,400 block of M St SE,2022/07/13 04:00:00+00,1200,2022/07/13 04:00:00+00,2022,7,1D,Ward 8,Sexual Orientation,,Threats,808481,399995.69193395,134294.38837806,38.87647991,-77.00004965,,,MPD,2024/02/16 21:02:52+00,9151,
-8571664.03041569,4697069.28877032,20136153,4200 block of 4th ST SE,2020/09/23 04:00:00+00,1921,2020/09/23 04:00:00+00,2020,9,7D,Ward 8,Gender Identity/Expression,,Threats,813557,399950.87,128916.09,38.82802987,-77.00056581,,,MPD,2024/02/16 21:02:52+00,9152,
-8575321.97819803,4716033.11985025,20139860,5800 block of 14th St NW,2020/09/30 04:00:00+00,1821,2020/09/30 04:00:00+00,2020,9,4D,Ward 4,Ethnicity/National Origin,Latino/Hispanic,Simple Assault,801014,397102.99,143634.95,38.96061797,-77.03342569,,,MPD,2024/02/16 21:02:52+00,9153,
-8572329.59678799,4709001.96546855,20169151,1600 block of 1st St NE,2020/11/27 05:00:00+00,1135,2020/11/27 05:00:00+00,2020,11,5D,Ward 5,Race,Black,Threats,814939,399432.38,138180.54,38.91148761,-77.00654469,,,MPD,2024/02/16 21:02:52+00,9154,
-8574669.02283706,4709790.45660157,21009042,1100 block of U St NW,2021/01/20 05:00:00+00,1809,2021/01/20 05:00:00+00,2021,1,3D,Ward 1,Sexual Orientation,,Simple Assault,812182,397609.9,138792.68,38.91699891,-77.0275601,,,MPD,2024/02/16 21:02:52+00,9155,
-8573466.46287221,4709851.80303805,21048092,300 block of Elm St NW,2021/04/15 04:00:00+00,1820,2021/04/15 04:00:00+00,2021,4,3D,Ward 1,Ethnicity/National Origin,Asian,Simple Assault,813496,398546.76,138840.05,38.91742768,-77.01675733,,,MPD,2024/02/16 21:02:52+00,9156,
-8570628.5308648,4712687.59992727,21085513,1000 block of Quincy St NE,2021/06/24 04:00:00+00,2005,2021/06/24 04:00:00+00,2021,6,5D,Ward 5,Sexual Orientation,,Simple Assault,804592,400757.42,141039.88,38.93724531,-76.99126375,,,MPD,2024/02/16 21:02:52+00,9157,
-8576240.93616487,4709973.92112161,21106634,2100 block of 18th St NW,2021/07/30 04:00:00+00,1741,2021/07/31 04:00:00+00,2021,7,3D,Ward 1,Race,Asian,Simple Assault,813741,396385.37,138935.49,38.9182812,-77.04168083,,,MPD,2024/02/16 21:02:52+00,9158,
-8572613.82326639,4704001.4901291,21128638,1100 block of South Capitol St SW,2021/09/09 04:00:00+00,0140,2021/09/09 04:00:00+00,2021,9,1D,Ward 6,Sexual Orientation,,Simple Assault,815894,399210.55,134299.54,38.87652596,-77.00909794,,,MPD,2024/02/16 21:02:52+00,9159,
-8569484.65315305,4702369.37252044,21164660,1600 block of U St SE,2021/11/10 05:00:00+00,2050,2021/11/10 05:00:00+00,2021,11,7D,Ward 8,Race,Black,Damage/Defacing/Destruction of Property,815301,401649.96934348,133032.52853689,38.86511102,-76.98098813,,,MPD,2024/02/16 21:02:52+00,9160,
-8573817.67341639,4715512.97316331,21185165,5500 block of 5th St NW,2021/12/19 05:00:00+00,2107,2021/12/19 05:00:00+00,2021,12,4D,Ward 4,Sexual Orientation,,ADW,802987,398274.11,143231.27,38.9569846,-77.0199123,,,MPD,2024/02/16 21:02:52+00,9161,
-8575817.81931549,4710961.1384958,22032188,2600 block of Mozart Pl NW,2022/03/07 05:00:00+00,1810,2022/03/07 05:00:00+00,2022,3,3D,Ward 1,Sexual Orientation,,Simple Assault,811446,396715.31,139701.26,38.9251808,-77.03787991,,,MPD,2024/02/16 21:02:52+00,9162,
-8572780.5648846,4710252.86663737,22059110,Unit block of Adams St NW,2022/04/28 04:00:00+00,1801,2022/04/28 04:00:00+00,2022,4,3D,Ward 5,Sexual Orientation,,Threats,809120,399081.14,139151.14,38.9202308,-77.0105958,,,MPD,2024/02/16 21:02:52+00,9163,
-8572612.14340835,4703612.87513045,19113821,1300 block of South Capitol St SW,2019/06/29 04:00:00+00,2229,2019/06/30 04:00:00+00,2019,6,1D,Ward 6/Ward 8,Race,Black,Simple Assault,815284,399211.82937322,133997.84511378,38.87380818,-77.00908285,,,MPD,2024/10/08 19:10:36+00,9164,
-8572256.24091086,4707960.84919014,19150379,1100 block of 1st St NE,2019/08/24 04:00:00+00,2220,2019/08/24 04:00:00+00,2019,8,5D,Ward 6,Race,White,Simple Assault,800351,399489.48,137372.65,38.90420989,-77.00588572,,,MPD,2024/02/16 21:02:52+00,9165,
-8567330.01404276,4711373.25722982,19164778,3000 block of Bladensburg Rd NE,2019/09/15 04:00:00+00,2109,2019/09/15 04:00:00+00,2019,9,5D,Ward 5,Sexual Orientation,,Threats,807734,403326.82,140020.99,38.92806087,-76.96163268,,,MPD,2024/02/16 21:02:52+00,9166,
-8574812.89088226,4709790.57951227,19171149,1200 block of U St NW,2019/09/25 04:00:00+00,1557,2019/09/25 04:00:00+00,2019,9,3D,Ward 1,Gender Identity/Expression,,Simple Assault,809133,397497.82,138792.81,38.91699977,-77.02885249,,,MPD,2024/02/16 21:02:52+00,9167,
-8575155.00718528,4715632.05859026,19187988,5600 block of Colorado Ave NW,2019/10/20 04:00:00+00,2040,2019/10/20 04:00:00+00,2019,10,4D,Ward 4,Sexual Orientation,,ADW,800125,397232.88,143323.91,38.95781646,-77.03192577,,,MPD,2024/02/16 21:02:52+00,9168,
-8574040.80672698,4707052.68859928,23086742,600 block of 7th St NW,2023/05/30 04:00:00+00,1937,2023/06/01 04:00:00+00,2023,6,1D,Ward 2,Sexual Orientation,,Damage/Defacing/Destruction of Property,803715,398098.8,136668.08,38.89786097,-77.02191674,,,MPD,2024/02/16 21:02:52+00,9169,
-8572553.37908872,4708871.46104526,23136482,Unit block of Florida Ave NE,2023/08/17 04:00:00+00,1705,2023/08/17 04:00:00+00,2023,8,5D,Ward 5,Sexual Orientation,,Simple Assault,812113,399258.02,138079.29,38.91057539,-77.00855496,,,MPD,2024/02/16 21:02:52+00,9170,
-8569811.87814916,4709469.72757525,23154566,1400 block of Okie St NE,2023/09/19 04:00:00+00,0528,2023/09/19 04:00:00+00,2023,9,5D,Ward 5,Gender Identity/Expression,,Threats,816601,401393.89,138543.59,38.91475717,-76.98392764,,,MPD,2024/02/16 21:02:52+00,9171,
-8577397.54030938,4708738.54964646,23179312,2400 block of P St NW,2023/10/30 04:00:00+00,1707,2023/10/31 04:00:00+00,2023,10,2D,Ward 2,Ethnicity/National Origin,Israeli,Damage/Defacing/Destruction of Property,805558,395483.79,137977.41,38.90964633,-77.05207078,,,MPD,2024/02/16 21:02:52+00,9172,
-8574268.97663641,4708489.99033277,23186812,1300 block of 9th St NW,2023/11/14 05:00:00+00,0910,2023/11/14 05:00:00+00,2023,11,2D,Ward 2,Sexual Orientation,,Threats,805465,397921.29,137783.52,38.90790884,-77.02396643,,,MPD,2024/02/16 21:02:52+00,9173,
-8579046.52056835,4707887.3989472,17166173,3300 block of Water St NW,2017/09/24 04:00:00+00,1843,2017/09/24 04:00:00+00,2017,9,2D,Ward 2,Race,Black,Threats,805850,394198.54,137317.76,38.90369643,-77.06688382,,,MPD,2024/02/16 21:02:52+00,9174,
-8575244.69198938,4712103.80312933,14125118,14th ST NW and Meridian Pl NW,2014/08/19 04:00:00+00,1215-1230,2014/08/19 04:00:00+00,2014,8,4D,Ward 1,Sexual Orientation,,Simple Assault,900198,397162.07001132,140587.5100159,38.93316597,-77.03273142,,,MPD,2024/02/16 21:02:52+00,9175,
-8574669.02283706,4709790.45660157,15201404,1100 block of U St NW,2015/12/17 05:00:00+00,2328-2335,2015/12/18 05:00:00+00,2015,12,3D,Ward 1,Sexual Orientation,,Simple Assault,812182,397609.9,138792.68,38.91699891,-77.0275601,,,MPD,2024/02/16 21:02:52+00,9176,
-8574040.63492209,4707407.51257753,18011228,800 block of 7th St NW,2018/01/21 05:00:00+00,0222,2018/01/21 05:00:00+00,2018,1,1D,Ward 2,Race,Black,Displaying Symbols,814889,398099,136943.45,38.9003416,-77.0219152,,,MPD,2024/02/16 21:02:52+00,9177,
-8575067.57877281,4707312.43992607,18133968,1300 block of New York Ave NW,2018/08/12 04:00:00+00,1700,2018/08/12 04:00:00+00,2018,8,2D,Ward 2,Political Affiliation,,Simple Assault,801535,397298.75,136869.9,38.89967694,-77.03114039,,,MPD,2024/02/16 21:02:52+00,9178,
-8575302.90318776,4708739.30067432,19033338,1400 block of P St NW,2019/02/26 05:00:00+00,0532,2019/02/26 05:00:00+00,2019,2,2D,Ward 2,Ethnicity/National Origin,Latino/Hispanic,Threats,815289,397115.78,137977.23,38.90965158,-77.03325434,,,MPD,2024/02/16 21:02:52+00,9179,
-8576643.87701525,4708453.10529473,20109907,1300 block of New Hampshire Ave NW,2020/07/28 04:00:00+00,2030,2020/08/02 04:00:00+00,2020,8,2D,Ward 2,Race,White,Threats,805753,396070.88,137755.6,38.90765101,-77.04530051,,,MPD,2024/02/16 21:02:52+00,9180,
-8576774.03598096,4709929.72486691,20133775,2000 block of Wyoming Ave NW,2020/09/18 04:00:00+00,2202,2020/09/18 04:00:00+00,2020,9,3D,Ward 1,Ethnicity/National Origin,Jewish,Threats,803066,395970.05,138901.4,38.9179723,-77.04646975,,,MPD,2024/02/16 21:02:52+00,9181,
-8574194.56528868,4711583.40237456,21078810,3100 block of Georgia Ave NW,2021/06/12 04:00:00+00,0300,2021/06/13 04:00:00+00,2021,6,4D,Ward 1,Ethnicity/National Origin,Ethiopian,ADW,813003,397979.88,140183.57,38.92952942,-77.02329798,,,MPD,2024/02/16 21:02:52+00,9182,
-8572590.67131249,4696436.49073385,21158790,Unit block of Galveston St SW,2021/10/30 04:00:00+00,2330,2021/10/31 04:00:00+00,2021,10,7D,Ward 8,Sexual Orientation,,Simple Assault,804808,399228.02425324,128424.52830861,38.82360132,-77.00888996,,,MPD,2024/02/16 21:02:52+00,9183,
-8569546.457723,4708013.56024374,19148518,1100 block of 16th St NE,2019/08/21 04:00:00+00,2216,2019/08/22 04:00:00+00,2019,8,5D,Ward 5,Sexual Orientation,,Threats,800669,401600.9,137413.7,38.90457838,-76.98154333,,,MPD,2024/02/16 21:02:52+00,9184,
-8571146.73478786,4700306.37552195,23139060,2700 block of Martin Luther King Jr Ave SE,2023/08/23 04:00:00+00,1700,2023/08/23 04:00:00+00,2023,8,7D,Ward 8,Sexual Orientation,,Threats,802612,400354.25833428,131430.4068714,38.8506799,-76.99591886,,,MPD,2024/02/16 21:02:52+00,9185,
-8575244.54599489,4712701.64903507,23077027,3700 block of 14th St NW,2023/05/13 04:00:00+00,0335,2023/05/17 04:00:00+00,2023,5,4D,Ward 4,Ethnicity/National Origin,Hispanic,ADW,804309,397162.35,141051.25,38.93734348,-77.03273011,,,MPD,2024/02/16 21:02:52+00,9186,
-8569157.3421055,4703042.52195272,22141834,1800 block of Minnesota Ave SE,2022/09/30 04:00:00+00,1849,2022/09/30 04:00:00+00,2022,9,6D,Ward 8,Gender Identity/Expression,,Threats,806952,401905.02,133555.23,38.86981921,-76.97804785,,,MPD,2024/02/16 21:02:52+00,9187,
-8578010.62460267,4708086.66019716,23003475,2800 block of Pennsylvania Ave NW,2023/01/07 05:00:00+00,0630,2023/01/07 05:00:00+00,2023,1,2D,Ward 2,Religion,Catholic,10-89/Bomb Threat,807663,395005.8,137471.84,38.90508939,-77.05757821,,,MPD,2024/02/16 21:02:52+00,9188,
-8578124.02311132,4710169.69626042,23039337,2900 block of Benton Pl NW,2023/03/13 04:00:00+00,1220,2023/03/13 04:00:00+00,2023,3,2D,Ward 3,Ethnicity/National Origin,Jewish,Damage/Defacing/Destruction of Property,805612,394918.48,139088.19,38.91964952,-77.05859689,,,MPD,2024/02/16 21:02:52+00,9189,
-8573123.08648226,4708949.48936298,19092284,200 block of Q St NW,2019/05/28 04:00:00+00,1600,2019/05/28 04:00:00+00,2019,5,3D,Ward 5,Sexual Orientation,,Threats,807731,398814.16,138139.89,38.9111208,-77.01367272,,,MPD,2024/02/16 21:02:52+00,9190,
-8576839.96898184,4708140.55501013,24055442,2100 block M St NW,2024/04/13 04:00:00+00,1440,2024/04/13 04:00:00+00,2024,4,2D,Ward 2,Race,Black,Threats,815021,395917.97,137513.14,38.90546615,-77.04706204,MPD_EDITOR,2024/05/06 17:37:46+00,MPD,2024/05/13 21:20:04+00,9191,
-8573708.16800308,4707482.08007711,24056497,5th St NW and I St NW,2024/04/15 04:00:00+00,1408,2024/04/15 04:00:00+00,2024,4,1D,Ward 2/Ward 6,Ethnicity/National Origin,African,Threats,902235,398358.08,137001.2608,38.90132196,-77.01892688,MPD_EDITOR,2024/05/06 17:38:35+00,MPD,2024/05/13 21:20:20+00,9192,
-8574812.99396059,4707427.33398376,24057201,1200 block New York Ave NW,2024/04/16 04:00:00+00,1814,2024/04/16 04:00:00+00,2024,4,2D,Ward 2,Race,White,ADW,803296,397497.16,136959,38.90048017,-77.02885342,MPD_EDITOR,2024/05/06 17:39:12+00,MPD,2024/05/13 21:20:37+00,9193,
-8573929.49140939,4706978.56117192,24057542,600 block F St NW,2024/04/08 04:00:00+00,0243,2024/04/17 04:00:00+00,2024,4,1D,Ward 2,Ethnicity/National Origin,Non-Palestinian,Threats,804562,398185.53,136610.53,38.89734272,-77.02091678,MPD_EDITOR,2024/05/06 17:39:46+00,MPD,2024/05/13 21:19:46+00,9194,
-8574343.34295541,4709790.09900187,24060312,900 block U St NW,2024/04/20 04:00:00+00,1200,2024/04/22 04:00:00+00,2024,4,3D,Ward 1,Gender Identity/Expression,,Threats,813703,397863.62,138792.33,38.91699641,-77.02463447,MPD_EDITOR,2024/05/06 17:40:20+00,MPD,2024/05/13 21:20:53+00,9195,
-8577367.32625899,4707079.49391013,24063609,2400 block Virginia Ave NW,2024/04/28 04:00:00+00,0000,2024/04/28 04:00:00+00,2024,4,2D,Ward 2,Race,White,Simple Assault,804406,395506.6,136689.93,38.89804837,-77.05179937,MPD_EDITOR,2024/05/06 17:41:11+00,MPD,2024/05/13 21:21:06+00,9196,
-8575658.42558398,4712668.84854008,24063937,3600 block 16th St NW,2024/04/28 04:00:00+00,1200,2024/04/29 04:00:00+00,2024,4,3D,Ward 1,Ethnicity/National Origin,Palestinian,Threats,805566,396840,141025.93,38.93711429,-77.03644805,MPD_EDITOR,2024/05/06 17:41:53+00,MPD,2024/05/13 21:21:28+00,9197,
-8574669.21229526,4708585.17618493,24064439,1100 block O St NW,2024/04/30 04:00:00+00,0730,2024/04/30 04:00:00+00,2024,4,3D,Ward 2,Ethnicity/National Origin,Israeli,Damage/Defacing/Destruction of Property,811790,397609.47,137857.47,38.90857422,-77.0275618,MPD_EDITOR,2024/05/06 17:42:30+00,MPD,2024/05/13 21:21:45+00,9198,
-8575244.51833599,4711581.60925674,24064386,3100 block 14th St NW,2024/04/30 04:00:00+00,0105,2024/04/30 04:00:00+00,2024,4,3D,Ward 1,Gender Identity/Expression,,Simple Assault,800898,397162.06,140182.43,38.92951689,-77.03272986,MPD_EDITOR,2024/05/06 17:43:02+00,MPD,2024/05/13 21:18:16+00,9199,
-8574976.34710493,4708394.49359146,24064602,1300 block N St NW,2024/04/30 04:00:00+00,1216,2024/04/30 04:00:00+00,2024,4,3D,Ward 2,Race,White,Simple Assault,809654,397370.12,137709.58,38.90724129,-77.03032084,MPD_EDITOR,2024/05/06 17:43:31+00,MPD,2024/05/13 21:22:01+00,9200,
-8576548.85447716,4709970.32106358,24065882,2100 block 19th St NW,2024/05/02 04:00:00+00,1530,2024/05/02 04:00:00+00,2024,5,3D,Ward 1,Sexual Orientation,,Threats,815151,396145.49,138932.81,38.91825604,-77.04444691,MPD_EDITOR,2024/06/10 21:46:42+00,MPD,2024/06/14 18:40:01+00,9201,
-8570905.92113098,4710446.58560262,24067066,2300 block Washington Pl NE,2024/05/04 04:00:00+00,1520,2024/05/04 04:00:00+00,2024,5,5D,Ward 5,Gender Identity/Expression,,Sexual Assault,815802,400541.5,139301.4,38.92158471,-76.99375559,MPD_EDITOR,2024/06/10 21:47:28+00,MPD,2024/06/14 18:41:16+00,9202,
-8574812.89088226,4709790.57951227,24067590,1200 block U St NW,2024/05/05 04:00:00+00,2134,2024/05/05 04:00:00+00,2024,5,3D,Ward 1,Sexual Orientation,,Simple Assault,809133,397497.82,138792.81,38.91699977,-77.02885249,MPD_EDITOR,2024/06/10 21:48:00+00,MPD,2024/06/14 18:41:53+00,9203,
-8570212.66731458,4707926.05972271,24068135,1200 block Neal St NE,2024/05/06 04:00:00+00,1834,2024/05/06 04:00:00+00,2024,5,5D,Ward 5,Gender Identity/Expression,,Simple Assault,806356,401081.81,137345.71,38.90396669,-76.98752799,MPD_EDITOR,2024/06/10 21:48:37+00,MPD,2024/06/14 18:42:23+00,9204,
-8573555.41294778,4703863.08502458,24069156,1100 block 4th ST SW,2024/05/08 04:00:00+00,1621,2024/05/08 04:00:00+00,2024,5,1D,Ward 6,Race,Black,Simple Assault,801033,398476.57,134192.2,38.87555804,-77.01755638,MPD_EDITOR,2024/06/10 21:49:06+00,MPD,2024/06/14 18:44:14+00,9205,
-8576520.10938347,4706979.82393988,24069562,1900 block F St NW,2024/05/02 04:00:00+00,1642,2024/05/02 04:00:00+00,2024,5,2D,Ward 2,Religion,Muslim,Threats,804065,396166.76,136612.23,38.89735155,-77.04418869,MPD_EDITOR,2024/06/10 21:49:37+00,MPD,2024/06/14 18:40:36+00,9206,
-8575244.4616051,4712968.70171515,24069702,3900 block 14th St NW,2024/05/09 04:00:00+00,1600,2024/05/09 04:00:00+00,2024,5,4D,Ward 4,Ethnicity/National Origin,Hispanic,Threats,806212,397162.49,141258.39,38.93920946,-77.03272935,MPD_EDITOR,2024/06/10 21:50:10+00,MPD,2024/06/14 18:45:04+00,9207,
-8575028.69806272,4706979.08606793,24072355,1300 block F St NW,2024/05/14 04:00:00+00,1451,2024/05/14 04:00:00+00,2024,5,2D,Ward 2,Race,Black,Simple Assault,809400,397328.96,136611.18,38.89734639,-77.03079112,MPD_EDITOR,2024/06/10 21:50:46+00,MPD,2024/06/14 18:45:57+00,9208,
-8569588.03243831,4707464.93470449,24073146,1500 block Maryland Ave NE,2024/05/15 04:00:00+00,2225,2024/05/16 04:00:00+00,2024,5,5D,Ward 5,Gender Identity/Expression,,ADW,800273,401568.59,136987.94,38.90074304,-76.9819168,MPD_EDITOR,2024/06/10 21:51:17+00,MPD,2024/06/14 18:46:56+00,9209,
-8572139.04832821,4697884.34943899,24074237,Unit block Mississippi Ave SE,2024/05/17 04:00:00+00,1735,2024/05/17 04:00:00+00,2024,5,7D,Ward 8,Gender Identity/Expression,,Robbery,809565,399580.3804,129549.2492,,,MPD_EDITOR,2024/06/10 21:51:47+00,MPD,2024/06/14 18:19:23+00,9210,
-8574317.08355399,4712648.07696628,24074572,3700 block Georgia Ave NW,2024/05/18 04:00:00+00,1253,2024/05/18 04:00:00+00,2024,5,4D,Ward 4,Race,White,Simple Assault,809816,397884.67,141009.47,38.93696915,-77.02439858,MPD_EDITOR,2024/06/10 21:52:24+00,MPD,2024/06/14 18:48:27+00,9211,
-8569289.60106168,4706871.09176008,24098427,1700 block F St NE,2024/06/27 04:00:00+00,2055,2024/06/24 04:00:00+00,2024,6,5D,Ward 7,Sexual Orientation,,Threats,803085,401801.24,136527.12,38.89659136,-76.97923595,MPD_EDITOR,2024/07/08 18:25:58+00,MPD,2024/07/09 23:12:22+00,9212,
-8575666.76658869,4708790.9678747,24117865,1500 block 16th St NW,2024/07/24 04:00:00+00,1502,2024/08/01 04:00:00+00,2024,8,2D,Ward 2,Ethnicity/National Origin,Jewish,Threats,806024,396832.3,138017.43,38.91001273,-77.03652298,MPD_EDITOR,2024/09/17 21:58:27+00,MPD,2024/09/18 23:23:39+00,9213,
-8579662.59409107,4713037.55873103,24080307,3900 block 37th St NW,2024/05/24 04:00:00+00,1400,2024/05/28 04:00:00+00,2024,5,2D,Ward 3,Race,Black,Damage/Defacing/Destruction of Property,811757,393721.67,141313.78,38.93969058,-77.0724181,MPD_EDITOR,2024/06/10 21:53:57+00,MPD,2024/06/14 18:49:54+00,9214,
-8573928.7210031,4707482.79096881,24081182,600 block I St NW,2024/05/16 04:00:00+00,1847,2024/05/29 04:00:00+00,2024,5,1D,Ward 2,Ethnicity/National Origin,Jewish,Threats,809882,398186.22,137001.85,38.90086787,-77.02090986,MPD_EDITOR,2024/06/10 21:54:25+00,MPD,2024/06/14 18:47:31+00,9215,
-8577180.85415766,4707550.69086134,24099223,900 block 23rd St NW,2024/06/29 04:00:00+00,0704,2024/06/29 04:00:00+00,2024,6,2D,Ward 2,Race,White,Stalking,807538,395652.11,137055.53,38.90134256,-77.05012426,MPD_EDITOR,2024/07/08 18:26:26+00,MPD,2024/07/09 23:12:29+00,9216,
-8574429.22455237,4717365.48512568,24094815,Piney Branch Rd NW & Van Buren St NW,2024/06/21 04:00:00+00,2113,2024/06/22 04:00:00+00,2024,6,4D,Ward 4,Sexual Orientation,,Sexual Assault,904767,397798.3496,144667.7901,38.96992407,-77.02540595,MPD_EDITOR,2024/07/08 18:26:55+00,MPD,2024/07/09 23:11:39+00,9217,
-8576597.84264197,4708773.72016461,24094900,1500 block 20th St NW,2024/06/22 04:00:00+00,0120,2024/06/22 04:00:00+00,2024,6,2D,Ward 2,Race,Black,Simple Assault,813246,396106.87,138004.37,38.90989217,-77.04488698,MPD_EDITOR,2024/07/08 18:27:27+00,MPD,2024/07/09 23:11:58+00,9218,
-8569358.01338096,4706802.81739449,24090217,1700 block E St NE,2024/06/13 04:00:00+00,2025,2024/06/13 04:00:00+00,2024,6,5D,Ward 7,"Race; Sexual Orientation",White,Simple Assault,804622,401747.94,136474.12,38.89611402,-76.97985051,MPD_EDITOR,2024/07/08 18:23:07+00,MPD,2024/07/09 23:11:09+00,9219,
-8577181.6709383,4707378.12582631,24105537,800 block 23rd St NW,2024/07/10 04:00:00+00,0825,2024/07/10 04:00:00+00,2024,7,2D,Ward 2,Religion,Jewish,Simple Assault,803179,395651.4,136921.61,38.900136,-77.050132,MPD,2024/08/15 21:22:16+00,MPD,2024/08/15 21:37:18+00,9220,
-8574211.02989288,4709899.70021638,24119101,800 block V St NW,2024/08/03 04:00:00+00,2047,2024/08/03 04:00:00+00,2024,8,3D,Ward 1,Sexual Orientation,,Threats,802330,397966.72,138877.34,38.91776245,-77.02344588,MPD_EDITOR,2024/09/17 22:00:14+00,MPD,2024/09/18 23:23:46+00,9221,
-8580801.37873975,4715365.58272777,24119184,4200 block Garrison St NW,2024/08/03 04:00:00+00,2210,2024/08/04 04:00:00+00,2024,8,2D,Ward 3,Race,Black,Threats,808637,392836.42,143120.03,38.955955,-77.08264797,MPD_EDITOR,2024/09/17 22:01:35+00,MPD,2024/09/18 23:23:56+00,9222,
-8573207.03953054,4707390.87644754,24119712, 200 block H St NW,2024/08/05 04:00:00+00,1145,2024/08/05 04:00:00+00,2024,8,1D,Ward 6,Ethnicity/National Origin,Israeli,Damage/Defacing/Destruction of Property,813258,398748.56,136930.41,38.9002253,-77.01442689,MPD_EDITOR,2024/09/17 22:02:44+00,MPD,2024/09/18 23:24:05+00,9223,
-8572610.4393211,4704956.19880549,24121035,E St SE & South Capitol St SE,2024/08/06 04:00:00+00,2157,2024/08/07 04:00:00+00,2024,8,1D,Ward 6,Ethnicity/National Origin,Mexican,Threats,901618,399213.2614,135040.6635,38.8832023,-77.00906754,MPD_EDITOR,2024/09/17 22:04:01+00,MPD,2024/09/18 23:24:13+00,9224,
-8571175.6113323,4704962.79295569,24121223,400 block 7th St SE,2024/08/06 04:00:00+00,1100,2024/08/07 04:00:00+00,2024,8,1D,Ward 6,"Sexual Orientation; Gender Identity/Expression",,Threats,801984,400331.59,135045.75,38.88324841,-76.99617826,MPD_EDITOR,2024/09/17 22:05:27+00,MPD,2024/09/18 23:24:20+00,9225,
-8575450.03652534,4707805.99398556,24121371,1000 block 15th St NW,2024/08/08 04:00:00+00,0426,2024/08/08 04:00:00+00,2024,8,2D,Ward 2,Ethnicity/National Origin,African,Threats,809769,397000.87,137253.03,38.90312735,-77.03457607,MPD_EDITOR,2024/09/17 22:06:15+00,MPD,2024/09/18 23:24:31+00,9226,
-8575160.20296924,4705729.17785147,24122523,14th St SW & Jefferson Dr SW,2024/08/10 04:00:00+00,1047,2024/08/10 04:00:00+00,2024,8,2D,Ward 2,Race,Black,Threats,905429,397226.1434,135641.1101,38.88860732,-77.03197245,MPD_EDITOR,2024/09/17 22:07:05+00,MPD,2024/09/18 23:24:39+00,9227,
-8575345.76018174,4711470.91823388,24122794,1400 block Irving St NW,2024/08/10 04:00:00+00,2302,2024/08/11 04:00:00+00,2024,8,3D,Ward 1,Ethnicity/National Origin,Guatemalan,ADW,809317,397083.17,140096.59,38.92874335,-77.03363933,MPD_EDITOR,2024/09/17 22:07:56+00,MPD,2024/09/18 23:24:50+00,9228,
-8575451.91642656,4707549.68601154,24123407,15th St NW & I St NW,2024/07/27 04:00:00+00,2200,2024/08/12 04:00:00+00,2024,8,2D,Ward 2,Race,Black,Threats,900922,396999.3298,137054.125,38.90133553,-77.03459295,MPD_EDITOR,2024/09/17 22:08:49+00,MPD,2024/09/18 23:24:59+00,9229,
-8572612.14340835,4703612.87513045,24123671,1300 block South Capitol St SW,2024/08/12 04:00:00+00,1804,2024/08/12 04:00:00+00,2024,8,1D,Ward 6/Ward 8,Race,Black,ADW,815287,399211.82937322,133997.84511378,38.87380818,-77.00908285,MPD_EDITOR,2024/09/17 22:09:38+00,MPD,2024/09/18 23:25:21+00,9230,
-8572609.4362465,4706731.33757284,24124057,400 block North Capitol St NW,2024/08/13 04:00:00+00,1300,2024/08/13 04:00:00+00,2024,8,1D,Ward 6,Race,Black,Simple Assault,812700,399167.35,136394.39,38.89561427,-77.00905853,MPD_EDITOR,2024/09/17 22:32:12+00,MPD,2024/09/18 23:25:42+00,9231,
-8578594.39296994,4708159.89405266,22170445,1200 block of Wisconsin Ave NW,2022/11/22 05:00:00+00,1845,2022/11/22 05:00:00+00,2022,11,2D,Ward 2,Ethnicity/National Origin,Indian,Threats,808614,394550.98,137528.97,38.90560134,-77.06282229,,,MPD,2024/02/16 21:02:52+00,9232,
-8568601.65031,4700285.58852735,22171220,3200 block of 23rd St SE,2022/11/24 05:00:00+00,1027,2022/11/24 05:00:00+00,2022,11,7D,Ward 8,Gender Identity/Expression,,Simple Assault,807726,402338.84844812,131414.60088738,38.85053448,-76.97305599,,,MPD,2024/02/16 21:02:52+00,9233,
-8579551.9982903,4709047.66067814,22171473,3600 block of Winfield Ln NW,2022/11/24 05:00:00+00,2356,2022/11/25 05:00:00+00,2022,11,2D,Ward 2,Sexual Orientation,,Damage/Defacing/Destruction of Property,808802,393805.38,138218.4,38.91180702,-77.0714246,,,MPD,2024/02/16 21:02:52+00,9234,
-8574550.13836531,4718867.98990363,22172271,7400 block of Georgia Ave NW,2022/11/26 05:00:00+00,1549,2022/11/26 05:00:00+00,2022,11,4D,Ward 4,Sexual Orientation,,Simple Assault,810166,397704.56,145832.64,38.98041706,-77.02649214,,,MPD,2024/02/16 21:02:52+00,9235,
-8574812.99396059,4707427.33398376,22175199,1200 block of New York Ave NW,2022/12/02 05:00:00+00,0912,2022/12/02 05:00:00+00,2022,12,2D,Ward 2,Sexual Orientation,,Threats,803296,397497.16,136959,38.90048017,-77.02885342,,,MPD,2024/02/16 21:02:52+00,9236,
-8572232.02031915,4708948.56607098,22179501,100 block of Q St NE,2022/12/10 05:00:00+00,0008,2022/12/10 05:00:00+00,2022,12,5D,Ward 5,Gender Identity/Expression,,Threats,806986,399508.4,138139.1,38.91111435,-77.00566814,,,MPD,2024/02/16 21:02:52+00,9237,
-8578075.92100335,4709881.60966051,22184978,Massachusetts Avenue Bridge (Rock Creek Park),2022/12/17 05:00:00+00,0005,2022/12/20 05:00:00+00,2022,12,2D,Ward 2,Ethnicity/National Origin,Jewish,Damage/Defacing/Destruction of Property,310472,394955.81,138864.65,38.91763634,-77.05816478,,,MPD,2024/02/16 21:02:52+00,9238,
-8571041.84215288,4704537.69810282,22184302,700 block of 8th St SE,2022/12/18 05:00:00+00,2139,2022/12/19 05:00:00+00,2022,12,1D,Ward 6,"Sexual Orientation; Gender Identity/Expression",,Threats,802233,400435.87,134715.77,38.88027577,-76.9949766,,,MPD,2024/02/16 21:02:52+00,9239,
-8572590.67131249,4696436.49073385,22183765,Unit block of Galveston St SW,2022/12/18 05:00:00+00,0034,2022/12/18 05:00:00+00,2022,12,7D,Ward 8,Sexual Orientation,,Threats,804808,399228.02425324,128424.52830861,38.82360132,-77.00888996,,,MPD,2024/02/16 21:02:52+00,9240,
-8575775.76188126,4708950.36650454,22184918,1600 block of Q St NW,2022/12/20 05:00:00+00,1314,2022/12/20 05:00:00+00,2022,12,2D,Ward 2,Sexual Orientation,,Threats,802205,396747.43,138141.15,38.91112694,-77.0375021,,,MPD,2024/02/16 21:02:52+00,9241,
-8574317.08355399,4712648.07696628,22189196,3700 block of Georgia Ave NW,2022/12/29 05:00:00+00,1505,2022/12/29 05:00:00+00,2022,12,4D,Ward 4,Sexual Orientation,,Threats,809816,397884.67,141009.47,38.93696915,-77.02439858,,,MPD,2024/02/16 21:02:52+00,9242,
-8576779.51727021,4709702.43173295,23004199,1900 block of Connecticut Ave NW,2023/01/08 05:00:00+00,1648,2023/01/08 05:00:00+00,2023,1,3D,Ward 1/Ward 2,Ethnicity/National Origin,Israeli,Threats,800713,395965.69,138725.05,38.91638366,-77.04651899,,,MPD,2024/10/08 19:07:00+00,9243,
-8579926.02456254,4716452.21621181,23004540,5500 block of Connecticut Ave NW,2023/01/09 05:00:00+00,1145,2023/01/09 05:00:00+00,2023,1,2D,Ward 3,Race,Black,Threats,802348,393518.68,143962.04,38.96354534,-77.07478453,,,MPD,2024/02/16 21:02:52+00,9244,
-8575665.87128661,4709056.57907596,23005354,16th St NW and Corcoran St NW,2023/01/09 05:00:00+00,1116,2023/01/10 05:00:00+00,2023,1,3D,Ward 2,Ethnicity/National Origin,Jewish,Displaying Symbols,901313,396833.07999501,138223.5300137,38.91186936,-77.03651494,,,MPD,2024/02/16 21:02:52+00,9245,
-8576602.31265726,4710011.4874273,23005469,1900 block of Wyoming Ave NW,2023/01/10 05:00:00+00,2010,2023/01/10 05:00:00+00,2023,1,3D,Ward 1,Sexual Orientation,,Threats,801190,396103.86,138964.77,38.91854376,-77.04492713,,,MPD,2024/02/16 21:02:52+00,9246,
-8566840.26221139,4705130.39314698,23008818,3400 block of D St SE,2023/01/17 05:00:00+00,1144,2023/01/14 05:00:00+00,2023,1,6D,Ward 7,Race,White,Threats,801979,403710.57,135176.71,38.88442038,-76.95723317,,,MPD,2024/02/16 21:02:52+00,9247,
-8571146.73478786,4700306.37552195,23009812,2700 block of Martin Luther King Jr Ave SE,2023/01/19 05:00:00+00,0333,2023/01/19 05:00:00+00,2023,1,7D,Ward 8,"Sexual Orientation; Gender Identity/Expression",,Simple Assault,802612,400354.25833428,131430.4068714,38.8506799,-76.99591886,,,MPD,2024/02/16 21:02:52+00,9248,
-8569780.63713782,4706656.222506,23014581,400 block of 15th St NE,2023/01/27 05:00:00+00,1720,2023/01/27 05:00:00+00,2023,1,5D,Ward 6/Ward 7,Race,White,ADW,809954,401418.62,136360.28,38.8950891,-76.983647,,,MPD,2024/10/08 19:09:58+00,9249,
-8574712.40790296,4716228.0499591,23020810,5900 block of Georgia Ave NW,2023/02/07 05:00:00+00,1848,2023/02/07 05:00:00+00,2023,2,4D,Ward 4,Ethnicity/National Origin,Hispanic,Threats,816437,397577.63,143785.94,38.96197956,-77.02794983,,,MPD,2024/02/16 21:02:52+00,9250,
-8572982.2302928,4696608.89252512,23022857,4600 block of Martin Luther King Jr Ave SW,2023/02/11 05:00:00+00,0545,2023/02/11 05:00:00+00,2023,2,7D,Ward 8,Sexual Orientation,,ADW,810760,398922.6,128558.5,38.82480788,-77.0124074,,,MPD,2024/02/16 21:02:52+00,9251,
-8574040.7859631,4707234.16437231,23025439,700 block of 7th St NW,2023/02/16 05:00:00+00,0000,2023/02/16 05:00:00+00,2023,2,1D,Ward 2,Sexual Orientation,,Damage/Defacing/Destruction of Property,803289,398098.85,136808.92,38.89912971,-77.02191656,,,MPD,2024/02/16 21:02:52+00,9252,
-8568491.55090706,4703657.43439805,23026035,2300 block of Pennsylvania Ave SE,2023/02/17 05:00:00+00,0156,2023/02/17 05:00:00+00,2023,2,6D,Ward 7,"Religion; Ethnicity/National Origin","Jewish; Hispanic",ADW,802549,402423.9,134032.77,38.87411981,-76.97206695,,,MPD,2024/02/16 21:02:52+00,9253,
-8574669.24272046,4706979.4075998,23028691,1100 block of F St NW,2023/02/22 05:00:00+00,0006,2023/02/22 05:00:00+00,2023,2,2D,Ward 2,Ethnicity/National Origin,Mexican,Simple Assault,812923,397609.07,136611.34,38.89734864,-77.02756208,,,MPD,2024/02/16 21:02:52+00,9254,
-8577367.32625899,4707079.49391013,23030450,2400 block of Virginia Ave NW,2023/02/25 05:00:00+00,0900,2023/02/25 05:00:00+00,2023,2,2D,Ward 2,Race,Black,Simple Assault,804406,395506.6,136689.93,38.89804837,-77.05179937,,,MPD,2024/02/16 21:02:52+00,9255,
-8575201.3206952,4708136.5413133,23032394,Unit block of Thomas Cir NW,2023/02/28 05:00:00+00,2109,2023/02/28 05:00:00+00,2023,2,3D,Ward 2,Ethnicity/National Origin,Hispanic,Simple Assault,814614,397194.76,137509.47,38.90543809,-77.03234181,,,MPD,2024/02/16 21:02:52+00,9256,
-8578725.03805058,4708095.48651324,23034520,3200 block of M St NW,2023/03/04 05:00:00+00,1518,2023/03/04 05:00:00+00,2023,3,2D,Ward 2,Disability,,Simple Assault,808963,394449.15,137479.06,38.90515109,-77.0639959,,,MPD,2024/02/16 21:02:52+00,9257,
-8569566.4527191,4699970.88192807,23036970,1500 block of Tubman Rd SE,2023/03/08 05:00:00+00,2236,2023/03/08 05:00:00+00,2023,3,7D,Ward 8,Gender Identity/Expression,,Threats,815448,401586.57,131170.01,38.84833278,-76.98172295,,,MPD,2024/02/16 21:02:52+00,9258,
-8572608.53127492,4709001.91575722,23037220,1600 block of North Capitol St NW,2023/03/09 05:00:00+00,1015,2023/03/09 05:00:00+00,2023,3,3D,Ward 5,"Disability; Sexual Orientation",,Simple Assault,806100,399215.06,138180.52,38.91148726,-77.0090504,,,MPD,2024/02/16 21:02:52+00,9259,
-8563181.47732273,4707635.39761212,23038679,900 block of Division Ave NE,2023/03/12 05:00:00+00,0056,2023/03/12 05:00:00+00,2023,3,6D,Ward 7,Gender Identity/Expression,,ADW,801917,406560.62784404,137122.79007668,38.90193473,-76.92436576,,,MPD,2024/02/16 21:02:52+00,9260,
-8568176.54318736,4700458.90044977,23038816,2600 block of Jasper St SE,2023/03/12 05:00:00+00,1136,2023/03/12 05:00:00+00,2023,3,7D,Ward 8,Sexual Orientation,,Simple Assault,812685,402670.29027243,131549.29839151,38.85174695,-76.96923719,,,MPD,2024/02/16 21:02:52+00,9261,
-8571832.00690156,4697165.63764875,23039691,4000 block of 3rd St SE,2023/03/13 04:00:00+00,2355,2023/03/14 04:00:00+00,2023,3,7D,Ward 8,Sexual Orientation,,ADW,805571,399819.84684579,128990.93938113,38.82870413,-77.00207477,,,MPD,2024/02/16 21:02:52+00,9262,
-8579189.12797648,4709679.86505172,23041674,2000 block of Wisconsin Ave NW,2023/03/15 04:00:00+00,1000,2023/03/15 04:00:00+00,2023,3,2D,Ward 2,"Sexual Orientation; Ethnicity/National Origin",Jewish,Displaying Symbols,813331,394088.46,138708.72,38.91622593,-77.06816488,,,MPD,2024/02/16 21:02:52+00,9263,
-8575885.51241382,4708791.14826013,23044107,1500 block of 17th St NW,2023/03/21 04:00:00+00,0200,2023/03/21 04:00:00+00,2023,3,2D,Ward 2,Gender Identity/Expression,,Simple Assault,811596,396661.87,138017.64,38.910014,-77.03848801,,,MPD,2024/02/16 21:02:52+00,9264,
-8578641.05052775,4708391.00979602,23048529,1300 block of Wisconsin Ave NW,2023/03/22 04:00:00+00,1730,2023/03/29 04:00:00+00,2023,3,2D,Ward 2,Ethnicity/National Origin,Asian,Simple Assault,813224,394514.75,137708.34,38.90721694,-77.06324142,,,MPD,2024/02/16 21:02:52+00,9265,
-8573484.2196042,4707719.11913025,23047558,400 block of K St NW,2023/03/27 04:00:00+00,2130,2023/03/27 04:00:00+00,2023,3,1D,Ward 6,Race,Black,Simple Assault,816529,398532.62,137185.18,38.90252002,-77.01691684,,,MPD,2024/02/16 21:02:52+00,9266,
-8576045.8244129,4712129.29169845,23049248,3300 block of Mount Pleasant St NW,2023/03/30 04:00:00+00,1026,2023/03/30 04:00:00+00,2023,3,3D,Ward 1,Sexual Orientation,,Simple Assault,810585,396538.1,140607.53,38.93334408,-77.03992812,,,MPD,2024/02/16 21:02:52+00,9267,
-8576696.49159061,4707719.73822176,23051463,2000 block of K St NW,2023/04/03 04:00:00+00,0530,2023/04/03 04:00:00+00,2023,4,2D,Ward 2,Sex/Gender,Female,Stalking,808360,396029.6,137186.52,38.90252435,-77.04577316,,,MPD,2024/02/16 21:02:52+00,9268,
-8577378.87664313,4710820.76959092,23052199,2600 block of Connecticut Ave NW,2023/04/04 04:00:00+00,1818,2023/04/04 04:00:00+00,2023,4,2D,Ward 3,Ethnicity/National Origin,Mexican,Threats,807493,395499.25,139592.96,38.92419981,-77.05190312,,,MPD,2024/02/16 21:02:52+00,9269,
-8573346.16875466,4707719.14388222,23059757,300 block of K St NW,2023/04/17 04:00:00+00,1048,2023/04/17 04:00:00+00,2023,4,1D,Ward 6,Sexual Orientation,,Sex Abuse,815026,398640.19,137185.18,38.90252019,-77.01567671,,,MPD,2024/02/16 21:02:52+00,9270,
-8578128.64615559,4708106.17214779,23060846,2900 block of M St NW,2023/04/19 04:00:00+00,1032,2023/04/19 04:00:00+00,2023,4,2D,Ward 2,Race,Black,ADW,801907,394913.85,137487.04,38.90522579,-77.05863842,,,MPD,2024/02/16 21:02:52+00,9271,
-8574610.68313571,4708661.84621782,23062432,1400 block of 11th St NW,2023/04/22 04:00:00+00,0633,2023/04/22 04:00:00+00,2023,4,3D,Ward 2,Sexual Orientation,,Simple Assault,808416,397655.09,137916.95,38.90911016,-77.02703603,,,MPD,2024/02/16 21:02:52+00,9272,
-8579647.70193156,4710436.14068665,23065693,2400 block of Wisconsin Ave NW,2023/04/27 04:00:00+00,2052,2023/04/27 04:00:00+00,2023,4,2D,Ward 3,Race,Black,Simple Assault,808981,393731.67,139295.76,38.92151171,-77.07228432,,,MPD,2024/02/16 21:02:52+00,9273,
-8576344.73620095,4706368.06686839,23076522,1800 block of Virginia Ave NW,2023/05/11 04:00:00+00,1100,2023/05/15 04:00:00+00,2023,5,2D,Ward 2,Ethnicity/National Origin,Jewish,Displaying Symbols,800185,396303.2,136137.37,38.89307442,-77.04261329,,,MPD,2024/02/16 21:02:52+00,9274,
-8575885.51241382,4708791.14826013,23075909,1500 block of 17th St NW,2023/05/14 04:00:00+00,1811,2023/05/14 04:00:00+00,2023,5,2D,Ward 2,Sexual Orientation,,Simple Assault,811596,396661.87,138017.64,38.910014,-77.03848801,,,MPD,2024/02/16 21:02:52+00,9275,
-8574574.24492423,4712096.51949774,23077757,3500 block of New Hampshire Ave NW,2023/05/17 04:00:00+00,1510,2023/05/17 04:00:00+00,2023,5,4D,Ward 1,Ethnicity/National Origin,Hispanic,Threats,806387,397684.26,140581.69,38.93311507,-77.0267087,,,MPD,2024/02/16 21:02:52+00,9276,
-8570190.19148363,4697652.1700806,23077790,Southern Ave SE and Wheeler Rd SE,2023/05/17 04:00:00+00,1539,2023/05/17 04:00:00+00,2023,5,7D,Ward 8,Sexual Orientation,,Simple Assault,904869,401100.43001497,129368.96002149,38.83210885,-76.98732609,,,MPD,2024/02/16 21:02:52+00,9277,
-8579748.33064085,4710998.10369822,23078901,2700 block of Wisconsin Ave NW,2023/05/19 04:00:00+00,1300,2023/05/19 04:00:00+00,2023,5,2D,Ward 3,Race,White,Threats,806797,393653.63,139731.8,38.92543914,-77.07318829,,,MPD,2024/02/16 21:02:52+00,9278,
